step,loss,grad_norm,learning_rate,num_tokens,completions/mean_length,completions/min_length,completions/max_length,completions/clipped_ratio,completions/mean_terminated_length,completions/min_terminated_length,completions/max_terminated_length,rewards/reward_func/mean,rewards/reward_func/std,reward,reward_std,frac_reward_zero_std,kl,entropy,clip_ratio/low_mean,clip_ratio/low_min,clip_ratio/high_mean,clip_ratio/high_max,clip_ratio/region_mean,epoch
0,-0.0626,0.4672642946243286,1.3368983957219251e-07,5288.0,184.5,136.0,242.0,0.375,104.02083587646484,72.0,150.0,0.3125,0.375,0.3125,0.375,0.25,0.0,0.45576465129852295,0.0,0.0,0.0,0.0,0.0,0.0
1,-0.1589,0.8470379114151001,4.010695187165776e-07,10922.0,194.625,122.0,232.75,0.25,182.20833587646484,122.0,218.5,0.3125,0.41367512941360474,0.3125,0.41367512941360474,0.25,3.4141238529628026e-06,0.2556484639644623,0.0,0.0,0.0,0.0,0.0,0.0
2,-0.2993,0.8532580137252808,6.684491978609626e-07,15203.0,122.8125,52.25,207.75,0.0,122.8125,52.25,207.75,0.5625,0.375,0.5625,0.375,0.25,5.281341032059572e-06,0.38806284219026566,0.0,0.0,0.0,0.0,0.0,0.0
3,-0.3286,1.7433345317840576,9.358288770053476e-07,20034.0,159.4375,95.5,206.0,0.3125,126.25,95.5,158.25,0.0625,0.125,0.0625,0.125,0.75,1.38406664973445e-05,0.43619439750909805,0.0,0.0,0.0,0.0,0.0,0.0
4,-0.2228,1.232619047164917,1.2032085561497326e-06,24472.0,140.625,77.0,204.0,0.125,126.72917175292969,77.0,179.5,0.625,0.39433756470680237,0.625,0.39433756470680237,0.25,3.295016460924671e-05,0.38548387587070465,0.0,0.0,0.0,0.0,0.0,0.0
5,-0.2275,0.000322765379678458,1.4705882352941177e-06,29308.0,155.75,55.75,243.5,0.3125,105.77083396911621,55.75,139.75,0.25,0.25,0.25,0.25,0.5,2.6871120098803658e-05,0.4267961233854294,0.0,0.0,0.0,0.0,0.0,0.0
6,0.0517,0.6955459117889404,1.7379679144385028e-06,35061.0,209.5625,166.0,232.75,0.1875,201.47916793823242,166.0,224.0,0.4375,0.26933756470680237,0.4375,0.26933756470680237,0.5,3.630212813732214e-05,0.4161703661084175,0.0,0.0,0.0,0.0,0.0,0.0
7,-0.3719,1.0332865715026855,2.0053475935828877e-06,38549.0,100.25,57.25,148.0,0.0,100.25,57.25,148.0,0.5625,0.375,0.5625,0.375,0.25,0.00021095100510137854,0.413534514605999,0.0,0.0,0.0,0.0,0.0,0.0
8,-0.3405,1.2787675857543945,2.2727272727272728e-06,43248.0,156.6875,85.0,226.0,0.3125,111.22916793823242,85.0,144.25,0.4375,0.26933756470680237,0.4375,0.26933756470680237,0.5,0.00030993385007604957,0.32254495471715927,0.0,0.0,0.0,0.0,0.0,0.0
9,-0.0075,0.7093778848648071,2.540106951871658e-06,48573.0,170.8125,131.5,213.0,0.125,159.0625,131.5,189.5,0.625,0.5386751294136047,0.625,0.5386751294136047,0.0,0.00012946146489412058,0.39340198785066605,0.0,0.0,0.0,0.0,0.0,0.01
10,0.0339,0.6166383624076843,2.807486631016043e-06,53018.0,147.0625,116.75,194.75,0.0625,140.5625,116.75,178.0,0.875,0.25,0.875,0.25,0.5,0.0005913268141739536,0.3606281876564026,0.0,0.0,0.0,0.0,0.0,0.01
11,0.0515,0.4637828767299652,3.074866310160428e-06,58102.0,171.25,123.0,226.25,0.1875,154.68750381469727,123.0,191.25,0.6875,0.125,0.6875,0.125,0.75,0.0001337478606728837,0.3304067477583885,0.0,0.0,0.0,0.0,0.0,0.01
12,0.1513,0.7566456198692322,3.342245989304813e-06,62626.0,153.25,93.75,216.5,0.1875,138.04166793823242,93.75,174.5,0.5,0.25,0.5,0.25,0.5,0.0010024738367064856,0.32676640897989273,0.0,0.0,0.0,0.0,0.0,0.01
13,0.0117,0.7702270150184631,3.6096256684491977e-06,68551.0,208.3125,169.25,242.0,0.375,136.35416793823242,105.25,159.75,0.375,0.39433756470680237,0.375,0.39433756470680237,0.25,0.00021959745208732784,0.31289881467819214,0.0,0.0,0.0,0.0,0.0,0.01
14,-0.3837,0.660724937915802,3.877005347593583e-06,73717.0,163.625,90.75,213.0,0.1875,152.1875,90.75,191.25,0.75,0.39433756470680237,0.75,0.39433756470680237,0.25,0.0008736787258385448,0.35117629170417786,0.0,0.0,0.0,0.0,0.0,0.01
15,-0.1398,0.6163777709007263,4.144385026737968e-06,78321.0,148.25,97.0,234.25,0.125,132.75,97.0,190.25,0.5,0.39433756470680237,0.5,0.39433756470680237,0.25,0.0006308666197583079,0.38942544162273407,0.0,0.0,0.0,0.0,0.0,0.01
16,-0.2572,0.43952977657318115,4.411764705882353e-06,82775.0,148.875,102.25,185.25,0.125,142.1875,102.25,178.75,0.5625,0.26933756470680237,0.5625,0.26933756470680237,0.5,0.0054194676340557635,0.3568623214960098,0.0,0.0,0.0,0.0,0.0,0.01
17,0.0559,0.7846346497535706,4.6791443850267385e-06,87555.0,159.25,102.75,211.5,0.0625,155.0625,102.75,210.75,0.625,0.4330126941204071,0.625,0.4330126941204071,0.25,0.0005584384343819693,0.3828560784459114,0.0,0.0,0.0,0.0,0.0,0.01
18,-0.0832,0.4538815915584564,4.9465240641711236e-06,92279.0,168.5,107.5,211.75,0.125,160.06250381469727,107.5,202.0,0.625,0.14433756470680237,0.625,0.14433756470680237,0.75,0.0008217269351007417,0.3439745083451271,0.0,0.0,0.0,0.0,0.0,0.01
19,-0.037,0.0012613156577572227,5.213903743315509e-06,97117.0,159.875,127.75,211.5,0.0,159.875,127.75,211.5,0.8125,0.26933756470680237,0.8125,0.26933756470680237,0.5,0.0006998850440140814,0.3330593928694725,0.0,0.0,0.0,0.0,0.0,0.01
20,0.1849,0.7982007265090942,5.481283422459893e-06,102172.0,179.9375,109.5,256.0,0.25,154.5833396911621,109.5,198.75,0.3125,0.375,0.3125,0.375,0.25,0.0009132518898695707,0.4011355862021446,0.0,0.0,0.0,0.0,0.0,0.01
21,-0.0399,0.8576658368110657,5.748663101604279e-06,107532.0,196.75,151.5,237.75,0.3125,177.10416793823242,151.5,203.75,0.5,0.28867512941360474,0.5,0.28867512941360474,0.5,0.0013335329131223261,0.38357488065958023,0.0,0.0,0.0,0.0,0.0,0.01
22,0.0246,0.762748122215271,6.016042780748663e-06,112469.0,161.3125,116.5,214.75,0.0625,156.35416793823242,116.5,211.0,0.5,0.5386751294136047,0.5,0.5386751294136047,0.0,0.0012910022924188524,0.3304450735449791,0.0,0.0,0.0,0.0,0.0,0.01
23,0.0704,0.5873014330863953,6.283422459893049e-06,117759.0,172.125,125.25,235.25,0.1875,153.70833587646484,125.25,191.0,0.6875,0.125,0.6875,0.125,0.75,0.0015153016429394484,0.3482833281159401,0.0,0.0,0.0,0.0,0.0,0.01
24,0.0,0.0018177623860538006,6.550802139037433e-06,122690.0,160.1875,123.75,186.0,0.125,151.6875,123.75,172.5,0.5,0.0,0.5,0.0,1.0,0.0013564917462645099,0.3516838811337948,0.0,0.0,0.0,0.0,0.0,0.01
25,-0.1125,0.7799695134162903,6.818181818181818e-06,127246.0,140.0,95.0,179.25,0.125,129.3125,95.0,172.75,0.4375,0.26933756470680237,0.4375,0.26933756470680237,0.5,0.002123153244610876,0.4336029589176178,0.0,0.0,0.0,0.0,0.0,0.01
26,-0.0386,0.0032693613320589066,7.085561497326204e-06,133019.0,194.3125,141.25,232.25,0.1875,182.79166793823242,141.25,222.5,0.375,0.14433756470680237,0.375,0.14433756470680237,0.75,0.0015832276840228587,0.44744423776865005,0.0,0.0,0.0,0.0,0.0,0.01
27,0.029,0.689765214920044,7.3529411764705884e-06,137806.0,144.1875,118.5,183.5,0.0625,137.16666793823242,118.5,160.75,0.5625,0.375,0.5625,0.375,0.25,0.0013911137211835012,0.34769992530345917,0.0,0.0,0.0,0.0,0.0,0.02
28,0.0686,0.46094611287117004,7.6203208556149735e-06,143132.0,189.875,145.75,226.75,0.25,176.60416793823242,145.75,215.75,0.6875,0.41367512941360474,0.6875,0.41367512941360474,0.25,0.0020448594295885414,0.2986893951892853,0.0,0.0,0.0,0.0,0.0,0.02
29,-0.2545,0.9842010140419006,7.887700534759358e-06,148033.0,168.0625,106.25,214.0,0.125,161.2916717529297,106.25,204.5,0.5,0.5,0.5,0.5,0.0,0.0026710985403042287,0.3942771479487419,0.0,0.0,0.0,0.0,0.0,0.02
30,0.1834,0.7934918999671936,8.155080213903744e-06,153064.0,170.1875,125.25,230.75,0.1875,153.7083339691162,125.25,187.75,0.75,0.39433756470680237,0.75,0.39433756470680237,0.25,0.001956718013389036,0.265901081264019,0.0,0.0,0.0,0.0,0.0,0.02
31,0.1743,0.7421895861625671,8.42245989304813e-06,157970.0,174.125,140.5,219.75,0.125,162.06250381469727,140.5,182.75,0.625,0.39433756470680237,0.625,0.39433756470680237,0.25,0.0016081682842923328,0.3419706001877785,0.0,0.0,0.0,0.0,0.0,0.02
32,-0.0898,0.5814019441604614,8.689839572192514e-06,162937.0,169.9375,119.75,226.25,0.0625,163.0625,119.75,202.0,0.6875,0.125,0.6875,0.125,0.75,0.0025815977714955807,0.2936750054359436,0.0,0.0,0.0,0.0,0.0,0.02
33,0.1659,0.7943450808525085,8.957219251336898e-06,167919.0,169.625,118.75,227.25,0.125,157.93750381469727,118.75,196.0,0.625,0.39433756470680237,0.625,0.39433756470680237,0.25,0.001720465807011351,0.30699561536312103,0.0,0.0,0.0,0.0,0.0,0.02
34,0.1833,0.7898139953613281,9.224598930481284e-06,173008.0,173.0625,123.75,220.5,0.0625,169.85416793823242,123.75,216.0,0.4375,0.5193375647068024,0.4375,0.5193375647068024,0.0,0.0015190709673333913,0.36061548441648483,0.0,0.0,0.0,0.0,0.0,0.02
35,0.1644,1.3071155548095703,9.49197860962567e-06,177382.0,134.125,75.5,179.75,0.125,110.3125,75.5,138.0,0.5,0.39433756470680237,0.5,0.39433756470680237,0.25,0.005761100328527391,0.42427491024136543,0.0,0.0,0.0,0.0,0.0,0.02
36,-0.0142,0.003637507790699601,9.759358288770054e-06,181553.0,122.9375,92.25,150.75,0.0,122.9375,92.25,150.75,0.875,0.14433756470680237,0.875,0.14433756470680237,0.75,0.0027344936970621347,0.41606777906417847,0.0,0.0,0.0,0.0,0.0,0.02
37,-0.0082,0.4280821979045868,1.0026737967914438e-05,187042.0,199.8125,173.25,228.25,0.0625,197.89583587646484,173.25,226.25,0.75,0.25,0.75,0.25,0.5,0.0015169883845373988,0.31674160063266754,0.0,0.0,0.0,0.0,0.0,0.02
38,0.0525,0.7591027617454529,1.0294117647058824e-05,191880.0,166.625,126.0,205.0,0.125,157.0,126.0,189.75,0.5,0.39433756470680237,0.5,0.39433756470680237,0.25,0.0026462137466296554,0.3065839298069477,0.0,0.0,0.0,0.0,0.0,0.02
39,0.0488,0.47813674807548523,1.056149732620321e-05,197103.0,176.4375,133.25,232.0,0.0625,172.4375,133.25,224.25,0.3125,0.26933756470680237,0.3125,0.26933756470680237,0.5,0.0014305122313089669,0.3749522268772125,0.0,0.0,0.0,0.0,0.0,0.02
40,0.0034,0.5008901357650757,1.0828877005347594e-05,201693.0,152.375,123.25,188.25,0.0625,146.89583587646484,123.25,175.5,0.5625,0.26933756470680237,0.5625,0.26933756470680237,0.5,0.0025818563299253583,0.3051474764943123,0.0,0.0,0.0,0.0,0.0,0.02
41,0.006,1.3870080709457397,1.1096256684491979e-05,205924.0,130.6875,99.25,188.0,0.0625,122.29166793823242,99.25,155.5,0.625,0.5386751294136047,0.625,0.5386751294136047,0.0,0.00297096639405936,0.395215705037117,0.0,0.0,0.0,0.0,0.0,0.02
42,-0.0018,0.002422872930765152,1.1363636363636365e-05,210383.0,142.6875,103.0,173.25,0.0,142.6875,103.0,173.25,0.625,0.25,0.625,0.25,0.5,0.002724784950260073,0.37155643105506897,0.0,0.0,0.0,0.0,0.0,0.02
43,0.2629,0.743429958820343,1.163101604278075e-05,215647.0,171.25,129.75,232.75,0.1875,153.1666717529297,129.75,170.0,0.5,0.5386751294136047,0.5,0.5386751294136047,0.0,0.0016929689736571163,0.3807617761194706,0.0,0.0,0.0,0.0,0.0,0.02
44,0.0304,1.1347057819366455,1.1898395721925135e-05,220668.0,166.5625,108.0,227.25,0.25,139.91666793823242,108.0,182.75,0.375,0.39433756470680237,0.375,0.39433756470680237,0.25,0.002922205749200657,0.39587925374507904,0.0,0.0,0.0,0.0,0.0,0.02
45,0.2387,0.9924958944320679,1.2165775401069519e-05,225310.0,160.625,125.5,219.5,0.125,146.52083587646484,125.5,177.0,0.4375,0.5193375647068024,0.4375,0.5193375647068024,0.0,0.0030010583577677608,0.43356621265411377,0.0,0.0,0.0,0.0,0.0,0.02
46,0.0353,0.5438613295555115,1.2433155080213903e-05,230580.0,179.625,130.25,232.25,0.0625,175.22916793823242,130.25,223.25,0.4375,0.26933756470680237,0.4375,0.26933756470680237,0.5,0.0035427851835265756,0.40440521761775017,0.0,0.0,0.0,0.0,0.0,0.03
47,0.0005,0.5114670991897583,1.2700534759358291e-05,235756.0,192.25,113.5,256.0,0.375,155.7916717529297,113.5,184.5,0.125,0.25,0.125,0.25,0.5,0.0026952721527777612,0.395585760474205,0.0,0.0,0.0,0.0,0.0,0.03
48,-0.1064,0.6995601654052734,1.2967914438502673e-05,240081.0,128.0625,94.5,182.25,0.0,128.0625,94.5,182.25,0.875,0.14433756470680237,0.875,0.14433756470680237,0.75,0.004165753081906587,0.33090387284755707,0.0,0.0,0.0,0.0,0.0,0.03
49,0.137,0.5136974453926086,1.323529411764706e-05,244986.0,159.0625,116.25,218.5,0.125,145.16666793823242,116.25,177.0,0.75,0.39433756470680237,0.75,0.39433756470680237,0.25,0.009861256286967546,0.30117178335785866,0.0,0.0,0.0,0.0,0.0,0.03
50,-0.0115,0.5062701106071472,1.3502673796791445e-05,250291.0,174.8125,142.5,193.75,0.375,151.1875,142.5,162.25,0.375,0.25,0.375,0.25,0.5,0.003990583762060851,0.3350670859217644,0.0,0.0,0.0,0.0,0.0,0.03
51,-0.0103,0.4310259521007538,1.377005347593583e-05,255308.0,167.3125,120.5,217.25,0.125,164.75,120.5,216.0,0.5625,0.125,0.5625,0.125,0.75,0.005624668789096177,0.28385771065950394,0.0,0.0,0.0,0.0,0.0,0.03
52,-0.0656,0.8349957466125488,1.4037433155080215e-05,260531.0,178.9375,130.0,213.25,0.125,173.0625,130.0,209.75,0.5625,0.5193375647068024,0.5625,0.5193375647068024,0.0,0.005344424280337989,0.4123595729470253,0.0,0.0,0.0,0.0,0.0,0.03
53,0.1721,0.7158863544464111,1.4304812834224598e-05,265450.0,166.1875,135.75,193.5,0.125,157.6875,135.75,181.25,0.6875,0.375,0.6875,0.375,0.25,0.0070353863993659616,0.2607754170894623,0.0,0.0,0.0,0.0,0.0,0.03
54,-0.0336,0.6133511066436768,1.4572192513368984e-05,269373.0,116.1875,80.25,149.5,0.0,116.1875,80.25,149.5,0.875,0.25,0.875,0.25,0.5,0.008423658087849617,0.37196194380521774,0.0,0.0,0.0,0.0,0.0,0.03
55,-0.0049,0.005888137500733137,1.4839572192513372e-05,274386.0,161.3125,111.25,217.75,0.125,149.875,111.25,200.75,0.6875,0.125,0.6875,0.125,0.75,0.00702458992600441,0.3571440577507019,0.0,0.0,0.0,0.0,0.0,0.03
56,0.0452,0.0029253081884235144,1.5106951871657754e-05,280335.0,221.3125,179.25,256.0,0.625,135.25,115.25,154.75,0.125,0.14433756470680237,0.125,0.14433756470680237,0.75,0.005145174567587674,0.3445710763335228,0.0,0.0,0.0,0.0,0.0,0.03
57,-0.0333,0.8076484799385071,1.5374331550802142e-05,284954.0,159.6875,124.0,203.5,0.125,149.6666717529297,124.0,177.0,0.625,0.39433756470680237,0.625,0.39433756470680237,0.25,0.0076200272887945175,0.37540146708488464,0.0,0.0,0.0,0.0,0.0,0.03
58,0.057,0.5200030207633972,1.5641711229946524e-05,290213.0,178.6875,120.25,233.5,0.1875,159.875,120.25,193.5,0.4375,0.125,0.4375,0.125,0.75,0.00513279001461342,0.3624509796500206,0.0,0.0,0.0,0.0,0.0,0.03
59,0.0791,0.006775295361876488,1.590909090909091e-05,294895.0,160.875,109.25,219.75,0.0625,154.04166793823242,109.25,202.0,0.75,0.28867512941360474,0.75,0.28867512941360474,0.5,0.00901994458399713,0.3250964730978012,0.0,0.0,0.0,0.0,0.0,0.03
60,-0.0516,0.46416279673576355,1.6176470588235296e-05,299126.0,131.4375,80.75,175.0,0.0,131.4375,80.75,175.0,0.625,0.25,0.625,0.25,0.5,0.0075974572682753205,0.30550815537571907,0.0,0.0,0.0,0.0,0.0,0.03
61,-0.0773,0.9156848788261414,1.644385026737968e-05,303752.0,145.125,105.75,172.25,0.0,145.125,105.75,172.25,0.6875,0.41367512941360474,0.6875,0.41367512941360474,0.25,0.00835246592760086,0.29315653443336487,0.0,0.0,0.0,0.0,0.0,0.03
62,-0.0318,0.47054383158683777,1.6711229946524065e-05,308641.0,169.8125,141.5,188.5,0.125,164.625,141.5,186.25,0.75,0.25,0.75,0.25,0.5,0.005943313590250909,0.2262795828282833,0.0,0.0,0.0,0.0,0.0,0.03
63,0.1619,0.8089655637741089,1.697860962566845e-05,314036.0,177.6875,149.5,211.75,0.0625,171.4375,149.5,190.25,0.6875,0.375,0.6875,0.375,0.25,0.004888833325821906,0.37095341831445694,0.0,0.0,0.0,0.0,0.0,0.03
64,-0.0213,0.0055324542336165905,1.7245989304812833e-05,318289.0,137.8125,108.75,170.0,0.0,137.8125,108.75,170.0,0.9375,0.125,0.9375,0.125,0.75,0.006537304725497961,0.2304191254079342,0.0,0.0,0.0,0.0,0.0,0.03
65,0.1653,0.6524293422698975,1.7513368983957222e-05,323447.0,184.375,126.5,226.5,0.25,166.70833587646484,126.5,202.25,0.5625,0.41367512941360474,0.5625,0.41367512941360474,0.25,0.005018871743232012,0.30594927072525024,0.0,0.0,0.0,0.0,0.0,0.04
66,-0.1604,0.6147828102111816,1.7780748663101605e-05,328460.0,175.3125,124.25,235.0,0.1875,157.02083778381348,124.25,184.5,0.6875,0.41367512941360474,0.6875,0.41367512941360474,0.25,0.004783497890457511,0.3622739017009735,0.0,0.0,0.0,0.0,0.0,0.04
67,0.0001,0.0038854910526424646,1.804812834224599e-05,332542.0,118.375,96.75,138.75,0.0,118.375,96.75,138.75,0.75,0.0,0.75,0.0,1.0,0.00650811824016273,0.2924940884113312,0.0,0.0,0.0,0.0,0.0,0.04
68,0.0638,0.6909549236297607,1.8315508021390377e-05,337037.0,143.9375,77.5,220.75,0.3125,99.0625,77.5,123.0,0.5625,0.26933756470680237,0.5625,0.26933756470680237,0.5,0.005913839442655444,0.3848040997982025,0.0,0.0,0.0,0.0,0.0,0.04
69,0.0217,0.50937420129776,1.858288770053476e-05,342637.0,183.75,129.5,226.25,0.25,158.08333587646484,129.5,195.0,0.375,0.14433756470680237,0.375,0.14433756470680237,0.75,0.005388451856561005,0.3903254345059395,0.0,0.0,0.0,0.0,0.0,0.04
70,-0.0208,0.8063967227935791,1.8850267379679145e-05,347414.0,158.3125,133.75,176.0,0.0,158.3125,133.75,176.0,0.75,0.39433756470680237,0.75,0.39433756470680237,0.25,0.005229055765084922,0.26649222895503044,0.0,0.0,0.0,0.0,0.0,0.04
71,-0.0992,0.5503210425376892,1.9117647058823528e-05,351410.0,118.5,95.25,156.0,0.0,118.5,95.25,156.0,0.5625,0.125,0.5625,0.125,0.75,0.006439951597712934,0.36428432166576385,0.0,0.0,0.0,0.0,0.0,0.04
72,-0.0435,0.002853222656995058,1.9385026737967914e-05,356419.0,165.3125,112.0,224.0,0.125,155.66666793823242,112.0,209.75,0.8125,0.125,0.8125,0.125,0.75,0.004526313452515751,0.31208336353302,0.0,0.0,0.0,0.0,0.0,0.04
73,-0.1572,0.7573421597480774,1.96524064171123e-05,361602.0,157.4375,108.25,204.5,0.0625,153.54166793823242,108.25,195.5,0.625,0.39433756470680237,0.625,0.39433756470680237,0.25,0.004580829641781747,0.2643876373767853,0.0,0.0,0.0,0.0,0.0,0.04
74,-0.0525,0.8717551827430725,1.9919786096256686e-05,366514.0,147.0,110.0,194.0,0.0625,139.60416793823242,110.0,171.5,0.6875,0.375,0.6875,0.375,0.25,0.004725920152850449,0.32943596690893173,0.0,0.0,0.0,0.0,0.0,0.04
75,0.014,0.5327827334403992,2.018716577540107e-05,371765.0,179.4375,143.5,215.5,0.1875,169.91666793823242,143.5,194.25,0.375,0.4330126941204071,0.375,0.4330126941204071,0.25,0.004733334470074624,0.35516632348299026,0.0,0.0,0.0,0.0,0.0,0.04
76,-0.0917,0.6096967458724976,2.0454545454545457e-05,376417.0,149.75,126.0,181.25,0.125,142.125,126.0,166.75,0.4375,0.26933756470680237,0.4375,0.26933756470680237,0.5,0.006303286412730813,0.3532128632068634,0.0,0.0,0.0,0.0,0.0,0.04
77,0.0778,0.004035995341837406,2.072192513368984e-05,380728.0,138.4375,97.5,182.5,0.0625,132.54166793823242,97.5,163.75,0.875,0.14433756470680237,0.875,0.14433756470680237,0.75,0.006002502399496734,0.3554886057972908,0.0,0.0,0.0,0.0,0.0,0.04
78,0.0367,0.004552334081381559,2.0989304812834226e-05,386137.0,185.0625,133.5,216.5,0.25,164.75,133.5,187.25,0.3125,0.125,0.3125,0.125,0.75,0.0055836092797107995,0.40828007459640503,0.0,0.0,0.0,0.0,0.0,0.04
79,0.1056,0.7210257053375244,2.125668449197861e-05,390879.0,139.875,107.5,175.5,0.125,126.3125,107.5,148.75,0.625,0.25,0.625,0.25,0.5,0.005759975174441934,0.3214907944202423,0.0,0.0,0.0,0.0,0.0,0.04
80,0.0713,0.5516826510429382,2.1524064171122994e-05,395196.0,128.0625,103.75,166.25,0.0,128.0625,103.75,166.25,0.875,0.14433756470680237,0.875,0.14433756470680237,0.75,0.006178047857247293,0.20915726572275162,0.0,0.0,0.0,0.0,0.0,0.04
81,0.0938,0.006803213618695736,2.179144385026738e-05,399560.0,135.25,104.0,158.75,0.0,135.25,104.0,158.75,0.8125,0.125,0.8125,0.125,0.75,0.007543215644545853,0.29751590825617313,0.0,0.0,0.0,0.0,0.0,0.04
82,0.0001,0.003843985963612795,2.2058823529411766e-05,405219.0,208.9375,191.5,224.75,0.4375,138.5625,127.5,152.25,0.25,0.0,0.25,0.0,1.0,0.005839984281919897,0.3221145197749138,0.0,0.0,0.0,0.0,0.0,0.04
83,0.0506,0.0038366063963621855,2.2326203208556152e-05,411387.0,215.5,177.0,245.75,0.375,199.35416793823242,177.0,226.5,0.375,0.14433756470680237,0.375,0.14433756470680237,0.75,0.004345332738012075,0.27988994121551514,0.0,0.0,0.0,0.0,0.0,0.05
84,0.0603,0.004045030567795038,2.2593582887700535e-05,416462.0,170.9375,107.75,217.5,0.1875,136.4375,107.75,171.5,0.5625,0.125,0.5625,0.125,0.75,0.00700269261142239,0.3186752274632454,0.0,0.0,0.0,0.0,0.0,0.05
85,-0.0539,1.0325194597244263,2.286096256684492e-05,421268.0,164.375,141.5,193.5,0.1875,156.29166793823242,141.5,175.75,0.25,0.39433756470680237,0.25,0.39433756470680237,0.25,0.013561505591496825,0.3642074912786484,0.0,0.0,0.0,0.0,0.0,0.05
86,-0.0026,0.5071271657943726,2.3128342245989306e-05,425657.0,124.0625,89.75,172.75,0.0,124.0625,89.75,172.75,0.5625,0.375,0.5625,0.375,0.25,0.017560315784066916,0.4221619740128517,0.0,0.0,0.0,0.0,0.0,0.05
87,0.0185,0.005256426986306906,2.339572192513369e-05,430752.0,174.4375,149.0,193.75,0.125,172.25,149.0,193.25,0.375,0.25,0.375,0.25,0.5,0.009860914200544357,0.28974244743585587,0.0,0.0,0.0,0.0,0.0,0.05
88,0.0943,0.003508106805384159,2.3663101604278075e-05,436297.0,193.8125,163.25,228.75,0.3125,122.52083587646484,99.25,146.75,0.5625,0.125,0.5625,0.125,0.75,0.007412652252241969,0.38460902124643326,0.0,0.0,0.0,0.0,0.0,0.05
89,0.0002,0.00879710167646408,2.393048128342246e-05,440930.0,138.0625,84.0,169.25,0.1875,100.1875,84.0,118.75,0.75,0.0,0.75,0.0,1.0,0.01025735936127603,0.3334666080772877,0.0,0.0,0.0,0.0,0.0,0.05
90,0.106,0.48430484533309937,2.4197860962566847e-05,446042.0,174.0,119.75,206.25,0.1875,159.41666793823242,119.75,192.75,0.5625,0.125,0.5625,0.125,0.75,0.009415860171429813,0.30071092396974564,0.0,0.0,0.0,0.0,0.0,0.05
91,-0.0595,0.003997459542006254,2.4465240641711233e-05,450348.0,135.875,118.25,168.5,0.0,135.875,118.25,168.5,0.9375,0.125,0.9375,0.125,0.75,0.010172751965001225,0.2416575849056244,0.0,0.0,0.0,0.0,0.0,0.05
92,0.1064,0.004596829880028963,2.4732620320855615e-05,456052.0,209.5,157.0,256.0,0.375,180.83333587646484,157.0,196.0,0.375,0.25,0.375,0.25,0.5,0.0067051975056529045,0.26461905241012573,0.0,0.0,0.0,0.0,0.0,0.05
93,-0.0536,0.49023711681365967,2.5e-05,460139.0,130.4375,89.5,184.0,0.0625,121.52083396911621,89.5,151.75,0.6875,0.125,0.6875,0.125,0.75,0.010649554431438446,0.28163038939237595,0.0,0.0,0.0,0.0,0.0,0.05
94,0.2054,0.6186120510101318,2.5267379679144387e-05,465364.0,173.5625,139.0,230.75,0.0625,165.1875,139.0,206.25,0.75,0.39433756470680237,0.75,0.39433756470680237,0.25,0.010630509699694812,0.23990431427955627,0.0,0.0,0.0,0.0,0.0,0.05
95,0.0278,0.6797208189964294,2.5534759358288773e-05,470453.0,164.8125,125.25,179.5,0.3125,150.9375,125.25,173.5,0.4375,0.125,0.4375,0.125,0.75,0.009059922769665718,0.3709462024271488,0.0,0.0,0.0,0.0,0.0,0.05
96,0.1163,0.6502314209938049,2.5802139037433156e-05,474930.0,145.5625,109.0,177.5,0.125,138.125,109.0,165.75,0.5,0.28867512941360474,0.5,0.28867512941360474,0.5,0.011977340327575803,0.30826137214899063,0.0,0.0,0.0,0.0,0.0,0.05
97,-0.0412,0.3899751901626587,2.606951871657754e-05,480046.0,172.25,136.0,217.25,0.0,172.25,136.0,217.25,0.6875,0.26933756470680237,0.6875,0.26933756470680237,0.5,0.007969970814883709,0.22607415914535522,0.0,0.0,0.0,0.0,0.0,0.05
98,0.2091,0.903618335723877,2.6336898395721927e-05,484588.0,149.875,103.5,218.25,0.125,132.60416793823242,103.5,164.5,0.6875,0.125,0.6875,0.125,0.75,0.015731077874079347,0.38293227553367615,0.0,0.0,0.0,0.0,0.0,0.05
99,0.0707,0.4373805820941925,2.6604278074866313e-05,490285.0,191.5625,155.25,226.0,0.0625,186.58333587646484,155.25,212.75,0.0625,0.125,0.0625,0.125,0.75,0.014568794285878539,0.34128744900226593,0.0,0.0,0.0,0.0,0.0,0.05
100,0.0003,0.004741007927805185,2.68716577540107e-05,495294.0,157.3125,107.75,196.75,0.125,149.625,107.75,191.5,0.75,0.0,0.75,0.0,1.0,0.01314157946035266,0.3270401656627655,0.0,0.0,0.0,0.0,0.0,0.05
101,0.019,0.7893364429473877,2.713903743315508e-05,499368.0,102.125,79.75,122.5,0.0,102.125,79.75,122.5,0.9375,0.125,0.9375,0.125,0.75,0.015470989514142275,0.273773618042469,0.0,0.0,0.0,0.0,0.0,0.05
102,0.0014,0.006504193414002657,2.7406417112299464e-05,503751.0,122.4375,96.0,151.25,0.0625,115.41666793823242,96.0,130.0,0.8125,0.125,0.8125,0.125,0.75,0.01296694204211235,0.31104879081249237,0.0,0.0,0.0,0.0,0.0,0.06
103,-0.0735,0.38747116923332214,2.767379679144385e-05,508851.0,159.5,122.25,185.5,0.1875,148.0625,122.25,170.25,0.375,0.39433756470680237,0.375,0.39433756470680237,0.25,0.017823261325247586,0.32394789159297943,0.0,0.0,0.0,0.0,0.0,0.06
104,0.0774,0.47961390018463135,2.7941176470588236e-05,513116.0,130.8125,97.75,175.5,0.0625,121.39583396911621,97.75,143.25,0.4375,0.375,0.4375,0.375,0.25,0.019756434252485633,0.37575117498636246,0.0,0.0,0.0,0.0,0.0,0.06
105,-0.0901,0.005597444251179695,2.8208556149732622e-05,517687.0,146.4375,108.5,186.25,0.125,135.25000381469727,108.5,163.25,0.4375,0.125,0.4375,0.125,0.75,0.017755619948729873,0.34827058762311935,0.0,0.0,0.0,0.0,0.0,0.06
106,0.1318,1.2597228288650513,2.8475935828877005e-05,521928.0,130.8125,103.0,164.5,0.0625,124.02083587646484,103.0,146.0,0.875,0.25,0.875,0.25,0.5,0.025355827063322067,0.33086635172367096,0.0,0.0,0.0,0.0,0.0,0.06
107,-0.0124,0.8305919766426086,2.874331550802139e-05,526649.0,144.5625,120.25,165.0,0.0625,141.33333587646484,120.25,164.0,0.5,0.39433756470680237,0.5,0.39433756470680237,0.25,0.015385670587420464,0.28676726296544075,0.0,0.0,0.0,0.0,0.0,0.06
108,0.0342,0.5268721580505371,2.9010695187165777e-05,530716.0,105.9375,84.75,130.5,0.0,105.9375,84.75,130.5,0.875,0.14433756470680237,0.875,0.14433756470680237,0.75,0.026464499533176422,0.33881111443042755,0.0,0.0,0.0,0.0,0.0,0.06
109,0.0005,0.006286181043833494,2.9278074866310162e-05,535126.0,111.625,82.25,144.25,0.0,111.625,82.25,144.25,0.75,0.0,0.75,0.0,1.0,0.02626710059121251,0.23482320457696915,0.0,0.0,0.0,0.0,0.0,0.06
110,0.0005,0.6462341547012329,2.954545454545455e-05,538949.0,101.9375,81.5,122.5,0.0,101.9375,81.5,122.5,0.4375,0.125,0.4375,0.125,0.75,0.026779276318848133,0.4084131196141243,0.0,0.0,0.0,0.0,0.0,0.06
111,0.0263,0.6335219144821167,2.9812834224598934e-05,542770.0,105.0625,90.0,113.25,0.0,105.0625,90.0,113.25,0.9375,0.125,0.9375,0.125,0.75,0.046777863055467606,0.32377447187900543,0.0,0.0,0.0,0.0,0.0,0.06
112,0.0659,0.0198711808770895,3.0080213903743313e-05,547896.0,168.625,141.0,198.0,0.125,163.68750381469727,141.0,188.0,0.875,0.25,0.875,0.25,0.5,0.02595127886161208,0.3079475834965706,0.0,0.0,0.0,0.0,0.0,0.06
113,0.0331,0.471146821975708,3.0347593582887703e-05,552666.0,158.625,119.5,185.75,0.125,151.25,119.5,185.75,0.6875,0.125,0.6875,0.125,0.75,0.026084291748702526,0.3300691843032837,0.0,0.0,0.0,0.0,0.0,0.06
114,0.129,0.5609303116798401,3.0614973262032085e-05,557144.0,148.125,112.0,179.5,0.0625,144.08333587646484,112.0,176.25,0.5,0.39433756470680237,0.5,0.39433756470680237,0.25,0.03168617654591799,0.3139575645327568,0.0,0.0,0.0,0.0,0.0,0.06
115,0.0676,0.014313696883618832,3.0882352941176475e-05,561196.0,118.5,91.25,152.25,0.0,118.5,91.25,152.25,0.8125,0.125,0.8125,0.125,0.75,0.04187318356707692,0.32488423585891724,0.0,0.0,0.0,0.0,0.0,0.06
116,-0.0475,0.49298205971717834,3.114973262032086e-05,566261.0,150.0625,113.0,170.75,0.1875,138.625,113.0,155.5,0.4375,0.26933756470680237,0.4375,0.26933756470680237,0.5,0.01880493527278304,0.2618384547531605,0.0,0.0,0.0,0.0,0.0,0.06
117,0.0821,0.8403438329696655,3.141711229946524e-05,571576.0,189.4375,151.5,221.5,0.3125,175.5625,151.5,202.75,0.4375,0.5193375647068024,0.4375,0.5193375647068024,0.0,0.023472065571695566,0.3742518834769726,0.0,0.0,0.0,0.0,0.0,0.06
118,-0.0535,1.41010582447052,3.168449197860963e-05,575756.0,111.5,90.5,130.0,0.0,111.5,90.5,130.0,0.6875,0.375,0.6875,0.375,0.25,0.039619788993149996,0.40081432461738586,0.0,0.0,0.0,0.0,0.0,0.06
119,-0.0176,0.008065976202487946,3.195187165775401e-05,580515.0,134.9375,100.5,162.0,0.0,134.9375,100.5,162.0,0.1875,0.125,0.1875,0.125,0.75,0.035773396492004395,0.3460378088057041,0.0,0.0,0.0,0.0,0.0,0.06
120,0.0158,0.6968753337860107,3.22192513368984e-05,585046.0,137.4375,121.0,156.0,0.0,137.4375,121.0,156.0,0.5,0.39433756470680237,0.5,0.39433756470680237,0.25,0.03434143029153347,0.33365118503570557,0.0,0.0,0.0,0.0,0.0,0.06
121,-0.1046,0.7503079175949097,3.2486631016042783e-05,589074.0,108.5,88.75,120.5,0.0,108.5,88.75,120.5,0.75,0.25,0.75,0.25,0.5,0.043551644310355186,0.21716823056340218,0.0,0.0,0.0,0.0,0.0,0.07
122,0.025,0.00795032735913992,3.2754010695187166e-05,593596.0,130.375,113.5,141.75,0.125,127.0,113.5,141.5,0.875,0.14433756470680237,0.875,0.14433756470680237,0.75,0.047248137183487415,0.2691243849694729,0.0,0.0,0.0,0.0,0.0,0.07
123,-0.0046,0.49083107709884644,3.302139037433155e-05,599500.0,200.0,181.0,221.75,0.125,197.375,181.0,218.5,0.3125,0.125,0.3125,0.125,0.75,0.020585921593010426,0.25462913140654564,0.0,0.0,0.0,0.0,0.0,0.07
124,0.0034,0.007148078177124262,3.328877005347594e-05,604401.0,157.3125,122.0,194.5,0.0625,153.41666793823242,122.0,182.25,0.5625,0.125,0.5625,0.125,0.75,0.037459821440279484,0.36691540479660034,0.0,0.0,0.0,0.0,0.0,0.07
125,-0.0257,0.6264576315879822,3.355614973262032e-05,608882.0,132.3125,118.5,143.75,0.0,132.3125,118.5,143.75,0.3125,0.125,0.3125,0.125,0.75,0.03236088389530778,0.30898376554250717,0.0,0.0,0.0,0.0,0.0,0.07
126,-0.0281,0.012885009869933128,3.382352941176471e-05,613393.0,136.1875,114.5,158.75,0.0,136.1875,114.5,158.75,0.6875,0.125,0.6875,0.125,0.75,0.040609847754240036,0.28327805176377296,0.0,0.0,0.0,0.0,0.0,0.07
127,-0.1372,0.5479292869567871,3.409090909090909e-05,617991.0,153.125,128.75,187.0,0.0,153.125,128.75,187.0,0.6875,0.26933756470680237,0.6875,0.26933756470680237,0.5,0.037416594102978706,0.24432626366615295,0.0,0.0,0.0,0.0,0.0,0.07
128,-0.1046,1.2414352893829346,3.4358288770053475e-05,622278.0,131.6875,106.0,160.25,0.0,131.6875,106.0,160.25,0.5625,0.5193375647068024,0.5625,0.5193375647068024,0.0,0.036325803492218256,0.3169568255543709,0.0,0.0,0.0,0.0,0.0,0.07
129,-0.0058,0.012105340138077736,3.4625668449197864e-05,627013.0,143.4375,126.0,160.5,0.0,143.4375,126.0,160.5,0.875,0.14433756470680237,0.875,0.14433756470680237,0.75,0.0524072153493762,0.27384164929389954,0.0,0.0,0.0,0.0,0.0,0.07
130,0.0031,1.2336498498916626,3.489304812834225e-05,631265.0,123.25,99.5,153.0,0.0625,116.27083587646484,99.5,128.5,0.875,0.25,0.875,0.25,0.5,0.04740903712809086,0.35752806067466736,0.0,0.0,0.0,0.0,0.0,0.07
131,-0.0563,0.9904582500457764,3.5160427807486636e-05,635703.0,138.875,121.5,163.0,0.0,138.875,121.5,163.0,0.8125,0.375,0.8125,0.375,0.25,0.03692712914198637,0.24913903698325157,0.0,0.0,0.0,0.0,0.0,0.07
132,-0.2346,1.2285221815109253,3.542780748663101e-05,639910.0,120.6875,86.5,172.25,0.0625,112.91666793823242,86.5,145.0,0.5,0.39433756470680237,0.5,0.39433756470680237,0.25,0.046397347934544086,0.3645207807421684,0.0,0.0,0.0,0.0,0.0,0.07
133,-0.0298,0.5485941171646118,3.56951871657754e-05,643645.0,98.6875,89.0,112.5,0.0,98.6875,89.0,112.5,0.75,0.25,0.75,0.25,0.5,0.04117776080965996,0.21514365077018738,0.0,0.0,0.0,0.0,0.0,0.07
134,0.0223,0.009007864631712437,3.596256684491979e-05,647892.0,131.6875,114.5,154.75,0.0,131.6875,114.5,154.75,0.875,0.14433756470680237,0.875,0.14433756470680237,0.75,0.04453315772116184,0.33316900581121445,0.0,0.0,0.0,0.0,0.0,0.07
135,0.1544,0.0053151254542171955,3.622994652406417e-05,653177.0,182.3125,149.25,233.5,0.125,170.72916984558105,149.25,193.5,0.5,0.25,0.5,0.25,0.5,0.041630969382822514,0.29281845688819885,0.0,0.0,0.0,0.0,0.0,0.07
136,0.0242,0.8161104321479797,3.649732620320856e-05,656896.0,102.4375,89.5,118.0,0.0,102.4375,89.5,118.0,0.9375,0.125,0.9375,0.125,0.75,0.053458571434020996,0.29953354597091675,0.0,0.0,0.0,0.0,0.0,0.07
137,0.0317,0.00824697595089674,3.6764705882352945e-05,662567.0,167.6875,144.25,190.5,0.125,162.52083587646484,144.25,183.0,0.5625,0.125,0.5625,0.125,0.75,0.04448595643043518,0.3579464629292488,0.0,0.0,0.0,0.0,0.0,0.07
138,0.1832,0.5660309195518494,3.703208556149733e-05,667905.0,180.625,140.25,218.0,0.125,173.4791717529297,140.25,198.5,0.5,0.39433756470680237,0.5,0.39433756470680237,0.25,0.03579597221687436,0.2808806523680687,0.0,0.0,0.0,0.0,0.0,0.07
139,0.0353,0.6637152433395386,3.729946524064171e-05,672243.0,143.125,106.25,163.75,0.0,143.125,106.25,163.75,0.875,0.25,0.875,0.25,0.5,0.05727359838783741,0.28535887971520424,0.0,0.0,0.0,0.0,0.0,0.08
140,0.0556,0.7323452234268188,3.75668449197861e-05,676717.0,131.875,95.5,171.0,0.0,131.875,95.5,171.0,0.75,0.28867512941360474,0.75,0.28867512941360474,0.5,0.05572473397478461,0.31320274621248245,0.0,0.0,0.0,0.0,0.0,0.08
141,0.0089,0.8768296241760254,3.783422459893048e-05,680982.0,132.5625,110.5,169.5,0.0,132.5625,110.5,169.5,0.4375,0.125,0.4375,0.125,0.75,0.07638898398727179,0.36595263332128525,0.0,0.0,0.0,0.0,0.0,0.08
142,-0.0326,1.1931042671203613,3.810160427807487e-05,685536.0,141.625,119.25,178.0,0.0625,137.5625,119.25,162.25,0.8125,0.26933756470680237,0.8125,0.26933756470680237,0.5,0.06318625342100859,0.33767296373844147,0.0,0.0,0.0,0.0,0.0,0.08
143,-0.032,0.7342522740364075,3.8368983957219254e-05,690876.0,168.0,136.25,189.25,0.1875,148.3125,136.25,163.0,0.375,0.39433756470680237,0.375,0.39433756470680237,0.25,0.06242070812731981,0.2747807800769806,0.0,0.0,0.0,0.0,0.0,0.08
144,-0.2464,0.836721658706665,3.8636363636363636e-05,695374.0,130.125,78.25,198.75,0.0,130.125,78.25,198.75,0.3125,0.26933756470680237,0.3125,0.26933756470680237,0.5,0.07843624614179134,0.34233418852090836,0.0,0.0,0.0,0.0,0.0,0.08
145,-0.1746,0.8557546138763428,3.8903743315508025e-05,700346.0,157.5,98.25,216.25,0.0,157.5,98.25,216.25,0.625,0.14433756470680237,0.625,0.14433756470680237,0.75,0.06062900833785534,0.42495836317539215,0.0,0.0,0.0,0.0,0.0,0.08
146,0.0425,0.9565439224243164,3.917112299465241e-05,705372.0,170.125,124.25,216.0,0.125,163.375,124.25,215.25,0.5,0.5386751294136047,0.5,0.5386751294136047,0.0,0.07411402463912964,0.4644690081477165,0.0,0.0,0.0,0.0,0.0,0.08
147,0.1452,1.2225096225738525,3.94385026737968e-05,710807.0,195.9375,146.75,224.25,0.5625,99.875,82.75,118.5,0.3125,0.26933756470680237,0.3125,0.26933756470680237,0.5,0.07025129720568657,0.46403587609529495,0.0,0.0,0.0,0.0,0.0,0.08
148,-0.054,1.3502229452133179,3.970588235294117e-05,715302.0,150.9375,114.5,183.5,0.125,142.1875,114.5,173.5,0.625,0.25,0.625,0.25,0.5,0.10180502012372017,0.4542671740055084,0.0,0.0,0.0,0.0,0.0,0.08
149,-0.1083,0.7052875757217407,3.997326203208556e-05,720596.0,193.875,136.75,236.25,0.1875,182.20833587646484,136.75,226.25,0.4375,0.5193375647068024,0.4375,0.5193375647068024,0.0,0.08491896092891693,0.3268706724047661,0.0,0.0,0.0,0.0,0.0,0.08
150,0.0021,0.015059570781886578,4.024064171122995e-05,725552.0,169.75,108.75,236.25,0.1875,149.54166793823242,108.75,197.0,0.75,0.0,0.75,0.0,1.0,0.10594458319246769,0.3683789223432541,0.0,0.0,0.0,0.0,0.0,0.08
151,0.0148,0.01741884835064411,4.0508021390374334e-05,731146.0,195.875,174.75,219.75,0.375,125.31250381469727,110.75,142.75,0.4375,0.125,0.4375,0.125,0.75,0.07349202735349536,0.27448124438524246,0.0,0.0,0.0,0.0,0.0,0.08
152,0.081,0.5206831693649292,4.0775401069518723e-05,736697.0,206.1875,174.25,244.75,0.125,200.62500381469727,174.25,234.25,0.6875,0.375,0.6875,0.375,0.25,0.07993480190634727,0.3536725267767906,0.0,0.0,0.0,0.0,0.0,0.08
153,0.033,0.8734583258628845,4.10427807486631e-05,741986.0,192.3125,151.75,224.0,0.25,172.9375,151.75,191.25,0.5,0.25,0.5,0.25,0.5,0.09442250616848469,0.34201307594776154,0.0,0.0,0.0,0.0,0.0,0.08
154,0.0105,0.7087060213088989,4.131016042780749e-05,747425.0,202.6875,146.75,235.5,0.3125,182.97916793823242,146.75,220.25,0.8125,0.26933756470680237,0.8125,0.26933756470680237,0.5,0.08821733109652996,0.33990495651960373,0.0,0.0,0.0,0.0,0.0,0.08
155,-0.0034,0.7506498098373413,4.157754010695187e-05,753409.0,218.0,178.0,256.0,0.5625,192.66666793823242,178.0,204.75,0.5625,0.26933756470680237,0.5625,0.26933756470680237,0.5,0.11299306526780128,0.3433711603283882,0.0,0.0,0.0,0.0,0.0,0.08
156,0.081,0.8346521854400635,4.184491978609626e-05,758822.0,196.5625,142.25,249.0,0.3125,163.41666793823242,142.25,193.0,0.625,0.39433756470680237,0.625,0.39433756470680237,0.25,0.10632026381790638,0.4025845304131508,0.0,0.0,0.0,0.0,0.0,0.08
157,0.1408,0.9115862846374512,4.211229946524064e-05,764595.0,208.5625,135.0,256.0,0.3125,188.25000381469727,135.0,236.75,0.375,0.4330126941204071,0.375,0.4330126941204071,0.25,0.14746099710464478,0.43858014792203903,0.0,0.0,0.0,0.0,0.0,0.08
158,0.0027,0.051609430462121964,4.2379679144385025e-05,769344.0,169.3125,113.5,244.0,0.0625,161.54166793823242,113.5,220.5,0.75,0.0,0.75,0.0,1.0,0.14359236136078835,0.42672887444496155,0.0,0.0,0.0,0.0,0.0,0.09
159,0.1815,0.02082883194088936,4.2647058823529415e-05,774220.0,151.75,107.25,190.5,0.0625,144.625,107.25,170.5,0.5625,0.26933756470680237,0.5625,0.26933756470680237,0.5,0.14475989528000355,0.356950506567955,0.0,0.0,0.0,0.0,0.0,0.09
160,-0.0271,1.249672293663025,4.29144385026738e-05,778963.0,163.4375,117.25,214.25,0.125,158.3125,117.25,213.75,0.6875,0.41367512941360474,0.6875,0.41367512941360474,0.25,0.10987549275159836,0.36337127536535263,0.0,0.0,0.0,0.0,0.0,0.09
161,0.1056,1.1703557968139648,4.318181818181819e-05,783686.0,154.9375,124.25,191.5,0.125,146.0,124.25,174.0,0.625,0.39433756470680237,0.625,0.39433756470680237,0.25,0.13071827962994576,0.33921119570732117,0.0,0.0,0.0,0.0,0.0,0.09
162,0.0484,0.01864936761558056,4.344919786096257e-05,788297.0,135.9375,103.5,175.75,0.0,135.9375,103.5,175.75,0.875,0.14433756470680237,0.875,0.14433756470680237,0.75,0.12484002858400345,0.34218382090330124,0.0,0.0,0.0,0.0,0.0,0.09
163,-0.042,0.5135262608528137,4.371657754010696e-05,792891.0,143.125,112.5,174.0,0.0,143.125,112.5,174.0,0.8125,0.26933756470680237,0.8125,0.26933756470680237,0.5,0.1377075370401144,0.3470410779118538,0.0,0.0,0.0,0.0,0.0,0.09
164,0.0979,0.5443959832191467,4.3983957219251334e-05,798147.0,183.25,140.75,210.75,0.1875,164.125,140.75,185.25,0.4375,0.26933756470680237,0.4375,0.26933756470680237,0.5,0.09456117264926434,0.3696722835302353,0.0,0.0,0.0,0.0,0.0,0.09
165,0.0108,0.8602902293205261,4.4251336898395724e-05,802654.0,139.6875,110.0,175.75,0.0,139.6875,110.0,175.75,0.5,0.25,0.5,0.25,0.5,0.1154066864401102,0.40911418944597244,0.0,0.0,0.0,0.0,0.0,0.09
166,0.0263,0.8652799725532532,4.4518716577540106e-05,807591.0,176.8125,135.75,209.75,0.25,155.72916793823242,135.75,175.75,0.5,0.25,0.5,0.25,0.5,0.07672492787241936,0.31859173625707626,0.0,0.0,0.0,0.0,0.0,0.09
167,-0.0988,0.031178059056401253,4.4786096256684495e-05,811147.0,98.75,78.0,125.0,0.0,98.75,78.0,125.0,0.5625,0.125,0.5625,0.125,0.75,0.14096413180232048,0.3812573477625847,0.0,0.0,0.0,0.0,0.0,0.09
168,0.0014,0.014138423837721348,4.5053475935828885e-05,816298.0,177.6875,136.5,221.0,0.1875,168.97916793823242,136.5,201.0,0.5625,0.125,0.5625,0.125,0.75,0.09774333983659744,0.40655597299337387,0.0,0.0,0.0,0.0,0.0,0.09
169,0.2481,0.3682428300380707,4.532085561497326e-05,821157.0,171.1875,130.75,229.0,0.1875,154.12500381469727,130.75,173.5,0.6875,0.375,0.6875,0.375,0.25,0.0822940981015563,0.34661948680877686,0.0,0.0,0.0,0.0,0.0,0.09
170,0.0013,0.00792016927152872,4.558823529411765e-05,826287.0,184.625,151.0,209.5,0.25,120.625,87.0,145.5,0.5,0.0,0.5,0.0,1.0,0.06472724117338657,0.3260584622621536,0.0,0.0,0.0,0.0,0.0,0.09
171,0.0458,0.014443902298808098,4.585561497326203e-05,831068.0,162.0625,138.25,183.5,0.125,155.5625,138.25,172.5,0.5625,0.26933756470680237,0.5625,0.26933756470680237,0.5,0.10101509466767311,0.36344313621520996,0.0,0.0,0.0,0.0,0.0,0.09
172,0.002,0.014337771572172642,4.612299465240642e-05,835401.0,137.0625,100.5,167.75,0.125,124.375,100.5,149.75,0.75,0.0,0.75,0.0,1.0,0.10127234272658825,0.3062381148338318,0.0,0.0,0.0,0.0,0.0,0.09
173,0.1267,0.5497170090675354,4.6390374331550804e-05,839676.0,130.4375,97.75,162.75,0.0,130.4375,97.75,162.75,0.5625,0.375,0.5625,0.375,0.25,0.0945435632020235,0.31294728070497513,0.0,0.0,0.0,0.0,0.0,0.09
174,0.0382,0.6344694495201111,4.665775401069519e-05,843766.0,127.875,83.0,169.5,0.0,127.875,83.0,169.5,0.8125,0.125,0.8125,0.125,0.75,0.10184727236628532,0.42438147962093353,0.0,0.0,0.0,0.0,0.0,0.09
175,0.0969,0.8860992193222046,4.6925133689839576e-05,847565.0,109.6875,74.25,157.0,0.0,109.6875,74.25,157.0,0.6875,0.125,0.6875,0.125,0.75,0.12522900849580765,0.43937546014785767,0.0,0.0,0.0,0.0,0.0,0.09
176,-0.0364,0.6421540975570679,4.719251336898396e-05,852398.0,149.3125,119.75,179.5,0.0,149.3125,119.75,179.5,0.5625,0.375,0.5625,0.375,0.25,0.10030274279415607,0.33421315252780914,0.0,0.0,0.0,0.0,0.0,0.09
177,-0.0504,0.6789630651473999,4.745989304812835e-05,857077.0,150.9375,111.25,206.75,0.125,135.08333587646484,111.25,161.5,0.6875,0.125,0.6875,0.125,0.75,0.09113947674632072,0.35721245408058167,0.0,0.0,0.0,0.0,0.0,0.1
178,0.0018,0.008402488194406033,4.772727272727273e-05,861015.0,121.875,97.75,154.25,0.0,121.875,97.75,154.25,0.75,0.0,0.75,0.0,1.0,0.09057618491351604,0.2939598113298416,0.0,0.0,0.0,0.0,0.0,0.1
179,-0.0095,0.879059910774231,4.799465240641711e-05,864765.0,92.625,76.75,115.25,0.0,92.625,76.75,115.25,0.875,0.14433756470680237,0.875,0.14433756470680237,0.75,0.13790255784988403,0.35986294597387314,0.0,0.0,0.0,0.0,0.0,0.1
180,0.0628,0.009444199502468109,4.8262032085561496e-05,869475.0,144.375,105.25,196.75,0.0625,138.22916793823242,105.25,176.0,0.5625,0.125,0.5625,0.125,0.75,0.08167420141398907,0.3378520756959915,0.0,0.0,0.0,0.0,0.0,0.1
181,-0.0537,0.3938148319721222,4.8529411764705885e-05,874693.0,157.125,122.5,199.0,0.125,147.27083587646484,122.5,175.5,0.4375,0.26933756470680237,0.4375,0.26933756470680237,0.5,0.07297777570784092,0.34724754095077515,0.0,0.0,0.0,0.0,0.0,0.1
182,0.0953,0.9043290019035339,4.879679144385027e-05,879979.0,175.625,125.0,222.5,0.1875,157.8125,125.0,198.75,0.625,0.5,0.625,0.5,0.0,0.06488490290939808,0.26416420564055443,0.0,0.0,0.0,0.0,0.0,0.1
183,-0.0878,1.082726001739502,4.906417112299466e-05,884909.0,154.625,129.0,185.5,0.0,154.625,129.0,185.5,0.5625,0.41367512941360474,0.5625,0.41367512941360474,0.25,0.08742760308086872,0.41047030314803123,0.0,0.0,0.0,0.0,0.0,0.1
184,0.0139,0.9997798204421997,4.933155080213904e-05,889567.0,139.375,95.75,186.75,0.0,139.375,95.75,186.75,0.5,0.28867512941360474,0.5,0.28867512941360474,0.5,0.08566325344145298,0.5015357583761215,0.0,0.0,0.0,0.0,0.0,0.1
185,0.0665,0.8038285970687866,4.959893048128342e-05,894012.0,136.8125,81.0,194.25,0.0625,130.45833587646484,81.0,189.0,0.625,0.25,0.625,0.25,0.5,0.09724662266671658,0.41262248158454895,0.0,0.0,0.0,0.0,0.0,0.1
186,0.0153,0.5261437892913818,4.986631016042781e-05,898328.0,134.5,112.5,170.75,0.0625,129.5625,112.5,155.5,0.6875,0.375,0.6875,0.375,0.25,0.1072919312864542,0.3432358428835869,0.0,0.0,0.0,0.0,0.0,0.1
187,0.1559,0.5106207132339478,4.998511461744567e-05,902342.0,112.375,93.0,144.5,0.0,112.375,93.0,144.5,0.75,0.39433756470680237,0.75,0.39433756470680237,0.25,0.12853684090077877,0.4331684783101082,0.0,0.0,0.0,0.0,0.0,0.1
188,0.1099,0.8430625796318054,4.9955343852337003e-05,907678.0,170.5,121.0,215.25,0.125,158.125,121.0,205.25,0.1875,0.26933756470680237,0.1875,0.26933756470680237,0.5,0.10433099418878555,0.3240101933479309,0.0,0.0,0.0,0.0,0.0,0.1
189,0.0024,0.017866013571619987,4.992557308722834e-05,912205.0,138.1875,98.0,189.75,0.0625,130.9375,98.0,172.0,0.25,0.0,0.25,0.0,1.0,0.12189154513180256,0.4216008707880974,0.0,0.0,0.0,0.0,0.0,0.1
190,0.0034,0.6841723322868347,4.989580232211968e-05,916693.0,122.5,109.75,141.0,0.0,122.5,109.75,141.0,0.6875,0.125,0.6875,0.125,0.75,0.12000711262226105,0.34763316810131073,0.0,0.0,0.0,0.0,0.0,0.1
191,-0.029,1.1510484218597412,4.986603155701102e-05,921490.0,133.0625,100.75,171.0,0.0,133.0625,100.75,171.0,0.75,0.25,0.75,0.25,0.5,0.10125155374407768,0.47823046147823334,0.0,0.0,0.0,0.0,0.0,0.1
192,-0.0398,0.9161316156387329,4.983626079190236e-05,925640.0,108.125,84.0,139.25,0.0,108.125,84.0,139.25,0.75,0.25,0.75,0.25,0.5,0.14418714120984077,0.4251694902777672,0.0,0.0,0.0,0.0,0.0,0.1
193,-0.0476,0.736907958984375,4.980649002679369e-05,930463.0,123.1875,80.5,143.0,0.1875,94.6875,80.5,105.0,0.5625,0.26933756470680237,0.5625,0.26933756470680237,0.5,0.14305279962718487,0.41024482250213623,0.0,0.0,0.0,0.0,0.0,0.1
194,0.1099,0.6832056641578674,4.977671926168503e-05,934519.0,110.5,90.75,137.5,0.0,110.5,90.75,137.5,0.5625,0.41367512941360474,0.5625,0.41367512941360474,0.25,0.0986982174217701,0.4008704572916031,0.0,0.0,0.0,0.0,0.0,0.1
195,-0.0459,0.9218307733535767,4.974694849657636e-05,938491.0,102.0,75.5,151.25,0.0625,91.6875,75.5,112.25,0.6875,0.125,0.6875,0.125,0.75,0.12440875172615051,0.3503433093428612,0.0,0.0,0.0,0.0,0.0,0.11
196,0.1024,1.102380394935608,4.97171777314677e-05,942089.0,96.625,75.0,116.25,0.0,96.625,75.0,116.25,0.5625,0.41367512941360474,0.5625,0.41367512941360474,0.25,0.1251998133957386,0.3046088218688965,0.0,0.0,0.0,0.0,0.0,0.11
197,0.1242,1.2083390951156616,4.9687406966359043e-05,946162.0,102.5625,80.75,133.0,0.0,102.5625,80.75,133.0,0.6875,0.375,0.6875,0.375,0.25,0.1239408366382122,0.3398161381483078,0.0,0.0,0.0,0.0,0.0,0.11
198,0.0384,0.6913204789161682,4.9657636201250375e-05,951364.0,162.125,117.5,215.75,0.0625,155.125,117.5,205.75,0.125,0.25,0.125,0.25,0.5,0.10125807113945484,0.5743104219436646,0.0,0.0,0.0,0.0,0.0,0.11
199,0.1292,1.0660357475280762,4.9627865436141714e-05,954914.0,75.875,55.0,98.0,0.0,75.875,55.0,98.0,0.8125,0.375,0.8125,0.375,0.25,0.13460373133420944,0.4887697473168373,0.0,0.0,0.0,0.0,0.0,0.11
200,0.1315,0.8575761318206787,4.9598094671033045e-05,958841.0,108.4375,80.0,157.0,0.0625,96.97916793823242,80.0,115.25,0.1875,0.26933756470680237,0.1875,0.26933756470680237,0.5,0.13296350464224815,0.40303099900484085,0.0,0.0,0.0,0.0,0.0,0.11
201,0.0025,0.012912407517433167,4.9568323905924384e-05,962296.0,80.6875,55.25,96.5,0.0,80.6875,55.25,96.5,0.75,0.0,0.75,0.0,1.0,0.12404664978384972,0.3631546348333359,0.0,0.0,0.0,0.0,0.0,0.11
202,0.1106,1.021708607673645,4.9538553140815716e-05,965961.0,89.5625,62.5,116.5,0.0,89.5625,62.5,116.5,0.5625,0.26933756470680237,0.5625,0.26933756470680237,0.5,0.13657397404313087,0.42989858984947205,0.0,0.0,0.0,0.0,0.0,0.11
203,0.0021,0.01617295853793621,4.950878237570706e-05,970255.0,125.375,95.0,172.75,0.0,125.375,95.0,172.75,0.0,0.0,0.0,0.0,1.0,0.10599990747869015,0.44022873044013977,0.0,0.0,0.0,0.0,0.0,0.11
204,-0.0137,0.5535542368888855,4.94790116105984e-05,974149.0,106.125,89.0,118.75,0.0,106.125,89.0,118.75,0.6875,0.375,0.6875,0.375,0.25,0.10972155630588531,0.4058702290058136,0.0,0.0,0.0,0.0,0.0,0.11
205,0.0887,0.6215547323226929,4.944924084548973e-05,978837.0,122.0,93.25,149.25,0.0,122.0,93.25,149.25,0.5625,0.375,0.5625,0.375,0.25,0.11725760251283646,0.416975274682045,0.0,0.0,0.0,0.0,0.0,0.11
206,0.027,0.9358209371566772,4.941947008038107e-05,983720.0,153.9375,119.5,191.75,0.0625,149.35416793823242,119.5,184.5,0.5,0.25,0.5,0.25,0.5,0.08880201540887356,0.491799458861351,0.0,0.0,0.0,0.0,0.0,0.11
207,0.0714,0.6542996764183044,4.93896993152724e-05,987526.0,95.875,83.0,114.75,0.0,95.875,83.0,114.75,0.75,0.39433756470680237,0.75,0.39433756470680237,0.25,0.09846860822290182,0.35957037657499313,0.0,0.0,0.0,0.0,0.0,0.11
208,0.2041,1.014994740486145,4.935992855016374e-05,992210.0,134.0,108.75,178.75,0.0625,124.20833396911621,108.75,142.75,0.625,0.25,0.625,0.25,0.5,0.08886626549065113,0.43941880017518997,0.0,0.0,0.0,0.0,0.0,0.11
209,0.1473,0.8752894401550293,4.933015778505508e-05,996546.0,120.0,91.0,157.75,0.0,120.0,91.0,157.75,0.6875,0.375,0.6875,0.375,0.25,0.0988118015229702,0.4453764706850052,0.0,0.0,0.0,0.0,0.0,0.11
210,0.0557,1.9615164995193481,4.930038701994642e-05,1001345.0,146.1875,118.75,173.75,0.1875,133.25,118.75,156.5,0.3125,0.41367512941360474,0.3125,0.41367512941360474,0.25,0.0961589440703392,0.5016044899821281,0.0,0.0,0.0,0.0,0.0,0.11
211,-0.0207,0.6627131700515747,4.9270616254837756e-05,1004833.0,85.5,73.25,95.5,0.0,85.5,73.25,95.5,0.9375,0.125,0.9375,0.125,0.75,0.1205599857494235,0.33983264118433,0.0,0.0,0.0,0.0,0.0,0.11
212,0.0017,0.012228729203343391,4.924084548972909e-05,1009872.0,156.9375,115.5,218.25,0.0625,151.95833587646484,115.5,203.75,0.75,0.0,0.75,0.0,1.0,0.08467188477516174,0.3795098066329956,0.0,0.0,0.0,0.0,0.0,0.11
213,0.0367,0.7075319886207581,4.9211074724620426e-05,1013602.0,99.625,72.75,119.0,0.0,99.625,72.75,119.0,0.625,0.39433756470680237,0.625,0.39433756470680237,0.25,0.1124164592474699,0.4632464051246643,0.0,0.0,0.0,0.0,0.0,0.11
214,-0.0471,0.02013501711189747,4.918130395951176e-05,1018247.0,141.5625,110.25,177.0,0.0,141.5625,110.25,177.0,0.375,0.25,0.375,0.25,0.5,0.09835771284997463,0.5249253660440445,0.0,0.0,0.0,0.0,0.0,0.12
215,-0.0473,0.5095226168632507,4.9151533194403096e-05,1022452.0,127.8125,90.0,168.25,0.0625,123.375,90.0,156.25,0.5625,0.375,0.5625,0.375,0.25,0.11870079301297665,0.4709528982639313,0.0,0.0,0.0,0.0,0.0,0.12
216,-0.037,0.01622306928038597,4.9121762429294435e-05,1027189.0,163.0625,133.25,197.5,0.25,154.72916793823242,133.25,177.0,0.5625,0.125,0.5625,0.125,0.75,0.10124963708221912,0.5133353248238564,0.0,0.0,0.0,0.0,0.0,0.12
217,0.076,1.0388880968093872,4.9091991664185773e-05,1031379.0,118.375,99.0,135.75,0.0,118.375,99.0,135.75,0.6875,0.375,0.6875,0.375,0.25,0.11342686042189598,0.4514913782477379,0.0,0.0,0.0,0.0,0.0,0.12
218,0.0818,0.5921999216079712,4.906222089907711e-05,1036354.0,145.4375,124.5,160.25,0.1875,140.1875,124.5,153.25,0.4375,0.26933756470680237,0.4375,0.26933756470680237,0.5,0.12853822112083435,0.55755515396595,0.0,0.0,0.0,0.0,0.0,0.12
219,-0.0479,0.016481369733810425,4.9032450133968444e-05,1040037.0,97.4375,78.75,116.5,0.0,97.4375,78.75,116.5,0.8125,0.26933756470680237,0.8125,0.26933756470680237,0.5,0.1511571817100048,0.46790509670972824,0.0,0.0,0.0,0.0,0.0,0.12
220,0.1267,0.6532623171806335,4.900267936885978e-05,1044680.0,146.9375,126.0,171.25,0.25,136.125,126.0,144.25,0.625,0.25,0.625,0.25,0.5,0.11518152430653572,0.5009265244007111,0.0,0.0,0.0,0.0,0.0,0.12
221,-0.0009,0.014926244504749775,4.8972908603751114e-05,1048602.0,114.625,102.0,131.0,0.0,114.625,102.0,131.0,0.875,0.14433756470680237,0.875,0.14433756470680237,0.75,0.12085160799324512,0.3408302292227745,0.0,0.0,0.0,0.0,0.0,0.12
222,-0.0198,0.9552479982376099,4.894313783864245e-05,1052280.0,100.125,70.0,145.0,0.0625,90.91666793823242,70.0,112.0,0.625,0.14433756470680237,0.625,0.14433756470680237,0.75,0.1569652520120144,0.5250937044620514,0.0,0.0,0.0,0.0,0.0,0.12
223,0.0606,0.5429076552391052,4.89133670735338e-05,1056559.0,125.6875,100.25,152.25,0.0,125.6875,100.25,152.25,0.5625,0.125,0.5625,0.125,0.75,0.1308748945593834,0.4744126796722412,0.0,0.0,0.0,0.0,0.0,0.12
224,-0.2095,0.5242198705673218,4.888359630842513e-05,1060682.0,129.1875,88.0,171.5,0.0,129.1875,88.0,171.5,0.6875,0.41367512941360474,0.6875,0.41367512941360474,0.25,0.14496856555342674,0.5108905732631683,0.0,0.0,0.0,0.0,0.0,0.12
225,0.0177,0.5180615186691284,4.885382554331647e-05,1065977.0,177.6875,151.25,205.25,0.1875,171.6875,151.25,197.25,0.625,0.14433756470680237,0.625,0.14433756470680237,0.75,0.10639897175133228,0.38157887011766434,0.0,0.0,0.0,0.0,0.0,0.12
226,0.2308,0.5318538546562195,4.88240547782078e-05,1070756.0,153.6875,104.0,208.25,0.125,140.125,104.0,171.5,0.625,0.39433756470680237,0.625,0.39433756470680237,0.25,0.12494726665318012,0.49085763096809387,0.0,0.0,0.0,0.0,0.0,0.12
227,0.0029,0.017149697989225388,4.879428401309914e-05,1075339.0,142.6875,130.25,154.0,0.125,137.0,130.25,143.5,0.75,0.0,0.75,0.0,1.0,0.1456223614513874,0.4403826892375946,0.0,0.0,0.0,0.0,0.0,0.12
228,0.0929,0.9128271341323853,4.876451324799047e-05,1080479.0,172.5,142.0,218.0,0.125,163.45833587646484,142.0,191.0,0.75,0.39433756470680237,0.75,0.39433756470680237,0.25,0.09345854260027409,0.4039651118218899,0.0,0.0,0.0,0.0,0.0,0.12
229,0.1074,0.7010598182678223,4.8734742482881816e-05,1085403.0,163.5,129.0,212.0,0.125,150.52083587646484,129.0,172.5,0.625,0.39433756470680237,0.625,0.39433756470680237,0.25,0.11675054021179676,0.4364573135972023,0.0,0.0,0.0,0.0,0.0,0.12
230,0.0162,0.5262866020202637,4.8704971717773154e-05,1089953.0,153.625,104.0,195.25,0.0,153.625,104.0,195.25,0.5,0.25,0.5,0.25,0.5,0.1132090762257576,0.6068799495697021,0.0,0.0,0.0,0.0,0.0,0.12
231,0.0217,0.012940396554768085,4.8675200952664486e-05,1094319.0,126.625,94.75,167.0,0.0,126.625,94.75,167.0,0.6875,0.26933756470680237,0.6875,0.26933756470680237,0.5,0.1198419164866209,0.483426071703434,0.0,0.0,0.0,0.0,0.0,0.12
232,-0.0689,0.8017328977584839,4.8645430187555824e-05,1099463.0,170.25,127.0,202.5,0.125,162.52083587646484,127.0,193.0,0.625,0.39433756470680237,0.625,0.39433756470680237,0.25,0.109162462875247,0.42165834456682205,0.0,0.0,0.0,0.0,0.0,0.12
233,-0.041,0.5658807754516602,4.8615659422447156e-05,1104166.0,146.4375,111.5,206.5,0.0,146.4375,111.5,206.5,0.5625,0.26933756470680237,0.5625,0.26933756470680237,0.5,0.12939081899821758,0.4228840470314026,0.0,0.0,0.0,0.0,0.0,0.13
234,0.1457,0.9637851715087891,4.8585888657338495e-05,1109468.0,168.875,112.0,208.0,0.1875,156.5,112.0,191.5,0.25,0.39433756470680237,0.25,0.39433756470680237,0.25,0.10495781153440475,0.5793071389198303,0.0,0.0,0.0,0.0,0.0,0.13
235,-0.0249,0.020685609430074692,4.855611789222983e-05,1113518.0,107.375,86.5,140.5,0.0,107.375,86.5,140.5,0.8125,0.125,0.8125,0.125,0.75,0.14852823875844479,0.34897612035274506,0.0,0.0,0.0,0.0,0.0,0.13
236,0.0047,0.011740431189537048,4.852634712712117e-05,1118182.0,133.0,95.75,170.75,0.0625,126.97916793823242,95.75,152.25,0.5625,0.125,0.5625,0.125,0.75,0.11448434740304947,0.46781938523054123,0.0,0.0,0.0,0.0,0.0,0.13
237,-0.1414,0.6138377785682678,4.849657636201251e-05,1122992.0,168.375,114.5,217.0,0.25,143.72916793823242,114.5,178.25,0.1875,0.26933756470680237,0.1875,0.26933756470680237,0.5,0.08659511245787144,0.5348817706108093,0.0,0.0,0.0,0.0,0.0,0.13
238,0.1123,0.4385509192943573,4.846680559690384e-05,1127378.0,123.375,95.25,160.75,0.0625,114.6875,95.25,130.0,0.5,0.25,0.5,0.25,0.5,0.08942057937383652,0.40050356090068817,0.0,0.0,0.0,0.0,0.0,0.13
239,-0.047,0.5322708487510681,4.843703483179518e-05,1131973.0,144.4375,107.25,177.0,0.0625,140.52083587646484,107.25,173.5,0.5625,0.375,0.5625,0.375,0.25,0.09145813807845116,0.4342324733734131,0.0,0.0,0.0,0.0,0.0,0.13
240,0.1988,1.14095139503479,4.840726406668651e-05,1136299.0,116.125,86.75,145.0,0.0,116.125,86.75,145.0,0.625,0.39433756470680237,0.625,0.39433756470680237,0.25,0.13883651234209538,0.49951469898223877,0.0,0.0,0.0,0.0,0.0,0.13
241,-0.0491,0.6029213070869446,4.837749330157785e-05,1140800.0,140.3125,125.0,154.25,0.25,76.3125,61.0,90.25,0.5625,0.26933756470680237,0.5625,0.26933756470680237,0.5,0.10845749080181122,0.380607433617115,0.0,0.0,0.0,0.0,0.0,0.13
242,-0.0678,0.8371669054031372,4.834772253646919e-05,1145314.0,131.125,91.75,201.75,0.125,113.45833587646484,91.75,139.25,0.375,0.25,0.375,0.25,0.5,0.1147114485502243,0.5415950939059258,0.0,0.0,0.0,0.0,0.0,0.13
243,0.0021,0.014993594028055668,4.831795177136053e-05,1149939.0,143.0625,123.75,171.0,0.0625,140.20833587646484,123.75,163.25,0.75,0.0,0.75,0.0,1.0,0.10435379110276699,0.4523760825395584,0.0,0.0,0.0,0.0,0.0,0.13
244,0.0672,0.8405579924583435,4.8288181006251866e-05,1154251.0,142.5,119.75,163.25,0.1875,137.625,119.75,156.75,0.625,0.39433756470680237,0.625,0.39433756470680237,0.25,0.08422132860869169,0.39375804364681244,0.0,0.0,0.0,0.0,0.0,0.13
245,0.039,0.013768233358860016,4.82584102411432e-05,1159528.0,179.0625,142.75,212.0,0.1875,171.75,142.75,202.25,0.375,0.14433756470680237,0.375,0.14433756470680237,0.75,0.09234056994318962,0.5604698061943054,0.0,0.0,0.0,0.0,0.0,0.13
246,0.1617,0.022998835891485214,4.822863947603454e-05,1163656.0,105.25,77.0,145.25,0.0625,100.39583587646484,77.0,132.25,0.6875,0.125,0.6875,0.125,0.75,0.16115562617778778,0.5030796751379967,0.0,0.0,0.0,0.0,0.0,0.13
247,-0.0372,0.008382937870919704,4.819886871092587e-05,1168205.0,147.3125,113.0,182.0,0.0,147.3125,113.0,182.0,0.5625,0.26933756470680237,0.5625,0.26933756470680237,0.5,0.08831562474370003,0.450449887663126,0.0,0.0,0.0,0.0,0.0,0.13
248,0.203,0.8272939920425415,4.816909794581721e-05,1172753.0,136.5,94.5,175.5,0.0625,132.29166793823242,94.5,166.5,0.4375,0.375,0.4375,0.375,0.25,0.1174478717148304,0.5396496504545212,0.0,0.0,0.0,0.0,0.0,0.13
249,0.0223,0.8529563546180725,4.8139327180708546e-05,1177014.0,123.5625,87.5,163.75,0.0,123.5625,87.5,163.75,0.25,0.28867512941360474,0.25,0.28867512941360474,0.5,0.1371961310505867,0.5247575789690018,0.0,0.0,0.0,0.0,0.0,0.13
250,-0.0087,0.008869254030287266,4.8109556415599884e-05,1180872.0,106.625,84.25,139.0,0.0,106.625,84.25,139.0,0.625,0.14433756470680237,0.625,0.14433756470680237,0.75,0.12066875584423542,0.3725326955318451,0.0,0.0,0.0,0.0,0.0,0.13
251,-0.0514,0.00954599678516388,4.807978565049122e-05,1185973.0,142.5625,97.0,189.0,0.125,130.91666793823242,97.0,169.5,0.5625,0.125,0.5625,0.125,0.75,0.10654108226299286,0.4759877547621727,0.0,0.0,0.0,0.0,0.0,0.14
252,-0.0268,0.013729696162045002,4.8050014885382554e-05,1190908.0,151.1875,127.5,172.75,0.125,146.0,127.5,168.75,0.4375,0.125,0.4375,0.125,0.75,0.14614031463861465,0.39622432738542557,0.0,0.0,0.0,0.0,0.0,0.14
253,0.0114,0.011573291383683681,4.802024412027389e-05,1195280.0,132.75,100.5,170.5,0.0,132.75,100.5,170.5,0.1875,0.26933756470680237,0.1875,0.26933756470680237,0.5,0.1476194877177477,0.5356006324291229,0.0,0.0,0.0,0.0,0.0,0.14
254,0.0637,0.9273503422737122,4.7990473355165225e-05,1199786.0,133.625,106.25,152.75,0.125,127.0,106.25,144.25,0.6875,0.375,0.6875,0.375,0.25,0.16807686537504196,0.49712076783180237,0.0,0.0,0.0,0.0,0.0,0.14
255,-0.003,0.9864894151687622,4.796070259005656e-05,1203935.0,110.5625,84.75,138.0,0.0,110.5625,84.75,138.0,0.75,0.25,0.75,0.25,0.5,0.16447046399116516,0.5399515405297279,0.0,0.0,0.0,0.0,0.0,0.14
256,0.0904,1.6589375734329224,4.793093182494791e-05,1207699.0,98.25,72.5,125.75,0.0,98.25,72.5,125.75,0.5,0.28867512941360474,0.5,0.28867512941360474,0.5,0.17419037967920303,0.553936168551445,0.0,0.0,0.0,0.0,0.0,0.14
257,0.0031,0.0077414121478796005,4.790116105983924e-05,1211493.0,105.125,79.5,128.5,0.0,105.125,79.5,128.5,1.0,0.0,1.0,0.0,1.0,0.15363818407058716,0.3790513202548027,0.0,0.0,0.0,0.0,0.0,0.14
258,-0.0988,0.015291775576770306,4.787139029473058e-05,1215621.0,116.25,82.25,147.0,0.0,116.25,82.25,147.0,0.4375,0.125,0.4375,0.125,0.75,0.12699203938245773,0.70225390791893,0.0,0.0,0.0,0.0,0.0,0.14
259,-0.0404,0.6604758501052856,4.784161952962191e-05,1219329.0,99.0,68.5,127.25,0.0,99.0,68.5,127.25,0.6875,0.26933756470680237,0.6875,0.26933756470680237,0.5,0.15303506702184677,0.4959775358438492,0.0,0.0,0.0,0.0,0.0,0.14
260,0.0019,0.008060157299041748,4.781184876451325e-05,1224507.0,169.875,118.75,204.5,0.125,160.0625,118.75,186.25,0.5,0.0,0.5,0.0,1.0,0.09238584712147713,0.55834149569273,0.0,0.0,0.0,0.0,0.0,0.14
261,-0.012,0.6463366746902466,4.778207799940459e-05,1228354.0,102.4375,83.5,125.5,0.0,102.4375,83.5,125.5,0.875,0.25,0.875,0.25,0.5,0.12540833093225956,0.315103255212307,0.0,0.0,0.0,0.0,0.0,0.14
262,0.0434,0.5848634243011475,4.7752307234295926e-05,1233809.0,184.1875,131.0,251.75,0.1875,166.47916984558105,131.0,208.25,0.4375,0.41367512941360474,0.4375,0.41367512941360474,0.25,0.10752994939684868,0.5039255395531654,0.0,0.0,0.0,0.0,0.0,0.14
263,0.0005,0.017771877348423004,4.7722536469187265e-05,1238786.0,163.5625,120.5,203.25,0.0,163.5625,120.5,203.25,0.25,0.28867512941360474,0.25,0.28867512941360474,0.5,0.16826297156512737,0.6799030900001526,0.0,0.0,0.0,0.0,0.0,0.14
264,-0.0174,0.010417049750685692,4.7692765704078596e-05,1243740.0,167.625,116.0,224.25,0.25,142.39583587646484,116.0,167.0,0.375,0.14433756470680237,0.375,0.14433756470680237,0.75,0.13156862184405327,0.4199606329202652,0.0,0.0,0.0,0.0,0.0,0.14
265,0.1149,0.694536566734314,4.7662994938969935e-05,1248433.0,144.8125,105.75,186.25,0.0625,137.27083587646484,105.75,169.25,0.4375,0.375,0.4375,0.375,0.25,0.17890850082039833,0.47297094017267227,0.0,0.0,0.0,0.0,0.0,0.14
266,0.0914,1.1007648706436157,4.763322417386127e-05,1252601.0,123.5,95.75,173.5,0.0,123.5,95.75,173.5,0.75,0.39433756470680237,0.75,0.39433756470680237,0.25,0.18319690972566605,0.42942338436841965,0.0,0.0,0.0,0.0,0.0,0.14
267,-0.0534,0.8318437933921814,4.7603453408752605e-05,1257149.0,142.75,115.0,181.5,0.0,142.75,115.0,181.5,0.875,0.25,0.875,0.25,0.5,0.15719044767320156,0.4275391027331352,0.0,0.0,0.0,0.0,0.0,0.14
268,-0.0454,0.015374487265944481,4.7573682643643944e-05,1261955.0,156.125,112.0,196.0,0.125,148.8125,112.0,193.0,0.4375,0.125,0.4375,0.125,0.75,0.1402156688272953,0.6107716262340546,0.0,0.0,0.0,0.0,0.0,0.14
269,0.172,0.6700479984283447,4.754391187853528e-05,1266463.0,138.75,93.75,187.25,0.0625,132.22916793823242,93.75,165.75,0.6875,0.375,0.6875,0.375,0.25,0.14414067193865776,0.5445855110883713,0.0,0.0,0.0,0.0,0.0,0.14
270,0.034,0.7487117648124695,4.751414111342662e-05,1272774.0,228.6875,197.0,255.5,0.3125,219.64583587646484,197.0,239.0,0.5,0.5386751294136047,0.5,0.5386751294136047,0.0,0.09603939112275839,0.5249338522553444,0.0,0.0,0.0,0.0,0.0,0.15
271,0.0552,0.7070651650428772,4.748437034831795e-05,1277615.0,162.5625,126.5,197.75,0.0625,158.20833587646484,126.5,185.5,0.75,0.39433756470680237,0.75,0.39433756470680237,0.25,0.09329972602427006,0.4971466660499573,0.0,0.0,0.0,0.0,0.0,0.15
272,0.1403,1.2854443788528442,4.745459958320929e-05,1281994.0,133.6875,99.0,185.0,0.0625,124.89583396911621,99.0,165.25,0.8125,0.375,0.8125,0.375,0.25,0.12025913782417774,0.5297640115022659,0.0,0.0,0.0,0.0,0.0,0.15
273,0.0166,0.6724230051040649,4.742482881810062e-05,1287974.0,211.0,188.5,229.75,0.3125,200.16666793823242,188.5,211.75,0.4375,0.375,0.4375,0.375,0.25,0.12402906268835068,0.7485392615199089,0.0,0.0,0.0,0.0,0.0,0.15
274,0.1547,0.6518450975418091,4.739505805299196e-05,1293475.0,198.8125,157.75,246.25,0.3125,183.41666793823242,157.75,204.5,0.8125,0.26933756470680237,0.8125,0.26933756470680237,0.5,0.1143469549715519,0.5007727891206741,0.0,0.0,0.0,0.0,0.0,0.15
275,-0.0339,0.4753997325897217,4.73652872878833e-05,1299702.0,237.9375,204.0,256.0,0.75,93.91666793823242,76.0,108.0,0.125,0.14433756470680237,0.125,0.14433756470680237,0.75,0.1312197409570217,0.7149237170815468,0.0,0.0,0.0,0.0,0.0,0.15
276,0.2801,0.44312477111816406,4.733551652277464e-05,1305319.0,203.5625,174.25,250.75,0.5625,66.75,46.25,99.0,0.25,0.25,0.25,0.25,0.5,0.1737518422305584,0.8678452372550964,0.0,0.0,0.0,0.0,0.0,0.15
277,0.0034,0.05103777348995209,4.730574575766598e-05,1310733.0,179.125,131.25,209.25,0.1875,172.1875,131.25,200.0,0.25,0.0,0.25,0.0,1.0,0.1737508848309517,0.7721823155879974,0.0,0.0,0.0,0.0,0.0,0.15
278,0.281,0.5366897583007812,4.727597499255731e-05,1316075.0,185.125,132.0,243.75,0.25,168.375,132.0,215.25,0.375,0.39433756470680237,0.375,0.39433756470680237,0.25,0.1697109118103981,0.6899031400680542,0.0,0.0,0.0,0.0,0.0,0.15
279,0.1758,1.0525773763656616,4.724620422744865e-05,1321483.0,188.0,127.75,226.25,0.375,158.20833587646484,127.75,188.5,0.25,0.28867512941360474,0.25,0.28867512941360474,0.5,0.25498415529727936,0.986858919262886,0.0,0.0,0.0,0.0,0.0,0.15
280,0.1064,0.03287918120622635,4.721643346233998e-05,1326538.0,179.1875,111.5,230.5,0.375,141.08333587646484,111.5,169.5,0.375,0.14433756470680237,0.375,0.14433756470680237,0.75,0.21890093386173248,0.8075549155473709,0.0,0.0,0.0,0.0,0.0,0.15
281,0.004,0.9351001977920532,4.718666269723132e-05,1331699.0,192.8125,150.5,247.5,0.375,114.10416793823242,86.5,137.5,0.375,0.25,0.375,0.25,0.5,0.24187320098280907,1.061972975730896,0.0,0.0,0.0,0.0,0.0,0.15
282,0.0184,1.1660411357879639,4.715689193212266e-05,1336392.0,167.3125,124.5,204.5,0.1875,155.5,124.5,188.75,0.4375,0.26933756470680237,0.4375,0.26933756470680237,0.5,0.22441235184669495,0.7882670760154724,0.0,0.0,0.0,0.0,0.0,0.15
283,0.2111,0.5590983033180237,4.7127121167013995e-05,1342035.0,215.1875,146.25,256.0,0.5,169.79166793823242,146.25,189.0,0.3125,0.41367512941360474,0.3125,0.41367512941360474,0.25,0.2622782401740551,1.1365275830030441,0.0,0.0,0.0,0.0,0.0,0.15
284,-0.081,0.04609581083059311,4.709735040190533e-05,1347622.0,206.4375,180.5,240.0,0.375,138.0,116.5,168.75,0.4375,0.125,0.4375,0.125,0.75,0.20558451116085052,0.8266771584749222,0.0,0.0,0.0,0.0,0.0,0.15
285,-0.0561,0.5505354404449463,4.7067579636796665e-05,1353075.0,200.0625,131.5,245.25,0.3125,170.875,131.5,210.0,0.125,0.25,0.125,0.25,0.5,0.25303566828370094,0.9495288729667664,0.0,0.0,0.0,0.0,0.0,0.15
286,-0.0712,0.7545750141143799,4.7037808871688004e-05,1358377.0,202.125,177.75,224.25,0.4375,124.8125,113.75,137.0,0.25,0.39433756470680237,0.25,0.39433756470680237,0.25,0.2662545070052147,0.985935240983963,0.0,0.0,0.0,0.0,0.0,0.15
287,0.0224,0.5176854133605957,4.700803810657934e-05,1364547.0,229.125,186.0,256.0,0.5625,194.20833587646484,186.0,202.75,0.125,0.14433756470680237,0.125,0.14433756470680237,0.75,0.2561580315232277,1.2457972764968872,0.0,0.0,0.0,0.0,0.0,0.15
288,0.126,1.20879328250885,4.697826734147068e-05,1369418.0,170.9375,118.25,230.25,0.1875,156.7708339691162,118.25,192.5,0.3125,0.41367512941360474,0.3125,0.41367512941360474,0.25,0.28734665364027023,1.1421760320663452,0.0,0.0,0.0,0.0,0.0,0.15
289,0.0822,0.6028956174850464,4.694849657636202e-05,1375282.0,222.25,179.75,253.0,0.5625,134.3125,115.75,159.25,0.5,0.39433756470680237,0.5,0.39433756470680237,0.25,0.2436882145702839,0.9740624278783798,0.0,0.0,0.0,0.0,0.0,0.16
290,0.1129,1.1337251663208008,4.691872581125335e-05,1380803.0,206.5625,142.75,234.25,0.4375,179.125,142.75,206.75,0.3125,0.375,0.3125,0.375,0.25,0.2981753349304199,1.1990897357463837,0.0,0.0,0.0,0.0,0.0,0.16
291,0.1023,0.7048165202140808,4.688895504614469e-05,1386785.0,221.625,161.5,256.0,0.625,123.25,97.5,149.0,0.0625,0.125,0.0625,0.125,0.75,0.2776891216635704,1.2206375747919083,0.0,0.0,0.0,0.0,0.0,0.16
292,0.0867,0.6013652682304382,4.685918428103602e-05,1392937.0,234.5,192.0,256.0,0.5625,205.25,192.0,218.5,0.125,0.25,0.125,0.25,0.5,0.355146162211895,1.7176751494407654,0.0,0.0,0.0,0.0,0.0,0.16
293,0.0443,1.4068915843963623,4.682941351592736e-05,1398944.0,218.4375,170.5,256.0,0.5625,192.125,170.5,212.25,0.1875,0.26933756470680237,0.1875,0.26933756470680237,0.5,0.48800551891326904,2.167718529701233,0.0,0.0,0.0,0.0,0.0,0.16
294,0.3112,1.2474547624588013,4.67996427508187e-05,1404207.0,201.4375,115.25,256.0,0.5,144.66666793823242,115.25,169.0,0.25,0.39433756470680237,0.25,0.39433756470680237,0.25,0.41106196120381355,1.5336225926876068,0.0,0.0,0.0,0.0,0.0,0.16
295,0.2359,0.7702794075012207,4.676987198571004e-05,1409814.0,201.1875,119.0,245.5,0.5,139.5625,119.0,158.25,0.125,0.25,0.125,0.25,0.5,0.45444076508283615,1.879786193370819,0.0,0.0,0.0,0.0,0.0,0.16
296,0.1598,0.785113513469696,4.6740101220601375e-05,1415472.0,212.875,126.0,256.0,0.625,141.0,126.0,156.0,0.125,0.25,0.125,0.25,0.5,0.5450529456138611,2.6198529601097107,0.0,0.0,0.0,0.0,0.0,0.16
297,0.0167,0.29371827840805054,4.671033045549271e-05,1420611.0,196.1875,90.75,256.0,0.5,127.95833587646484,90.75,160.5,0.0,0.0,0.0,0.0,1.0,0.8356036394834518,4.535219788551331,0.0,0.0,0.0,0.0,0.0,0.16
298,0.0171,0.3228006958961487,4.6680559690384046e-05,1426097.0,188.625,128.25,232.75,0.5625,86.25,64.25,103.25,0.0,0.0,0.0,0.0,1.0,0.8417676687240601,3.5003047585487366,0.0,0.0,0.0,0.0,0.0,0.16
299,0.0209,0.41815680265426636,4.665078892527538e-05,1431202.0,182.5625,107.75,240.0,0.375,133.02083587646484,107.75,152.25,0.0,0.0,0.0,0.0,1.0,1.046277791261673,4.421506941318512,0.0,0.0,0.0,0.0,0.0,0.16
300,0.0135,0.11505398154258728,4.6621018160166716e-05,1436152.0,172.875,102.0,256.0,0.4375,118.83333396911621,102.0,135.5,0.0,0.0,0.0,0.0,1.0,0.7380439788103104,3.218068242073059,0.0,0.0,0.0,0.0,0.0,0.16
301,0.1308,1.575331449508667,4.6591247395058054e-05,1441030.0,147.875,85.25,217.25,0.125,125.4375,85.25,180.75,0.0625,0.125,0.0625,0.125,0.75,0.7088903933763504,3.6966071128845215,0.0,0.0,0.0,0.0,0.0,0.16
302,0.0952,1.765202283859253,4.656147662994939e-05,1445047.0,114.3125,70.5,164.25,0.0,114.3125,70.5,164.25,0.3125,0.375,0.3125,0.375,0.25,0.5739828795194626,3.112940937280655,0.0,0.0,0.0,0.0,0.0,0.16
303,-0.0395,0.1498686522245407,4.653170586484073e-05,1449082.0,129.6875,52.0,198.5,0.125,114.12500190734863,52.0,160.5,0.0625,0.125,0.0625,0.125,0.75,0.6615676134824753,3.7979193925857544,0.0,0.0,0.0,0.0,0.0,0.16
304,-0.1812,1.5583081245422363,4.650193509973206e-05,1452916.0,94.875,43.25,169.25,0.0625,82.6666669845581,43.25,126.5,0.125,0.14433756470680237,0.125,0.14433756470680237,0.75,0.9185567200183868,4.0627361536026,0.0,0.0,0.0,0.0,0.0,0.16
305,0.1069,2.3203041553497314,4.64721643346234e-05,1457270.0,123.375,70.25,179.75,0.0625,117.16666793823242,70.25,162.5,0.0625,0.125,0.0625,0.125,0.75,0.8467798382043839,3.9740432500839233,0.0,0.0,0.0,0.0,0.0,0.16
306,0.0165,0.23500429093837738,4.6442393569514734e-05,1461607.0,126.3125,49.5,186.5,0.125,111.02083587646484,49.5,171.25,0.0,0.0,0.0,0.0,1.0,0.8233534395694733,3.84477698802948,0.0,0.0,0.0,0.0,0.0,0.16
307,0.032,1.4174762964248657,4.641262280440607e-05,1466201.0,155.875,52.25,224.0,0.25,99.08333396911621,52.25,132.5,0.125,0.14433756470680237,0.125,0.14433756470680237,0.75,0.8853716552257538,4.135396718978882,0.0,0.0,0.0,0.0,0.0,0.17
308,-0.1652,0.304009348154068,4.638285203929742e-05,1470433.0,122.0,74.5,199.5,0.125,103.62500190734863,74.5,136.25,0.0625,0.125,0.0625,0.125,0.75,1.0399140864610672,4.5061140060424805,0.0,0.0,0.0,0.0,0.0,0.17
309,-0.1593,1.853878140449524,4.635308127418875e-05,1474149.0,101.75,49.75,188.25,0.125,81.1875,49.75,121.25,0.25,0.39433756470680237,0.25,0.39433756470680237,0.25,0.6991453021764755,2.9669803380966187,0.0,0.0,0.0,0.0,0.0,0.17
310,0.0161,0.1607317477464676,4.632331050908009e-05,1479477.0,174.5,91.75,244.0,0.3125,133.39583587646484,91.75,177.0,0.0,0.0,0.0,0.0,1.0,0.8016494512557983,3.699145793914795,0.0,0.0,0.0,0.0,0.0,0.17
311,0.0408,2.0692648887634277,4.629353974397142e-05,1483535.0,120.125,67.0,198.0,0.125,101.8125,67.0,136.5,0.25,0.39433756470680237,0.25,0.39433756470680237,0.25,0.6722136437892914,2.790530741214752,0.0,0.0,0.0,0.0,0.0,0.17
312,0.192,1.3283915519714355,4.626376897886276e-05,1488551.0,143.75,94.75,211.25,0.0625,133.5208339691162,94.75,182.0,0.3125,0.375,0.3125,0.375,0.25,0.7566249072551727,2.8721053302288055,0.0,0.0,0.0,0.0,0.0,0.17
313,-0.2752,3.0230071544647217,4.6233998213754097e-05,1492854.0,127.4375,70.5,189.75,0.0625,119.91666793823242,70.5,174.5,0.3125,0.41367512941360474,0.3125,0.41367512941360474,0.25,0.9414715468883514,2.9778668880462646,0.0,0.0,0.0,0.0,0.0,0.17
314,0.3027,2.482591390609741,4.6204227448645435e-05,1497619.0,163.3125,101.5,240.5,0.25,133.3958339691162,101.5,168.5,0.375,0.39433756470680237,0.375,0.39433756470680237,0.25,1.293135643005371,2.9287403225898743,0.0,0.0,0.0,0.0,0.0,0.17
315,0.5468,3.1224558353424072,4.6174456683536774e-05,1502529.0,176.625,122.75,256.0,0.5,74.91666793823242,58.75,94.0,0.4375,0.41367512941360474,0.4375,0.41367512941360474,0.25,1.2345621585845947,2.6579586565494537,0.0,0.0,0.0,0.0,0.0,0.17
316,0.0244,0.3641286790370941,4.6144685918428105e-05,1508969.0,256.0,256.0,256.0,1.0,0.0,0.0,0.0,0.0,0.0,0.0,0.0,1.0,1.2218462228775024,3.971079111099243,0.0,0.0,0.0,0.0,0.0,0.17
317,0.0381,1.27394700050354,4.6114915153319444e-05,1515197.0,256.0,256.0,256.0,1.0,0.0,0.0,0.0,0.0,0.0,0.0,0.0,1.0,1.906850516796112,4.428132176399231,0.0,0.0,0.0,0.0,0.0,0.17
318,0.0318,2.125532627105713,4.6085144388210776e-05,1521653.0,256.0,256.0,256.0,1.0,0.0,0.0,0.0,0.0625,0.125,0.0625,0.125,0.75,1.5882550776004791,5.099405407905579,0.0,0.0,0.0,0.0,0.0,0.17
319,0.1882,2.376335620880127,4.6055373623102114e-05,1527759.0,212.625,156.75,256.0,0.75,41.25,28.75,53.75,0.125,0.25,0.125,0.25,0.5,5.12711176276207,5.160889625549316,0.0,0.0,0.0,0.0,0.0,0.17
320,0.1528,1.4336601495742798,4.602560285799345e-05,1533309.0,220.125,181.5,256.0,0.75,56.25,53.5,59.0,0.0625,0.125,0.0625,0.125,0.75,3.473397672176361,5.7276787757873535,0.0,0.0,0.0,0.0,0.0,0.17
321,0.1954,1.9365450143814087,4.599583209288479e-05,1538788.0,202.6875,147.0,229.25,0.625,89.5625,83.0,99.75,0.25,0.25,0.25,0.25,0.5,2.586297184228897,3.6101745665073395,0.0,0.0,0.0,0.0,0.0,0.17
322,0.3418,1.291652798652649,4.59511759452218e-05,1548786.0,170.3125,88.5,256.0,0.3125,132.33333587646484,88.5,175.75,0.3125,0.41367512941360474,0.3125,0.41367512941360474,0.25,2.749941408634186,3.8916501998901367,0.0,0.0,0.0,0.0,0.0,0.17
323,0.3832,2.569129228591919,4.592140518011313e-05,1554978.0,232.0,182.75,256.0,0.8125,59.75,54.75,64.75,0.25,0.28867512941360474,0.25,0.28867512941360474,0.5,9.011905491352081,7.525799334049225,0.0,0.0,0.0,0.0,0.0,0.17
324,0.3206,10.73469066619873,4.589163441500447e-05,1560867.0,231.5625,180.0,256.0,0.8125,61.625,52.0,71.25,0.0,0.0,0.0,0.0,1.0,15.840850830078125,8.704052925109863,0.0,0.0,0.0,0.0,0.0,0.17
325,0.5058,12.048389434814453,4.58618636498958e-05,1566288.0,203.8125,137.5,256.0,0.625,96.91666793823242,73.5,120.25,0.125,0.14433756470680237,0.125,0.14433756470680237,0.75,15.044086217880249,8.51155948638916,0.0,0.0,0.0,0.0,0.0,0.18
326,0.46,7.102254867553711,4.583209288478714e-05,1572066.0,224.625,172.25,256.0,0.8125,44.5,44.25,44.75,0.125,0.14433756470680237,0.125,0.14433756470680237,0.75,12.491114139556885,9.14034354686737,0.0,0.0,0.0,0.0,0.0,0.18
327,0.4287,3.2399368286132812,4.580232211967848e-05,1578108.0,233.125,164.5,256.0,0.875,36.5,36.5,36.5,0.0625,0.125,0.0625,0.125,0.75,12.488383531570435,9.488591432571411,0.0,0.0,0.0,0.0,0.0,0.18
328,0.1339,2.8857836723327637,4.5757665972015486e-05,1589932.0,228.625,170.0,256.0,0.8125,44.75,42.0,47.5,0.0,0.0,0.0,0.0,1.0,6.764433026313782,9.243840456008911,0.0,0.0,0.0,0.0,0.0,0.18
329,0.0468,1.008095145225525,4.572789520690682e-05,1596189.0,250.5625,234.25,256.0,0.9375,42.25,42.25,42.25,0.0,0.0,0.0,0.0,1.0,2.327738434076309,7.355119705200195,0.0,0.0,0.0,0.0,0.0,0.18
330,0.1824,0.3337571620941162,4.5698124441798156e-05,1602251.0,227.625,186.0,256.0,0.8125,61.0,58.0,64.0,0.0625,0.125,0.0625,0.125,0.75,1.105645164847374,5.925062894821167,0.0,0.0,0.0,0.0,0.0,0.18
331,0.1479,2.891146183013916,4.566835367668949e-05,1608136.0,233.8125,167.25,256.0,0.875,39.25,39.25,39.25,0.0625,0.125,0.0625,0.125,0.75,0.6676880046725273,4.62589156627655,0.0,0.0,0.0,0.0,0.0,0.18
332,0.4157,6.737265586853027,4.5638582911580827e-05,1613319.0,197.4375,137.0,256.0,0.625,83.16666793823242,73.0,93.75,0.25,0.25,0.25,0.25,0.5,0.4961830675601959,3.678896129131317,0.0,0.0,0.0,0.0,0.0,0.18
333,0.302,4.307109832763672,4.560881214647217e-05,1618811.0,219.5,177.75,256.0,0.75,55.0,49.75,65.0,0.1875,0.26933756470680237,0.1875,0.26933756470680237,0.5,0.5161227881908417,4.430526852607727,0.0,0.0,0.0,0.0,0.0,0.18
334,0.2219,2.0029308795928955,4.5579041381363504e-05,1623961.0,194.125,85.5,256.0,0.5625,105.0,85.5,124.5,0.125,0.25,0.125,0.25,0.5,0.622151181101799,3.6866654753684998,0.0,0.0,0.0,0.0,0.0,0.18
335,0.3409,5.052489280700684,4.554927061625484e-05,1629284.0,188.1875,102.75,256.0,0.5,122.58333396911621,102.75,137.5,0.3125,0.41367512941360474,0.3125,0.41367512941360474,0.25,1.110424354672432,4.219030499458313,0.0,0.0,0.0,0.0,0.0,0.18
336,0.5917,9.989195823669434,4.5519499851146174e-05,1634354.0,188.375,78.25,256.0,0.5625,99.5,78.25,120.75,0.375,0.5386751294136047,0.375,0.5386751294136047,0.0,2.994253396987915,6.607933044433594,0.0,0.0,0.0,0.0,0.0,0.18
337,0.3007,2.9359047412872314,4.548972908603751e-05,1639303.0,179.3125,56.5,256.0,0.5625,84.0,56.5,111.5,0.0625,0.125,0.0625,0.125,0.75,6.8593670129776,7.767205715179443,0.0,0.0,0.0,0.0,0.0,0.18
338,0.2739,6.948025703430176,4.545995832092885e-05,1645406.0,225.9375,135.75,256.0,0.8125,71.75,71.75,71.75,0.0,0.0,0.0,0.0,1.0,13.67457103729248,9.824260473251343,0.0,0.0,0.0,0.0,0.0,0.18
339,0.3212,5.671777248382568,4.543018755582019e-05,1650556.0,176.875,101.25,252.0,0.3125,140.47916793823242,101.25,185.75,0.0625,0.125,0.0625,0.125,0.75,12.455291509628296,8.558779239654541,0.0,0.0,0.0,0.0,0.0,0.18
340,0.2554,3.637831449508667,4.540041679071153e-05,1656297.0,214.0625,149.0,256.0,0.5625,120.83333587646484,85.0,154.25,0.0,0.0,0.0,0.0,1.0,12.78157091140747,7.982946395874023,0.0,0.0,0.0,0.0,0.0,0.18
341,0.174,2.8807144165039062,4.537064602560286e-05,1661327.0,164.375,84.25,243.0,0.25,131.27083587646484,84.25,174.25,0.0625,0.125,0.0625,0.125,0.75,6.791339635848999,7.301544427871704,0.0,0.0,0.0,0.0,0.0,0.18
342,0.1892,3.5244619846343994,4.53408752604942e-05,1665931.0,157.25,83.75,217.0,0.3125,122.16666793823242,83.75,151.0,0.375,0.39433756470680237,0.375,0.39433756470680237,0.25,3.4925075247883797,4.737604886293411,0.0,0.0,0.0,0.0,0.0,0.18
343,0.0623,1.4444397687911987,4.531110449538553e-05,1671091.0,172.25,126.5,204.0,0.1875,158.9375,126.5,182.5,0.5625,0.375,0.5625,0.375,0.25,3.398911878466606,4.197857528924942,0.0,0.0,0.0,0.0,0.0,0.19
344,0.3218,1.451080322265625,4.528133373027687e-05,1675539.0,145.0,98.75,221.75,0.125,128.12500190734863,98.75,169.25,0.4375,0.41367512941360474,0.4375,0.41367512941360474,0.25,2.870369791984558,3.3779138326644897,0.0,0.0,0.0,0.0,0.0,0.19
345,0.4028,7.009757041931152,4.525156296516821e-05,1679810.0,131.6875,88.75,193.25,0.0625,127.89583587646484,88.75,183.75,0.5625,0.5580126941204071,0.5625,0.5580126941204071,0.0,4.041580557823181,2.973290264606476,0.0,0.0,0.0,0.0,0.0,0.19
346,0.3946,3.23787784576416,4.5221792200059546e-05,1684611.0,165.3125,72.25,256.0,0.375,114.41666793823242,72.25,154.25,0.3125,0.5193375647068024,0.3125,0.5193375647068024,0.0,6.982660591602325,4.122729420661926,0.0,0.0,0.0,0.0,0.0,0.19
347,0.5131,3.7252228260040283,4.5192021434950884e-05,1689567.0,171.0,74.25,230.5,0.4375,99.6875,74.25,126.75,0.125,0.14433756470680237,0.125,0.14433756470680237,0.75,16.07132315635681,7.461273193359375,0.0,0.0,0.0,0.0,0.0,0.19
348,0.69,7.251293659210205,4.5162250669842216e-05,1695077.0,201.875,95.75,256.0,0.625,109.75,95.75,123.75,0.1875,0.26933756470680237,0.1875,0.26933756470680237,0.5,22.982583045959473,8.853243350982666,0.0,0.0,0.0,0.0,0.0,0.19
349,0.5769,11.88119125366211,4.5132479904733554e-05,1700530.0,211.8125,129.75,256.0,0.6875,78.75,65.75,91.75,0.0,0.0,0.0,0.0,1.0,29.381508827209473,10.110718965530396,0.0,0.0,0.0,0.0,0.0,0.19
350,0.5586,10.9139986038208,4.5102709139624886e-05,1705974.0,206.25,129.0,256.0,0.625,101.83333396911621,65.0,128.25,0.0625,0.125,0.0625,0.125,0.75,28.658081769943237,8.513453483581543,0.0,0.0,0.0,0.0,0.0,0.19
351,0.7284,7.203123092651367,4.5072938374516225e-05,1711055.0,171.3125,91.25,256.0,0.4375,105.45833587646484,91.25,122.75,0.1875,0.26933756470680237,0.1875,0.26933756470680237,0.5,21.312191247940063,7.474809527397156,0.0,0.0,0.0,0.0,0.0,0.19
352,0.3045,2.409654140472412,4.504316760940756e-05,1716135.0,168.0,98.5,224.75,0.25,142.8333339691162,98.5,177.75,0.0625,0.125,0.0625,0.125,0.75,18.249913692474365,8.009315133094788,0.0,0.0,0.0,0.0,0.0,0.19
353,0.3063,5.325079917907715,4.50133968442989e-05,1721783.0,203.75,131.0,256.0,0.5,155.5,131.0,179.75,0.0625,0.125,0.0625,0.125,0.75,12.495710372924805,8.384803652763367,0.0,0.0,0.0,0.0,0.0,0.19
354,0.2352,3.8345885276794434,4.498362607919024e-05,1727069.0,185.125,141.75,238.25,0.4375,101.64583587646484,77.75,140.0,0.125,0.14433756470680237,0.125,0.14433756470680237,0.75,4.897690564393997,4.894367009401321,0.0,0.0,0.0,0.0,0.0,0.19
355,0.0503,1.0658538341522217,4.495385531408157e-05,1731973.0,158.25,106.25,200.0,0.1875,144.9375,106.25,182.25,0.375,0.25,0.375,0.25,0.5,3.793460100889206,4.53787288069725,0.0,0.0,0.0,0.0,0.0,0.19
356,0.1305,5.947263240814209,4.492408454897291e-05,1736503.0,143.375,91.0,226.0,0.125,126.37500381469727,91.0,179.25,0.625,0.39433756470680237,0.625,0.39433756470680237,0.25,1.9457887411117554,3.0727202370762825,0.0,0.0,0.0,0.0,0.0,0.19
357,0.3033,12.526771545410156,4.489431378386424e-05,1741834.0,197.4375,152.25,256.0,0.375,176.41666793823242,152.25,195.0,0.375,0.39433756470680237,0.375,0.39433756470680237,0.25,3.014172315597534,4.920604825019836,0.0,0.0,0.0,0.0,0.0,0.19
358,0.5281,7.33102560043335,4.486454301875558e-05,1747112.0,193.375,116.0,247.5,0.4375,141.875,116.0,174.25,0.375,0.5,0.375,0.5,0.0,4.871341794729233,5.524055153131485,0.0,0.0,0.0,0.0,0.0,0.19
359,0.3482,1.851519227027893,4.483477225364692e-05,1752902.0,199.625,110.0,256.0,0.5,150.83333587646484,110.0,194.5,0.125,0.25,0.125,0.25,0.5,8.851123690605164,7.913012385368347,0.0,0.0,0.0,0.0,0.0,0.19
360,0.3348,2.976008892059326,4.480500148853826e-05,1757512.0,160.625,110.5,204.5,0.3125,129.0625,110.5,155.75,0.3125,0.375,0.3125,0.375,0.25,9.113586574792862,5.894930273294449,0.0,0.0,0.0,0.0,0.0,0.19
361,0.5344,4.914185047149658,4.4775230723429597e-05,1763263.0,199.9375,109.5,256.0,0.6875,55.75,45.5,66.0,0.4375,0.5580126941204071,0.4375,0.5580126941204071,0.0,15.92448103427887,7.132151663303375,0.0,0.0,0.0,0.0,0.0,0.2
362,0.7196,12.180231094360352,4.474545995832093e-05,1769290.0,214.6875,125.5,256.0,0.75,65.0,61.5,68.5,0.125,0.14433756470680237,0.125,0.14433756470680237,0.75,26.527815341949463,9.734086513519287,0.0,0.0,0.0,0.0,0.0,0.2
363,0.5927,12.318984985351562,4.471568919321227e-05,1775218.0,213.0,125.75,256.0,0.75,66.875,61.75,72.0,0.0,0.0,0.0,0.0,1.0,30.199520111083984,10.257710456848145,0.0,0.0,0.0,0.0,0.0,0.2
364,0.7166,12.771340370178223,4.4685918428103605e-05,1781011.0,224.8125,172.0,256.0,0.8125,44.875,44.0,45.75,0.125,0.25,0.125,0.25,0.5,28.88814115524292,9.804699897766113,0.0,0.0,0.0,0.0,0.0,0.2
365,0.4176,2.7020933628082275,4.465614766299494e-05,1786286.0,196.6875,100.75,256.0,0.5625,121.5,100.75,143.0,0.125,0.25,0.125,0.25,0.5,20.62148141860962,8.762945294380188,0.0,0.0,0.0,0.0,0.0,0.2
366,0.3666,2.2618608474731445,4.462637689788628e-05,1791153.0,166.9375,59.25,256.0,0.375,99.25000190734863,59.25,144.5,0.1875,0.26933756470680237,0.1875,0.26933756470680237,0.5,12.857643127441406,6.792978763580322,0.0,0.0,0.0,0.0,0.0,0.2
367,0.1578,2.459183692932129,4.4596606132777614e-05,1796499.0,186.625,151.0,224.75,0.4375,103.1875,87.0,119.5,0.375,0.14433756470680237,0.375,0.14433756470680237,0.75,6.1207736395299435,4.963455028831959,0.0,0.0,0.0,0.0,0.0,0.2
368,-0.0745,8.528435707092285,4.456683536766895e-05,1800458.0,118.6875,72.75,139.75,0.1875,93.9375,72.75,106.75,0.5625,0.26933756470680237,0.5625,0.26933756470680237,0.5,4.382455039769411,3.979108765721321,0.0,0.0,0.0,0.0,0.0,0.2
369,0.0904,4.43382453918457,4.4537064602560285e-05,1804437.0,116.6875,73.5,175.5,0.0625,106.625,73.5,141.0,0.5625,0.41367512941360474,0.5625,0.41367512941360474,0.25,2.5122565254569054,3.745563291013241,0.0,0.0,0.0,0.0,0.0,0.2
370,0.2261,6.89033842086792,4.450729383745162e-05,1808910.0,140.8125,77.75,201.5,0.125,119.625,77.75,163.25,0.625,0.25,0.625,0.25,0.5,1.9793318286538124,2.790593434125185,0.0,0.0,0.0,0.0,0.0,0.2
371,0.0248,1.1073269844055176,4.447752307234296e-05,1813772.0,165.625,120.75,224.0,0.125,151.93750381469727,120.75,185.0,0.5,0.0,0.5,0.0,1.0,1.2098306976258755,2.015050269663334,0.0,0.0,0.0,0.0,0.0,0.2
372,0.0036,0.016653766855597496,4.44477523072343e-05,1818042.0,138.875,79.0,182.75,0.0625,130.0625,79.0,163.25,0.75,0.0,0.75,0.0,1.0,0.19574421271681786,0.2464785221964121,0.0,0.0,0.0,0.0,0.0,0.2
373,0.0283,0.9327337741851807,4.441798154212564e-05,1822993.0,160.4375,77.75,230.0,0.25,133.43750381469727,77.75,183.5,0.5625,0.41367512941360474,0.5625,0.41367512941360474,0.25,1.0117192417383194,1.9575374722480774,0.0,0.0,0.0,0.0,0.0,0.2
374,0.1929,10.025585174560547,4.438821077701697e-05,1827563.0,151.375,86.5,211.25,0.125,137.0416717529297,86.5,179.75,0.75,0.39433756470680237,0.75,0.39433756470680237,0.25,1.4156519174575806,2.1061097979545593,0.0,0.0,0.0,0.0,0.0,0.2
375,0.1538,6.047957897186279,4.435844001190831e-05,1832514.0,166.9375,83.5,256.0,0.3125,124.41666984558105,83.5,156.75,0.1875,0.125,0.1875,0.125,0.75,2.75811979919672,4.407552391290665,0.0,0.0,0.0,0.0,0.0,0.2
376,-0.0406,5.570878982543945,4.432866924679964e-05,1838045.0,198.9375,145.75,241.75,0.1875,188.75,145.75,221.75,0.625,0.5,0.625,0.5,0.0,1.2582985647022724,1.337001046165824,0.0,0.0,0.0,0.0,0.0,0.2
377,-0.0291,0.6664624810218811,4.429889848169098e-05,1842803.0,162.625,133.25,198.0,0.0625,155.25,133.25,182.0,0.5625,0.375,0.5625,0.375,0.25,2.0981041714549065,1.8965893052518368,0.0,0.0,0.0,0.0,0.0,0.2
378,0.0425,1.7698546648025513,4.426912771658232e-05,1847635.0,160.25,103.5,194.5,0.3125,118.875,103.5,128.75,0.4375,0.125,0.4375,0.125,0.75,4.333505842834711,3.601426739245653,0.0,0.0,0.0,0.0,0.0,0.2
379,0.2578,4.118067741394043,4.4239356951473656e-05,1852992.0,187.3125,83.5,239.0,0.5,97.375,83.5,110.0,0.3125,0.125,0.3125,0.125,0.75,8.444364592432976,6.710457354784012,0.0,0.0,0.0,0.0,0.0,0.2
380,0.4488,3.809443950653076,4.4209586186364995e-05,1858011.0,161.4375,77.5,249.0,0.3125,117.8125,77.5,157.0,0.3125,0.41367512941360474,0.3125,0.41367512941360474,0.25,9.384382486343384,6.605666756629944,0.0,0.0,0.0,0.0,0.0,0.21
381,0.3551,3.586477279663086,4.4179815421256327e-05,1862932.0,181.3125,88.0,256.0,0.375,131.625,88.0,177.75,0.1875,0.375,0.1875,0.375,0.25,12.677297592163086,6.7805668115615845,0.0,0.0,0.0,0.0,0.0,0.21
382,0.4143,3.0115299224853516,4.4150044656147665e-05,1867539.0,143.9375,63.0,218.25,0.375,74.4375,63.0,91.25,0.1875,0.125,0.1875,0.125,0.75,15.958665370941162,8.238665699958801,0.0,0.0,0.0,0.0,0.0,0.21
383,0.3915,6.211074352264404,4.4120273891039004e-05,1871674.0,126.4375,62.0,207.5,0.3125,70.625,62.0,86.5,0.4375,0.26933756470680237,0.4375,0.26933756470680237,0.5,8.64433216303587,5.420433487743139,0.0,0.0,0.0,0.0,0.0,0.21
384,0.4934,4.844862461090088,4.4090503125930335e-05,1875921.0,128.1875,74.25,215.75,0.1875,99.50000381469727,74.25,119.25,0.5,0.28867512941360474,0.5,0.28867512941360474,0.5,12.559393987059593,5.641310580074787,0.0,0.0,0.0,0.0,0.0,0.21
385,0.4012,0.027282947674393654,4.4060732360821674e-05,1879535.0,90.625,56.25,158.25,0.125,68.1875,56.25,75.25,0.75,0.28867512941360474,0.75,0.28867512941360474,0.5,6.721169397234917,2.689452040940523,0.0,0.0,0.0,0.0,0.0,0.21
386,0.4688,10.180984497070312,4.403096159571301e-05,1884818.0,192.4375,114.0,256.0,0.625,61.45833396911621,50.0,77.75,0.0625,0.125,0.0625,0.125,0.75,24.297940254211426,8.668359994888306,0.0,0.0,0.0,0.0,0.0,0.21
387,0.4248,5.105781555175781,4.400119083060435e-05,1890109.0,187.6875,82.0,223.0,0.5625,83.25,82.0,83.75,0.25,0.0,0.25,0.0,1.0,20.57605916634202,7.2101786360144615,0.0,0.0,0.0,0.0,0.0,0.21
388,1.0382,7.025155067443848,4.397142006549568e-05,1895099.0,169.625,74.75,256.0,0.5,80.83333396911621,74.75,88.0,0.375,0.39433756470680237,0.375,0.39433756470680237,0.25,22.803205251693726,7.173999667167664,0.0,0.0,0.0,0.0,0.0,0.21
389,0.3471,3.6929707527160645,4.394164930038702e-05,1899411.0,130.75,51.75,191.5,0.25,79.35416793823242,51.75,105.25,0.375,0.39433756470680237,0.375,0.39433756470680237,0.25,11.689447950571775,4.819692090153694,0.0,0.0,0.0,0.0,0.0,0.21
390,0.6865,2.753711700439453,4.391187853527836e-05,1904307.0,158.75,115.0,229.25,0.25,124.60416793823242,115.0,132.75,0.625,0.5386751294136047,0.625,0.5386751294136047,0.0,8.114397164434195,3.045653458684683,0.0,0.0,0.0,0.0,0.0,0.21
391,0.0037,0.024051452055573463,4.388210777016969e-05,1907951.0,99.75,81.25,123.25,0.0,99.75,81.25,123.25,1.0,0.0,1.0,0.0,1.0,0.18795065209269524,0.10721961315721273,0.0,0.0,0.0,0.0,0.0,0.21
392,0.3288,5.487151145935059,4.385233700506104e-05,1912282.0,131.1875,91.5,187.0,0.0625,120.77083396911621,91.5,150.75,0.9375,0.125,0.9375,0.125,0.75,3.2892459109425545,0.9277292564511299,0.0,0.0,0.0,0.0,0.0,0.21
393,0.0044,0.0493861585855484,4.382256623995237e-05,1915836.0,99.375,83.0,116.25,0.0,99.375,83.0,116.25,1.0,0.0,1.0,0.0,1.0,0.22050384432077408,0.09050682745873928,0.0,0.0,0.0,0.0,0.0,0.21
394,0.3236,3.2667031288146973,4.379279547484371e-05,1921110.0,173.625,139.25,207.5,0.25,146.08333587646484,139.25,155.25,0.5,0.28867512941360474,0.5,0.28867512941360474,0.5,11.52266251295805,3.2287101224064827,0.0,0.0,0.0,0.0,0.0,0.21
395,0.0839,4.06593132019043,4.376302470973504e-05,1925163.0,118.8125,110.25,128.0,0.0,118.8125,110.25,128.0,0.875,0.25,0.875,0.25,0.5,3.3097493946552277,0.8233831198886037,0.0,0.0,0.0,0.0,0.0,0.21
396,0.2872,0.11050298064947128,4.373325394462638e-05,1929470.0,135.6875,111.25,163.75,0.0625,133.8125,111.25,162.25,0.5625,0.26933756470680237,0.5625,0.26933756470680237,0.5,4.971594393253326,1.123082920908928,0.0,0.0,0.0,0.0,0.0,0.21
397,0.3895,4.971407890319824,4.3703483179517716e-05,1934197.0,144.6875,107.5,168.25,0.0625,139.83333587646484,107.5,165.0,0.5625,0.125,0.5625,0.125,0.75,12.147915106266737,2.2131642093881965,0.0,0.0,0.0,0.0,0.0,0.21
398,0.0041,0.025514204055070877,4.3673712414409055e-05,1938082.0,105.8125,99.0,113.75,0.0,105.8125,99.0,113.75,1.0,0.0,1.0,0.0,1.0,0.2057955116033554,0.07422512955963612,0.0,0.0,0.0,0.0,0.0,0.21
399,0.1596,7.658111095428467,4.364394164930039e-05,1944016.0,192.125,177.25,203.0,0.375,124.4375,113.25,132.25,0.4375,0.125,0.4375,0.125,0.75,10.575107377022505,1.9930169582366943,0.0,0.0,0.0,0.0,0.0,0.22
400,-0.0028,0.0199720561504364,4.3614170884191725e-05,1947826.0,99.125,89.5,107.25,0.0,99.125,89.5,107.25,0.9375,0.125,0.9375,0.125,0.75,0.22944916784763336,0.0940753547474742,0.0,0.0,0.0,0.0,0.0,0.22
401,0.1426,1.743588924407959,4.358440011908306e-05,1952413.0,143.4375,129.25,163.0,0.0625,140.39583587646484,129.25,152.75,0.75,0.25,0.75,0.25,0.5,4.189732983708382,0.8072893060743809,0.0,0.0,0.0,0.0,0.0,0.22
402,0.3834,5.440009593963623,4.3554629353974395e-05,1957455.0,148.625,125.75,180.25,0.3125,75.22916793823242,61.75,85.0,0.4375,0.125,0.4375,0.125,0.75,18.05651243776083,3.402451897971332,0.0,0.0,0.0,0.0,0.0,0.22
403,0.087,2.062692642211914,4.3524858588865734e-05,1962168.0,155.0625,134.25,171.75,0.0625,153.29166793823242,134.25,169.25,0.5625,0.26933756470680237,0.5625,0.26933756470680237,0.5,2.194987256079912,0.6244747815653682,0.0,0.0,0.0,0.0,0.0,0.22
404,0.0008,4.025306224822998,4.349508782375707e-05,1965449.0,76.0625,69.25,82.75,0.0,76.0625,69.25,82.75,0.8125,0.26933756470680237,0.8125,0.26933756470680237,0.5,0.22528093680739403,0.12007846496999264,0.0,0.0,0.0,0.0,0.0,0.22
405,0.6063,6.355432510375977,4.346531705864841e-05,1971220.0,198.6875,138.5,231.75,0.5,143.125,138.5,153.0,0.125,0.25,0.125,0.25,0.5,20.216719388961792,5.268563657999039,0.0,0.0,0.0,0.0,0.0,0.22
406,-0.0285,2.4568748474121094,4.343554629353975e-05,1975036.0,104.5,65.0,127.5,0.125,90.375,65.0,104.75,0.6875,0.125,0.6875,0.125,0.75,6.540369443595409,2.1608278322964907,0.0,0.0,0.0,0.0,0.0,0.22
407,0.1599,6.548300743103027,4.340577552843108e-05,1979045.0,112.3125,90.25,156.5,0.0625,101.75,90.25,119.0,0.625,0.14433756470680237,0.625,0.14433756470680237,0.75,2.1903365440666676,1.1411396879702806,0.0,0.0,0.0,0.0,0.0,0.22
408,0.1311,1.6122400760650635,4.337600476332242e-05,1983700.0,143.4375,115.0,176.75,0.125,132.5833339691162,115.0,153.0,0.5625,0.125,0.5625,0.125,0.75,3.1937426552176476,1.5102537022903562,0.0,0.0,0.0,0.0,0.0,0.22
409,0.0395,3.4616177082061768,4.334623399821376e-05,1987330.0,91.125,82.75,103.75,0.0,91.125,82.75,103.75,0.5,0.25,0.5,0.25,0.5,0.792276605963707,0.569761423394084,0.0,0.0,0.0,0.0,0.0,0.22
410,0.4963,5.541117191314697,4.331646323310509e-05,1992259.0,147.3125,72.25,242.5,0.1875,123.22916793823242,72.25,182.5,0.25,0.5,0.25,0.5,0.0,9.011066854000092,5.704982399940491,0.0,0.0,0.0,0.0,0.0,0.22
411,0.0019,3.837573766708374,4.328669246799643e-05,1995873.0,83.625,71.5,93.5,0.0,83.625,71.5,93.5,0.875,0.25,0.875,0.25,0.5,1.1834972873330116,0.7320415414869785,0.0,0.0,0.0,0.0,0.0,0.22
412,0.2229,1.7985371351242065,4.325692170288777e-05,1999869.0,117.0,87.75,148.5,0.125,98.5,87.75,116.25,0.5625,0.26933756470680237,0.5625,0.26933756470680237,0.5,5.505637068301439,2.5872270595282316,0.0,0.0,0.0,0.0,0.0,0.22
413,0.2925,6.876766204833984,4.3227150937779105e-05,2003897.0,116.0,64.5,174.75,0.125,98.5,64.5,137.0,0.5625,0.26933756470680237,0.5625,0.26933756470680237,0.5,8.418930105865002,3.0985605344176292,0.0,0.0,0.0,0.0,0.0,0.22
414,0.1585,0.05136959254741669,4.319738017267044e-05,2008659.0,155.625,116.75,190.25,0.1875,139.3125,116.75,165.75,0.5,0.0,0.5,0.0,1.0,7.714104920625687,2.848336363211274,0.0,0.0,0.0,0.0,0.0,0.22
415,0.1995,2.75303316116333,4.3167609407561776e-05,2013425.0,125.125,96.25,171.0,0.1875,105.58333396911621,96.25,120.5,0.625,0.14433756470680237,0.625,0.14433756470680237,0.75,5.754074290394783,2.123091846704483,0.0,0.0,0.0,0.0,0.0,0.22
416,0.6242,10.482270240783691,4.3137838642453114e-05,2017716.0,126.6875,81.75,195.75,0.1875,107.47916793823242,81.75,154.5,0.4375,0.125,0.4375,0.125,0.75,13.918736301362514,5.182389723137021,0.0,0.0,0.0,0.0,0.0,0.22
417,0.2307,3.229226589202881,4.3108067877344446e-05,2021740.0,102.5,76.25,139.25,0.0,102.5,76.25,139.25,0.625,0.14433756470680237,0.625,0.14433756470680237,0.75,5.4510781690478325,2.4561801655218005,0.0,0.0,0.0,0.0,0.0,0.23
418,0.2743,1.6206012964248657,4.307829711223579e-05,2026457.0,144.5625,106.75,210.75,0.1875,122.77083587646484,106.75,133.75,0.3125,0.125,0.3125,0.125,0.75,10.977026626467705,3.636382829397917,0.0,0.0,0.0,0.0,0.0,0.23
419,0.3269,5.277043342590332,4.304852634712712e-05,2030210.0,94.3125,60.0,155.5,0.0625,82.85416793823242,60.0,113.0,0.25,0.25,0.25,0.25,0.5,13.539061971008778,4.509713873267174,0.0,0.0,0.0,0.0,0.0,0.23
420,0.1639,4.100908279418945,4.301875558201846e-05,2034289.0,111.1875,88.5,139.75,0.0,111.1875,88.5,139.75,0.5,0.25,0.5,0.25,0.5,9.547668725252151,3.5585986711084843,0.0,0.0,0.0,0.0,0.0,0.23
421,0.2739,3.8620171546936035,4.298898481690979e-05,2038411.0,114.125,70.25,173.25,0.0,114.125,70.25,173.25,0.25,0.0,0.25,0.0,1.0,12.910404983907938,5.302216732874513,0.0,0.0,0.0,0.0,0.0,0.23
422,0.096,3.0222606658935547,4.295921405180113e-05,2041982.0,81.4375,59.5,124.25,0.0625,68.4791669845581,59.5,79.25,0.75,0.0,0.75,0.0,1.0,3.7585011199116707,2.1686305850744247,0.0,0.0,0.0,0.0,0.0,0.23
423,0.1732,3.580385208129883,4.292944328669247e-05,2046735.0,147.8125,120.25,177.5,0.125,140.8125,120.25,172.0,0.1875,0.26933756470680237,0.1875,0.26933756470680237,0.5,3.058922927826643,2.0325513668358326,0.0,0.0,0.0,0.0,0.0,0.23
424,0.5759,11.12514877319336,4.289967252158381e-05,2051013.0,127.125,85.5,207.5,0.125,110.33333587646484,85.5,154.25,0.25,0.25,0.25,0.25,0.5,6.287792898714542,4.655697740614414,0.0,0.0,0.0,0.0,0.0,0.23
425,-0.0333,5.93659782409668,4.286990175647515e-05,2054984.0,96.4375,63.0,123.0,0.0,96.4375,63.0,123.0,0.8125,0.26933756470680237,0.8125,0.26933756470680237,0.5,2.230483077466488,1.7168982662260532,0.0,0.0,0.0,0.0,0.0,0.23
426,0.1391,5.015328884124756,4.284013099136648e-05,2059722.0,152.375,73.75,234.5,0.25,112.85416984558105,73.75,154.25,0.1875,0.125,0.1875,0.125,0.75,9.540062468498945,5.784980796277523,0.0,0.0,0.0,0.0,0.0,0.23
427,0.0799,2.6400699615478516,4.281036022625782e-05,2063646.0,113.0,64.0,168.25,0.0625,105.27083587646484,64.0,149.0,0.5,0.25,0.5,0.25,0.5,9.220874786376953,4.2961602210998535,0.0,0.0,0.0,0.0,0.0,0.23
428,0.1015,1.3316969871520996,4.278058946114915e-05,2067335.0,93.8125,69.25,136.0,0.0625,81.85416793823242,69.25,96.0,0.6875,0.125,0.6875,0.125,0.75,3.3665617406368256,2.3452040292322636,0.0,0.0,0.0,0.0,0.0,0.23
429,-0.0881,1.3446743488311768,4.275081869604049e-05,2071769.0,122.125,101.5,160.25,0.0625,115.33333587646484,101.5,133.5,0.4375,0.26933756470680237,0.4375,0.26933756470680237,0.5,1.865396674722433,1.339844798669219,0.0,0.0,0.0,0.0,0.0,0.23
430,0.0913,2.47538423538208,4.272104793093183e-05,2075854.0,114.8125,81.25,172.75,0.0625,105.02083396911621,81.25,153.25,0.25,0.0,0.25,0.0,1.0,4.680500462651253,3.0094331428408623,0.0,0.0,0.0,0.0,0.0,0.23
431,-0.0147,0.3796512186527252,4.2691277165823165e-05,2080400.0,120.625,83.0,152.75,0.125,105.0625,83.0,136.0,0.3125,0.125,0.3125,0.125,0.75,1.8162681758403778,1.867397928610444,0.0,0.0,0.0,0.0,0.0,0.23
432,-0.0026,2.490671396255493,4.2661506400714504e-05,2084281.0,109.0625,103.75,115.75,0.0,109.0625,103.75,115.75,0.5625,0.26933756470680237,0.5625,0.26933756470680237,0.5,0.16631929203867912,0.11445660889148712,0.0,0.0,0.0,0.0,0.0,0.23
433,0.0568,1.7885080575942993,4.2631735635605835e-05,2087945.0,83.5,73.5,93.25,0.0,83.5,73.5,93.25,0.625,0.25,0.625,0.25,0.5,0.6808558702468872,0.7680966854095459,0.0,0.0,0.0,0.0,0.0,0.23
434,0.0192,0.4917340576648712,4.2601964870497174e-05,2091590.0,83.8125,64.25,102.25,0.0,83.8125,64.25,102.25,0.5,0.0,0.5,0.0,1.0,0.9777169488370419,1.2843627808615565,0.0,0.0,0.0,0.0,0.0,0.23
435,0.0209,1.5310484170913696,4.257219410538851e-05,2095813.0,133.9375,107.5,159.0,0.0625,132.0,107.5,153.5,0.625,0.14433756470680237,0.625,0.14433756470680237,0.75,0.9264896623790264,1.7711246721446514,0.0,0.0,0.0,0.0,0.0,0.23
436,-0.0046,0.0049143326468765736,4.2542423340279844e-05,2099330.0,93.3125,79.0,102.25,0.0,93.3125,79.0,102.25,0.3125,0.125,0.3125,0.125,0.75,0.47246733866631985,0.7417175293667242,0.0,0.0,0.0,0.0,0.0,0.24
437,0.0877,2.195887327194214,4.251265257517118e-05,2103523.0,113.0625,86.5,146.25,0.0,113.0625,86.5,146.25,0.5625,0.125,0.5625,0.125,0.75,0.9891458302736282,2.0132601275108755,0.0,0.0,0.0,0.0,0.0,0.24
438,0.1373,3.395693302154541,4.248288181006252e-05,2107898.0,131.6875,107.0,171.75,0.0625,127.16666793823242,107.0,159.75,0.3125,0.41367512941360474,0.3125,0.41367512941360474,0.25,0.6511300727725029,1.1828313246369362,0.0,0.0,0.0,0.0,0.0,0.24
439,-0.0689,1.2995884418487549,4.245311104495386e-05,2111660.0,98.875,92.25,102.25,0.0,98.875,92.25,102.25,0.9375,0.125,0.9375,0.125,0.75,0.12766983732581139,0.03948440309613943,0.0,0.0,0.0,0.0,0.0,0.24
440,0.0091,0.2341533601284027,4.242334027984519e-05,2115401.0,109.5625,89.25,137.5,0.0,109.5625,89.25,137.5,0.4375,0.26933756470680237,0.4375,0.26933756470680237,0.5,0.6389554403722286,1.2297596596181393,0.0,0.0,0.0,0.0,0.0,0.24
441,0.0996,2.579422950744629,4.239356951473653e-05,2119846.0,122.0625,98.75,151.25,0.0625,113.75,98.75,121.25,0.6875,0.41367512941360474,0.6875,0.41367512941360474,0.25,0.43514737859368324,0.6773354467004538,0.0,0.0,0.0,0.0,0.0,0.24
442,0.2733,6.58784294128418,4.236379874962787e-05,2125458.0,175.5,149.25,214.25,0.25,172.29166793823242,149.25,208.75,0.5,0.25,0.5,0.25,0.5,1.2344803921878338,2.121660128235817,0.0,0.0,0.0,0.0,0.0,0.24
443,0.1809,6.498819351196289,4.23340279845192e-05,2129689.0,125.6875,109.5,154.75,0.0,125.6875,109.5,154.75,0.625,0.25,0.625,0.25,0.5,1.2701161690056324,1.54844412766397,0.0,0.0,0.0,0.0,0.0,0.24
444,-0.0115,2.272808313369751,4.2304257219410546e-05,2134368.0,139.1875,109.75,175.25,0.0625,133.35416793823242,109.75,165.25,0.5,0.39433756470680237,0.5,0.39433756470680237,0.25,2.402079313993454,2.194498524069786,0.0,0.0,0.0,0.0,0.0,0.24
445,-0.0058,0.029959673061966896,4.227448645430188e-05,2138735.0,125.6875,85.75,163.75,0.0625,118.47916793823242,85.75,148.5,0.75,0.25,0.75,0.25,0.5,2.4445697516202927,2.3641225062310696,0.0,0.0,0.0,0.0,0.0,0.24
446,-0.0083,1.7030857801437378,4.2244715689193216e-05,2143671.0,160.0,108.25,194.5,0.1875,150.4375,108.25,181.75,0.4375,0.5193375647068024,0.4375,0.5193375647068024,0.0,4.796996176242828,3.082800343632698,0.0,0.0,0.0,0.0,0.0,0.24
447,0.4427,3.104964256286621,4.221494492408455e-05,2148651.0,175.5,115.5,217.75,0.375,144.0625,115.5,168.25,0.375,0.25,0.375,0.25,0.5,15.20086544752121,6.334459543228149,0.0,0.0,0.0,0.0,0.0,0.24
448,0.0858,3.6470329761505127,4.2185174158975886e-05,2153161.0,137.875,75.5,200.5,0.1875,109.125,75.5,146.75,0.4375,0.26933756470680237,0.4375,0.26933756470680237,0.5,12.858923852443695,4.577445358037949,0.0,0.0,0.0,0.0,0.0,0.24
449,0.3981,1.6494072675704956,4.2155403393867225e-05,2157698.0,148.5625,109.75,181.25,0.25,121.16666793823242,109.75,130.25,0.5625,0.125,0.5625,0.125,0.75,15.065554406493902,4.496103823184967,0.0,0.0,0.0,0.0,0.0,0.24
450,0.6003,3.345004081726074,4.2125632628758563e-05,2162694.0,179.75,118.25,226.5,0.375,139.125,118.25,161.0,0.25,0.28867512941360474,0.25,0.28867512941360474,0.5,20.842735528945923,6.488531172275543,0.0,0.0,0.0,0.0,0.0,0.24
451,0.4378,2.2425267696380615,4.20958618636499e-05,2167173.0,149.9375,89.5,212.75,0.1875,119.9375,89.5,157.75,0.375,0.14433756470680237,0.375,0.14433756470680237,0.75,16.387240409851074,5.420777268707752,0.0,0.0,0.0,0.0,0.0,0.24
452,0.0909,0.013173611834645271,4.2066091098541234e-05,2172196.0,170.6875,154.25,193.0,0.125,168.125,154.25,188.0,0.5,0.0,0.5,0.0,1.0,4.54448863863945,1.816770013421774,0.0,0.0,0.0,0.0,0.0,0.24
453,-0.0781,2.3181302547454834,4.203632033343257e-05,2176309.0,125.0625,101.25,145.75,0.0,125.0625,101.25,145.75,0.875,0.25,0.875,0.25,0.5,1.4254753217101097,0.6023426130414009,0.0,0.0,0.0,0.0,0.0,0.24
454,-0.0862,1.3575202226638794,4.2006549568323904e-05,2180941.0,142.5,102.5,163.25,0.125,133.375,102.5,152.0,0.6875,0.125,0.6875,0.125,0.75,2.9796639271080494,1.7642627311870456,0.0,0.0,0.0,0.0,0.0,0.24
455,0.2763,6.848312854766846,4.197677880321524e-05,2186092.0,161.9375,121.75,208.5,0.25,131.20833587646484,121.75,149.5,0.4375,0.26933756470680237,0.4375,0.26933756470680237,0.5,8.685744784772396,4.8592558316886425,0.0,0.0,0.0,0.0,0.0,0.25
456,-0.047,0.4717745780944824,4.194700803810658e-05,2190753.0,147.5625,117.5,182.5,0.0625,142.625,117.5,174.0,0.6875,0.125,0.6875,0.125,0.75,1.401803396642208,1.1271647922694683,0.0,0.0,0.0,0.0,0.0,0.25
457,0.1117,2.324392557144165,4.191723727299792e-05,2195203.0,133.875,112.5,169.75,0.0625,124.25,112.5,137.0,0.6875,0.375,0.6875,0.375,0.25,2.164517041295767,1.5728109031915665,0.0,0.0,0.0,0.0,0.0,0.25
458,0.0751,1.6683446168899536,4.188746650788926e-05,2200451.0,179.25,156.0,202.0,0.25,172.375,156.0,191.25,0.4375,0.375,0.4375,0.375,0.25,0.739576194435358,0.4984304867684841,0.0,0.0,0.0,0.0,0.0,0.25
459,0.0235,0.1445821076631546,4.185769574278059e-05,2205091.0,150.25,135.5,169.0,0.0,150.25,135.5,169.0,0.75,0.0,0.75,0.0,1.0,1.1785519849509,0.592013830319047,0.0,0.0,0.0,0.0,0.0,0.25
460,0.0888,1.3957926034927368,4.182792497767193e-05,2209363.0,130.25,117.0,159.5,0.0625,123.39583587646484,117.0,132.25,0.8125,0.26933756470680237,0.8125,0.26933756470680237,0.5,1.8130099549889565,0.8906001057475805,0.0,0.0,0.0,0.0,0.0,0.25
461,0.1715,2.1267991065979004,4.179815421256327e-05,2214540.0,165.3125,121.25,217.5,0.125,153.08333587646484,121.25,183.25,0.4375,0.125,0.4375,0.125,0.75,4.133896861225367,2.4489971827715635,0.0,0.0,0.0,0.0,0.0,0.25
462,0.068,3.2961180210113525,4.17683834474546e-05,2219645.0,166.0625,114.75,215.25,0.0625,159.3125,114.75,205.25,0.5,0.25,0.5,0.25,0.5,5.447480088099837,2.455495875328779,0.0,0.0,0.0,0.0,0.0,0.25
463,-0.0024,0.014129971154034138,4.173861268234594e-05,2223155.0,94.375,84.5,110.25,0.0,94.375,84.5,110.25,0.9375,0.125,0.9375,0.125,0.75,0.19866765663027763,0.2052901415154338,0.0,0.0,0.0,0.0,0.0,0.25
464,0.3855,1.2793744802474976,4.1708841917237276e-05,2228162.0,150.1875,98.0,216.75,0.1875,126.29166793823242,98.0,170.0,0.375,0.14433756470680237,0.375,0.14433756470680237,0.75,10.674257263541222,5.267585446126759,0.0,0.0,0.0,0.0,0.0,0.25
465,0.2706,1.9273030757904053,4.1679071152128614e-05,2233067.0,165.3125,132.5,212.25,0.125,155.04166793823242,132.5,179.5,0.4375,0.26933756470680237,0.4375,0.26933756470680237,0.5,7.861067622900009,3.9133296366780996,0.0,0.0,0.0,0.0,0.0,0.25
466,0.5511,2.5363101959228516,4.1649300387019946e-05,2237912.0,151.5625,88.0,245.25,0.1875,127.56250190734863,88.0,191.5,0.25,0.25,0.25,0.25,0.5,12.561209678649902,6.590010106563568,0.0,0.0,0.0,0.0,0.0,0.25
467,0.3433,3.1638927459716797,4.1619529621911285e-05,2242391.0,137.9375,99.75,186.25,0.0,137.9375,99.75,186.25,0.5,0.25,0.5,0.25,0.5,9.396897457540035,4.674770578742027,0.0,0.0,0.0,0.0,0.0,0.25
468,0.3402,2.2321949005126953,4.158975885680262e-05,2247371.0,166.0,106.5,211.75,0.1875,143.89583587646484,106.5,191.5,0.3125,0.125,0.3125,0.125,0.75,11.48660508543253,5.49282350577414,0.0,0.0,0.0,0.0,0.0,0.25
469,0.2143,6.721749305725098,4.1559988091693955e-05,2251707.0,135.75,117.75,159.0,0.0625,131.4375,117.75,151.5,0.625,0.39433756470680237,0.625,0.39433756470680237,0.25,4.898206941783428,2.6842223964631557,0.0,0.0,0.0,0.0,0.0,0.25
470,0.3751,2.409247875213623,4.1530217326585293e-05,2256112.0,133.8125,111.75,191.75,0.0625,121.5625,111.75,142.75,0.5625,0.375,0.5625,0.375,0.25,1.7944612875580788,0.9159046681597829,0.0,0.0,0.0,0.0,0.0,0.25
471,0.2711,4.8203959465026855,4.150044656147663e-05,2259617.0,97.8125,74.75,146.25,0.0625,85.9375,74.75,101.5,0.875,0.14433756470680237,0.875,0.14433756470680237,0.75,3.119071885943413,1.528018368408084,0.0,0.0,0.0,0.0,0.0,0.25
472,0.0266,3.4823598861694336,4.147067579636797e-05,2264048.0,117.4375,103.5,134.75,0.0,117.4375,103.5,134.75,0.625,0.25,0.625,0.25,0.5,0.7155600935220718,0.2615173012018204,0.0,0.0,0.0,0.0,0.0,0.25
473,0.063,4.865418910980225,4.14409050312593e-05,2268943.0,154.4375,129.75,186.0,0.0625,149.3125,129.75,168.5,0.6875,0.375,0.6875,0.375,0.25,2.8216581381857395,0.9278107909485698,0.0,0.0,0.0,0.0,0.0,0.26
474,0.32,0.03937121108174324,4.141113426615064e-05,2273559.0,147.5,106.5,180.75,0.125,133.875,106.5,162.5,0.6875,0.26933756470680237,0.6875,0.26933756470680237,0.5,6.291095498949289,2.268594888970256,0.0,0.0,0.0,0.0,0.0,0.26
475,-0.1107,1.9021185636520386,4.138136350104198e-05,2278293.0,144.125,123.25,167.0,0.0,144.125,123.25,167.0,0.625,0.14433756470680237,0.625,0.14433756470680237,0.75,3.4731245413422585,0.8785492777824402,0.0,0.0,0.0,0.0,0.0,0.26
476,0.1641,0.036821797490119934,4.135159273593331e-05,2283063.0,139.625,117.75,167.75,0.0,139.625,117.75,167.75,0.75,0.0,0.75,0.0,1.0,8.447354421019554,2.1122896978631616,0.0,0.0,0.0,0.0,0.0,0.26
477,0.1975,4.457283020019531,4.1321821970824656e-05,2287097.0,118.625,86.5,130.75,0.1875,90.875,86.5,93.75,0.6875,0.125,0.6875,0.125,0.75,10.788168899714947,2.602674348279834,0.0,0.0,0.0,0.0,0.0,0.26
478,0.4854,9.618825912475586,4.129205120571599e-05,2291677.0,146.75,104.25,199.75,0.125,133.5625,104.25,169.25,0.4375,0.125,0.4375,0.125,0.75,17.795301884412766,4.41085547208786,0.0,0.0,0.0,0.0,0.0,0.26
479,0.2113,2.1978604793548584,4.126228044060733e-05,2296365.0,154.5,114.75,200.5,0.1875,130.625,114.75,153.5,0.5625,0.125,0.5625,0.125,0.75,12.686676884070039,3.048138350248337,0.0,0.0,0.0,0.0,0.0,0.26
480,0.3522,10.905828475952148,4.1232509675498665e-05,2301229.0,167.75,126.25,203.0,0.25,140.27083587646484,126.25,152.5,0.5,0.25,0.5,0.25,0.5,18.1350479722023,4.881707331165671,0.0,0.0,0.0,0.0,0.0,0.26
481,0.3547,6.094374656677246,4.120273891039e-05,2306220.0,155.6875,120.75,196.75,0.125,144.8125,120.75,166.75,0.25,0.28867512941360474,0.25,0.28867512941360474,0.5,14.654372692108154,4.610410571098328,0.0,0.0,0.0,0.0,0.0,0.26
482,0.6444,2.6019198894500732,4.1172968145281336e-05,2311277.0,175.0625,120.5,240.0,0.25,156.5,120.5,210.75,0.4375,0.41367512941360474,0.4375,0.41367512941360474,0.25,12.707306146621704,4.169530093669891,0.0,0.0,0.0,0.0,0.0,0.26
483,0.2217,2.8306820392608643,4.1143197380172674e-05,2315766.0,120.5625,71.75,172.25,0.0625,110.29166793823242,71.75,146.0,0.375,0.14433756470680237,0.375,0.14433756470680237,0.75,12.064327046275139,4.050263874232769,0.0,0.0,0.0,0.0,0.0,0.26
484,0.0609,0.025967730209231377,4.111342661506401e-05,2320402.0,126.0,97.5,151.5,0.0625,118.47916793823242,97.5,133.75,0.8125,0.125,0.8125,0.125,0.75,2.535285547375679,1.1745326379314065,0.0,0.0,0.0,0.0,0.0,0.26
485,0.2759,1.762460470199585,4.1083655849955344e-05,2324569.0,129.4375,88.0,178.5,0.0625,122.16666793823242,88.0,157.0,0.3125,0.125,0.3125,0.125,0.75,8.890764199197292,3.587762702256441,0.0,0.0,0.0,0.0,0.0,0.26
486,0.4456,2.837850570678711,4.105388508484668e-05,2329522.0,158.5625,89.0,209.25,0.1875,140.83333587646484,89.0,178.25,0.1875,0.375,0.1875,0.375,0.25,15.607106506824493,6.387369632720947,0.0,0.0,0.0,0.0,0.0,0.26
487,0.2905,3.7025058269500732,4.102411431973802e-05,2333809.0,128.6875,92.0,180.0,0.0625,122.125,92.0,174.5,0.625,0.5,0.625,0.5,0.0,8.151701174676418,3.5520667005330324,0.0,0.0,0.0,0.0,0.0,0.26
488,0.3388,2.3463892936706543,4.099434355462935e-05,2338500.0,150.1875,114.5,198.5,0.1875,137.79166793823242,114.5,168.25,0.3125,0.125,0.3125,0.125,0.75,12.56921660900116,6.3236708752810955,0.0,0.0,0.0,0.0,0.0,0.26
489,0.5664,2.13332200050354,4.096457278952069e-05,2342654.0,128.875,91.0,194.25,0.0625,119.04166793823242,91.0,159.25,0.375,0.39433756470680237,0.375,0.39433756470680237,0.25,11.34368371963501,4.973805606365204,0.0,0.0,0.0,0.0,0.0,0.26
490,0.2968,2.5772035121917725,4.093480202441203e-05,2346942.0,127.75,79.5,185.5,0.0,127.75,79.5,185.5,0.3125,0.125,0.3125,0.125,0.75,10.425515960901976,6.192908100783825,0.0,0.0,0.0,0.0,0.0,0.26
491,0.0631,6.861037731170654,4.090503125930337e-05,2350857.0,99.6875,89.25,113.5,0.0,99.6875,89.25,113.5,0.6875,0.375,0.6875,0.375,0.25,1.2170725390315056,0.8900468796491623,0.0,0.0,0.0,0.0,0.0,0.26
492,0.0216,5.951510906219482,4.08752604941947e-05,2354750.0,111.0625,74.75,177.0,0.0625,102.79166793823242,74.75,146.75,0.25,0.39433756470680237,0.25,0.39433756470680237,0.25,9.886152982711792,6.531042575836182,0.0,0.0,0.0,0.0,0.0,0.27
493,0.2702,3.725994825363159,4.084548972908604e-05,2359402.0,141.75,81.25,194.25,0.1875,124.89583587646484,81.25,184.25,0.0,0.0,0.0,0.0,1.0,13.547070264816284,9.340492248535156,0.0,0.0,0.0,0.0,0.0,0.27
494,0.0492,7.0233917236328125,4.081571896397738e-05,2363304.0,103.625,48.75,165.5,0.0625,94.91666793823242,48.75,142.25,0.1875,0.375,0.1875,0.375,0.25,7.173082709312439,6.774999976158142,0.0,0.0,0.0,0.0,0.0,0.27
495,0.2131,2.024622678756714,4.078594819886871e-05,2367237.0,103.5625,57.75,171.0,0.0,103.5625,57.75,171.0,0.375,0.4330126941204071,0.375,0.4330126941204071,0.25,7.078675031661987,6.252079129219055,0.0,0.0,0.0,0.0,0.0,0.27
496,0.132,2.474304437637329,4.075617743376005e-05,2370811.0,97.125,38.25,164.5,0.0625,87.0,38.25,139.0,0.25,0.0,0.25,0.0,1.0,6.7581179812550545,6.446256060153246,0.0,0.0,0.0,0.0,0.0,0.27
497,0.0554,1.4139788150787354,4.0726406668651386e-05,2374412.0,85.5625,65.0,103.0,0.0,85.5625,65.0,103.0,0.5,0.0,0.5,0.0,1.0,2.9788838885724545,2.9131326768547297,0.0,0.0,0.0,0.0,0.0,0.27
498,-0.0429,0.614799976348877,4.0696635903542725e-05,2378513.0,117.3125,83.75,154.75,0.0625,110.25,83.75,128.75,0.375,0.14433756470680237,0.375,0.14433756470680237,0.75,2.7733178213238716,3.5746124256402254,0.0,0.0,0.0,0.0,0.0,0.27
499,0.0696,3.543905735015869,4.066686513843406e-05,2382845.0,115.5,79.25,162.5,0.0625,107.4375,79.25,132.25,0.3125,0.41367512941360474,0.3125,0.41367512941360474,0.25,2.18074032664299,3.7017466127872467,0.0,0.0,0.0,0.0,0.0,0.27
500,-0.0201,5.807096004486084,4.0637094373325395e-05,2386998.0,108.5625,89.75,134.75,0.0,108.5625,89.75,134.75,0.5625,0.41367512941360474,0.5625,0.41367512941360474,0.25,1.0362768843770027,2.131195954978466,0.0,0.0,0.0,0.0,0.0,0.27
501,0.1265,3.2165355682373047,4.0607323608216734e-05,2391494.0,133.0,97.25,186.0,0.0625,123.9375,97.25,153.0,0.375,0.25,0.375,0.25,0.5,1.9699842557311058,3.5962083842605352,0.0,0.0,0.0,0.0,0.0,0.27
502,0.0066,0.16991451382637024,4.0577552843108066e-05,2395905.0,133.9375,124.25,147.5,0.0,133.9375,124.25,147.5,0.5625,0.26933756470680237,0.5625,0.26933756470680237,0.5,0.7732215002179146,1.4503040462732315,0.0,0.0,0.0,0.0,0.0,0.27
503,0.076,3.9767370223999023,4.054778207799941e-05,2399749.0,98.75,82.25,123.25,0.0,98.75,82.25,123.25,0.5625,0.125,0.5625,0.125,0.75,1.0711719319224358,1.872949501266703,0.0,0.0,0.0,0.0,0.0,0.27
504,-0.005,2.0976154804229736,4.051801131289074e-05,2403112.0,80.9375,76.5,89.5,0.0,80.9375,76.5,89.5,0.9375,0.125,0.9375,0.125,0.75,0.28564660996198654,0.0732356645166874,0.0,0.0,0.0,0.0,0.0,0.27
505,-0.0399,0.0788814052939415,4.048824054778208e-05,2406922.0,107.875,97.5,123.0,0.0,107.875,97.5,123.0,0.375,0.14433756470680237,0.375,0.14433756470680237,0.75,0.7657748982310295,1.0826387256383896,0.0,0.0,0.0,0.0,0.0,0.27
506,0.0128,6.5096282958984375,4.045846978267342e-05,2411304.0,141.375,114.75,180.25,0.0625,135.72916793823242,114.75,162.75,0.625,0.39433756470680237,0.625,0.39433756470680237,0.25,1.0229799300432205,1.453322489745915,0.0,0.0,0.0,0.0,0.0,0.27
507,-0.0042,0.2076694220304489,4.042869901756475e-05,2415774.0,135.875,127.25,147.75,0.0,135.875,127.25,147.75,0.9375,0.125,0.9375,0.125,0.75,0.4673403203487396,0.3726073089055717,0.0,0.0,0.0,0.0,0.0,0.27
508,0.218,2.98014235496521,4.039892825245609e-05,2420455.0,164.0625,125.25,205.0,0.1875,153.08333587646484,125.25,190.25,0.5,0.39433756470680237,0.5,0.39433756470680237,0.25,4.164147511124611,4.047828584909439,0.0,0.0,0.0,0.0,0.0,0.27
509,0.145,1.9406014680862427,4.036915748734743e-05,2424697.0,121.625,102.0,143.5,0.0,121.625,102.0,143.5,0.4375,0.125,0.4375,0.125,0.75,3.7475707679986954,2.6570245884358883,0.0,0.0,0.0,0.0,0.0,0.27
510,0.0695,0.46234092116355896,4.033938672223877e-05,2428555.0,106.875,83.25,124.0,0.0625,101.52083587646484,83.25,120.5,0.5,0.0,0.5,0.0,1.0,3.3594262152910233,2.3812906919047236,0.0,0.0,0.0,0.0,0.0,0.27
511,0.1223,0.3652549088001251,4.03096159571301e-05,2433006.0,137.4375,107.0,168.75,0.0,137.4375,107.0,168.75,0.375,0.25,0.375,0.25,0.5,2.1748033314943314,1.8343725576996803,0.0,0.0,0.0,0.0,0.0,0.28
512,0.2781,11.30643081665039,4.027984519202144e-05,2437030.0,105.25,86.0,141.0,0.0625,94.83333396911621,86.0,102.0,0.75,0.39433756470680237,0.75,0.39433756470680237,0.25,2.231362510472536,1.7611886858940125,0.0,0.0,0.0,0.0,0.0,0.28
513,0.0046,0.012273107655346394,4.0250074426912776e-05,2441271.0,123.5625,119.25,127.75,0.0,123.5625,119.25,127.75,1.0,0.0,1.0,0.0,1.0,0.22953322902321815,0.09617908671498299,0.0,0.0,0.0,0.0,0.0,0.28
514,0.1672,4.374701023101807,4.022030366180411e-05,2445885.0,145.875,100.5,208.0,0.125,132.54166984558105,100.5,161.75,0.1875,0.26933756470680237,0.1875,0.26933756470680237,0.5,6.4606451988220215,4.304417788982391,0.0,0.0,0.0,0.0,0.0,0.28
515,0.0835,1.6220943927764893,4.0190532896695446e-05,2449968.0,126.1875,93.75,176.0,0.125,109.75,93.75,123.75,0.5,0.0,0.5,0.0,1.0,4.173480872064829,3.000913199968636,0.0,0.0,0.0,0.0,0.0,0.28
516,0.3417,3.0612356662750244,4.0160762131586785e-05,2454263.0,132.9375,93.5,195.25,0.0625,122.91666793823242,93.5,158.75,0.4375,0.125,0.4375,0.125,0.75,5.899666141718626,3.8230885937809944,0.0,0.0,0.0,0.0,0.0,0.28
517,0.313,5.866682052612305,4.013099136647812e-05,2458809.0,147.125,105.0,203.5,0.125,134.27083587646484,105.0,174.25,0.375,0.25,0.375,0.25,0.5,7.83585337921977,5.477286987006664,0.0,0.0,0.0,0.0,0.0,0.28
518,0.2633,0.01252809539437294,4.0101220601369455e-05,2463062.0,116.3125,98.75,149.75,0.0625,108.10416793823242,98.75,124.0,0.8125,0.26933756470680237,0.8125,0.26933756470680237,0.5,2.3419858030974865,1.8178914934396744,0.0,0.0,0.0,0.0,0.0,0.28
519,0.2572,7.040921688079834,4.0071449836260794e-05,2467075.0,127.0625,85.25,177.0,0.125,114.81250381469727,85.25,146.25,0.4375,0.26933756470680237,0.4375,0.26933756470680237,0.5,4.86176823079586,3.8731664791703224,0.0,0.0,0.0,0.0,0.0,0.28
520,0.5605,7.473681926727295,4.004167907115213e-05,2471246.0,119.6875,83.75,180.0,0.125,99.1875,83.75,140.5,0.625,0.39433756470680237,0.625,0.39433756470680237,0.25,4.756343871355057,3.562898587435484,0.0,0.0,0.0,0.0,0.0,0.28
521,0.4536,6.051490306854248,4.0011908306043464e-05,2475140.0,108.625,57.0,188.5,0.0625,97.8125,57.0,165.25,0.4375,0.41367512941360474,0.4375,0.41367512941360474,0.25,6.258603990077972,4.5259498953819275,0.0,0.0,0.0,0.0,0.0,0.28
522,0.2256,2.329890012741089,3.99821375409348e-05,2479552.0,129.5,87.0,178.25,0.1875,100.60416793823242,87.0,119.25,0.5,0.25,0.5,0.25,0.5,6.611995026469231,4.361348481848836,0.0,0.0,0.0,0.0,0.0,0.28
523,0.38,3.766467571258545,3.995236677582614e-05,2484397.0,148.5625,92.25,222.25,0.1875,125.08333778381348,92.25,162.75,0.125,0.25,0.125,0.25,0.5,12.550905227661133,6.214345872402191,0.0,0.0,0.0,0.0,0.0,0.28
524,0.5787,1.5679537057876587,3.992259601071748e-05,2488862.0,143.8125,85.5,222.25,0.125,124.85416793823242,85.5,163.25,0.3125,0.41367512941360474,0.3125,0.41367512941360474,0.25,13.601958394050598,6.065097510814667,0.0,0.0,0.0,0.0,0.0,0.28
525,0.1819,2.94909930229187,3.989282524560881e-05,2492907.0,111.3125,85.0,142.75,0.125,92.875,85.0,106.75,0.5625,0.125,0.5625,0.125,0.75,7.580672226846218,3.5452141761779785,0.0,0.0,0.0,0.0,0.0,0.28
526,0.2386,2.9943621158599854,3.986305448050015e-05,2497669.0,143.625,109.0,169.75,0.25,120.125,109.0,136.5,0.5625,0.125,0.5625,0.125,0.75,8.552780574187636,4.089266566559672,0.0,0.0,0.0,0.0,0.0,0.28
527,0.1917,2.4132015705108643,3.983328371539149e-05,2502234.0,139.0625,110.5,171.5,0.125,129.41666793823242,110.5,144.0,0.25,0.0,0.25,0.0,1.0,9.57736524939537,4.346445877104998,0.0,0.0,0.0,0.0,0.0,0.28
528,0.2297,5.876591205596924,3.980351295028282e-05,2506388.0,109.375,97.25,134.75,0.0,109.375,97.25,134.75,0.75,0.25,0.75,0.25,0.5,3.053481511771679,1.5539420805871487,0.0,0.0,0.0,0.0,0.0,0.28
529,0.599,2.5281035900115967,3.9773742185174165e-05,2510797.0,147.3125,88.0,218.0,0.25,111.58333587646484,88.0,145.0,0.4375,0.26933756470680237,0.4375,0.26933756470680237,0.5,10.96038207411766,5.811906707473099,0.0,0.0,0.0,0.0,0.0,0.29
530,0.1972,1.7442628145217896,3.97439714200655e-05,2514884.0,106.9375,84.25,150.75,0.0625,97.14583396911621,84.25,112.25,0.4375,0.26933756470680237,0.4375,0.26933756470680237,0.5,4.788406439125538,2.4920966420322657,0.0,0.0,0.0,0.0,0.0,0.29
531,-0.0351,2.9457437992095947,3.9714200654956836e-05,2518466.0,87.375,80.5,97.5,0.0,87.375,80.5,97.5,0.9375,0.125,0.9375,0.125,0.75,0.2782214470207691,0.19636073615401983,0.0,0.0,0.0,0.0,0.0,0.29
532,0.1471,1.8312355279922485,3.9684429889848174e-05,2523512.0,157.375,114.25,220.5,0.1875,136.58333587646484,114.25,154.5,0.375,0.25,0.375,0.25,0.5,4.777244575321674,2.939453847706318,0.0,0.0,0.0,0.0,0.0,0.29
533,0.2603,3.751039981842041,3.9654659124739506e-05,2529046.0,176.375,142.25,211.5,0.25,160.1875,142.25,186.75,0.25,0.25,0.25,0.25,0.5,7.313642740249634,4.542841076850891,0.0,0.0,0.0,0.0,0.0,0.29
534,0.0665,7.887033939361572,3.9624888359630844e-05,2533977.0,152.9375,115.75,192.25,0.0625,149.16666793823242,115.75,185.0,0.375,0.25,0.375,0.25,0.5,5.827380269765854,3.0644332421943545,0.0,0.0,0.0,0.0,0.0,0.29
535,-0.0552,0.08553072810173035,3.959511759452218e-05,2538901.0,125.25,113.5,132.5,0.0,125.25,113.5,132.5,0.9375,0.125,0.9375,0.125,0.75,0.206047922372818,0.09929678123444319,0.0,0.0,0.0,0.0,0.0,0.29
536,0.185,1.527014136314392,3.956534682941352e-05,2544474.0,190.0625,138.0,242.0,0.25,172.45833587646484,138.0,205.25,0.25,0.39433756470680237,0.25,0.39433756470680237,0.25,7.3878233432769775,4.917526662349701,0.0,0.0,0.0,0.0,0.0,0.29
537,0.3286,1.624536395072937,3.953557606430485e-05,2549226.0,153.75,107.0,229.5,0.1875,128.75000381469727,107.0,158.75,0.375,0.14433756470680237,0.375,0.14433756470680237,0.75,7.45981178432703,4.858876250684261,0.0,0.0,0.0,0.0,0.0,0.29
538,0.2472,5.444350242614746,3.950580529919619e-05,2553245.0,116.4375,88.5,149.75,0.0,116.4375,88.5,149.75,0.3125,0.5193375647068024,0.3125,0.5193375647068024,0.0,4.536027580499649,3.1054582595825195,0.0,0.0,0.0,0.0,0.0,0.29
539,0.3394,7.3111653327941895,3.947603453408753e-05,2556987.0,95.625,77.0,143.5,0.0625,85.02083396911621,77.0,101.25,0.75,0.25,0.75,0.25,0.5,3.1575503647327423,1.5678687132894993,0.0,0.0,0.0,0.0,0.0,0.29
540,0.0519,2.51788067817688,3.944626376897886e-05,2561334.0,133.6875,114.25,164.5,0.0625,125.14583396911621,114.25,135.25,0.625,0.14433756470680237,0.625,0.14433756470680237,0.75,4.649525720626116,1.9363672137260437,0.0,0.0,0.0,0.0,0.0,0.29
541,0.4458,3.697640895843506,3.94164930038702e-05,2565817.0,144.1875,106.0,187.5,0.25,112.77083396911621,106.0,124.0,0.6875,0.125,0.6875,0.125,0.75,8.424225676804781,3.6258740555495024,0.0,0.0,0.0,0.0,0.0,0.29
542,0.0249,1.2307220697402954,3.938672223876154e-05,2570309.0,125.0,116.0,136.75,0.0,125.0,116.0,136.75,0.8125,0.125,0.8125,0.125,0.75,0.14430327154695988,0.26099250838160515,0.0,0.0,0.0,0.0,0.0,0.29
543,0.2759,2.5876541137695312,3.935695147365288e-05,2573911.0,103.875,75.25,155.25,0.0,103.875,75.25,155.25,0.375,0.14433756470680237,0.375,0.14433756470680237,0.75,11.214192762970924,5.032971911132336,0.0,0.0,0.0,0.0,0.0,0.29
544,0.2344,3.7059714794158936,3.932718070854421e-05,2577892.0,102.3125,81.75,138.5,0.0625,97.04166793823242,81.75,119.0,0.75,0.25,0.75,0.25,0.5,5.098724611103535,2.2155780903995037,0.0,0.0,0.0,0.0,0.0,0.29
545,0.2137,0.02899925224483013,3.929740994343555e-05,2582414.0,117.375,67.25,184.0,0.125,98.20833587646484,67.25,126.0,0.625,0.25,0.625,0.25,0.5,6.095789410173893,2.5108663514256477,0.0,0.0,0.0,0.0,0.0,0.29
546,0.0713,2.295672655105591,3.9267639178326886e-05,2586320.0,103.375,96.25,111.0,0.0,103.375,96.25,111.0,0.75,0.0,0.75,0.0,1.0,3.5612296536564827,0.999032374471426,0.0,0.0,0.0,0.0,0.0,0.29
547,0.5154,2.248046875,3.923786841321822e-05,2591475.0,188.9375,134.25,230.25,0.25,155.79166793823242,134.25,181.25,0.3125,0.26933756470680237,0.3125,0.26933756470680237,0.5,20.850489258766174,6.8976680636405945,0.0,0.0,0.0,0.0,0.0,0.29
548,0.3061,3.445385694503784,3.920809764810956e-05,2596870.0,168.4375,113.75,214.5,0.25,131.75,113.75,146.75,0.4375,0.26933756470680237,0.4375,0.26933756470680237,0.5,10.944168522953987,4.273625295609236,0.0,0.0,0.0,0.0,0.0,0.3
549,0.1361,2.0890536308288574,3.9178326883000895e-05,2600897.0,94.1875,59.0,140.25,0.0,94.1875,59.0,140.25,0.5625,0.125,0.5625,0.125,0.75,12.991517439484596,4.081611506640911,0.0,0.0,0.0,0.0,0.0,0.3
550,0.0118,7.874825477600098,3.9148556117892234e-05,2604930.0,100.5625,75.25,118.25,0.0,100.5625,75.25,118.25,0.75,0.25,0.75,0.25,0.5,7.11434780061245,2.2829007375985384,0.0,0.0,0.0,0.0,0.0,0.3
551,0.122,3.989180564880371,3.9118785352783566e-05,2609643.0,147.8125,109.0,176.75,0.0,147.8125,109.0,176.75,0.375,0.39433756470680237,0.375,0.39433756470680237,0.25,6.959281072020531,2.4170215651392937,0.0,0.0,0.0,0.0,0.0,0.3
552,0.2085,3.6962714195251465,3.9089014587674904e-05,2613865.0,129.875,106.75,162.5,0.0625,125.83333587646484,106.75,151.0,0.375,0.14433756470680237,0.375,0.14433756470680237,0.75,7.77738755941391,2.491452407091856,0.0,0.0,0.0,0.0,0.0,0.3
553,-0.0339,4.308435440063477,3.905924382256624e-05,2617945.0,107.5,88.75,123.0,0.0,107.5,88.75,123.0,0.5,0.5386751294136047,0.5,0.5386751294136047,0.0,5.344573050737381,1.6531279720366001,0.0,0.0,0.0,0.0,0.0,0.3
554,0.004,0.02540012262761593,3.9029473057457574e-05,2622318.0,123.3125,120.5,125.25,0.0,123.3125,120.5,125.25,1.0,0.0,1.0,0.0,1.0,0.19804108515381813,0.09530932642519474,0.0,0.0,0.0,0.0,0.0,0.3
555,0.2369,7.439257621765137,3.899970229234892e-05,2625984.0,107.625,94.0,127.5,0.125,100.75,94.0,113.75,0.6875,0.125,0.6875,0.125,0.75,4.525113809853792,1.6206966117024422,0.0,0.0,0.0,0.0,0.0,0.3
556,0.2122,3.9535770416259766,3.896993152724025e-05,2630317.0,137.5625,93.25,189.0,0.1875,107.3125,93.25,121.0,0.25,0.0,0.25,0.0,1.0,10.7106301933527,4.182801748625934,0.0,0.0,0.0,0.0,0.0,0.3
557,0.1084,4.12993049621582,3.894016076213159e-05,2634632.0,114.6875,106.5,125.0,0.0,114.6875,106.5,125.0,0.5625,0.125,0.5625,0.125,0.75,3.1444054804742336,1.2585626738145947,0.0,0.0,0.0,0.0,0.0,0.3
558,-0.2973,2.7752370834350586,3.891038999702293e-05,2639127.0,120.9375,84.25,150.75,0.0,120.9375,84.25,150.75,0.375,0.25,0.375,0.25,0.5,0.259729590266943,0.12443477381020784,0.0,0.0,0.0,0.0,0.0,0.3
559,0.0955,2.637974739074707,3.888061923191426e-05,2642780.0,94.3125,84.25,103.5,0.0,94.3125,84.25,103.5,0.75,0.28867512941360474,0.75,0.28867512941360474,0.5,3.3673939295113087,1.4331117793917656,0.0,0.0,0.0,0.0,0.0,0.3
560,-0.0423,0.1866762787103653,3.88508484668056e-05,2646158.0,83.625,75.0,98.0,0.0,83.625,75.0,98.0,0.9375,0.125,0.9375,0.125,0.75,0.301595501601696,0.13697889260947704,0.0,0.0,0.0,0.0,0.0,0.3
561,-0.0151,1.4249979257583618,3.882107770169694e-05,2650731.0,123.5625,115.5,131.0,0.0,123.5625,115.5,131.0,0.8125,0.125,0.8125,0.125,0.75,0.21036053076386452,0.07891291473060846,0.0,0.0,0.0,0.0,0.0,0.3
562,-0.1113,2.0470693111419678,3.8791306936588276e-05,2655290.0,132.6875,120.5,153.75,0.0,132.6875,120.5,153.75,0.5,0.39433756470680237,0.5,0.39433756470680237,0.25,0.3060773089528084,0.17409536987543106,0.0,0.0,0.0,0.0,0.0,0.3
563,-0.0462,1.6947482824325562,3.876153617147961e-05,2659443.0,106.3125,88.5,126.25,0.0,106.3125,88.5,126.25,0.5,0.25,0.5,0.25,0.5,0.23529209941625595,0.08056838251650333,0.0,0.0,0.0,0.0,0.0,0.3
564,-0.1326,2.202570915222168,3.8731765406370946e-05,2663922.0,136.6875,104.75,159.25,0.0625,133.58333587646484,104.75,155.75,0.4375,0.26933756470680237,0.4375,0.26933756470680237,0.5,0.22500049322843552,0.10250237071886659,0.0,0.0,0.0,0.0,0.0,0.3
565,-0.0102,0.021498223766684532,3.8701994641262285e-05,2668170.0,125.0,120.25,129.0,0.0,125.0,120.25,129.0,0.625,0.14433756470680237,0.625,0.14433756470680237,0.75,0.2480214573442936,0.04111280990764499,0.0,0.0,0.0,0.0,0.0,0.3
566,0.0001,3.011969566345215,3.8672223876153616e-05,2672608.0,128.625,112.0,145.75,0.0,128.625,112.0,145.75,0.375,0.14433756470680237,0.375,0.14433756470680237,0.75,1.3620230555534363,0.9348574616014957,0.0,0.0,0.0,0.0,0.0,0.3
567,0.0081,0.1862470954656601,3.8642453111044955e-05,2676165.0,93.5625,88.5,97.0,0.0,93.5625,88.5,97.0,0.75,0.0,0.75,0.0,1.0,0.3994780108332634,0.24894475610926747,0.0,0.0,0.0,0.0,0.0,0.31
568,0.0545,0.02517126128077507,3.8612682345936294e-05,2680220.0,121.6875,115.25,128.25,0.125,117.0625,115.25,119.25,0.875,0.14433756470680237,0.875,0.14433756470680237,0.75,1.0395689345896244,0.5901125157251954,0.0,0.0,0.0,0.0,0.0,0.31
569,0.0162,0.030497977510094643,3.858291158082763e-05,2684510.0,114.875,104.75,136.25,0.0625,107.9375,104.75,109.75,0.75,0.0,0.75,0.0,1.0,0.723838783800602,0.32432949263602495,0.0,0.0,0.0,0.0,0.0,0.31
570,-0.0662,0.041325636208057404,3.8553140815718964e-05,2689019.0,134.5625,113.25,147.25,0.0,134.5625,113.25,147.25,0.4375,0.125,0.4375,0.125,0.75,0.28382792696356773,0.13321136869490147,0.0,0.0,0.0,0.0,0.0,0.31
571,0.0045,0.03280271589756012,3.85233700506103e-05,2693305.0,120.375,106.5,133.0,0.0,120.375,106.5,133.0,0.75,0.0,0.75,0.0,1.0,0.22666773200035095,0.05927544320002198,0.0,0.0,0.0,0.0,0.0,0.31
572,-0.0346,4.494840145111084,3.849359928550164e-05,2697987.0,139.875,133.5,146.75,0.0,139.875,133.5,146.75,0.375,0.14433756470680237,0.375,0.14433756470680237,0.75,0.1982155442237854,0.036800040397793055,0.0,0.0,0.0,0.0,0.0,0.31
573,0.0078,0.26193591952323914,3.846382852039297e-05,2703376.0,176.3125,167.5,183.0,0.25,112.3125,103.5,119.0,0.25,0.0,0.25,0.0,1.0,0.39330482110381126,0.3504347405396402,0.0,0.0,0.0,0.0,0.0,0.31
574,0.0378,0.04511570185422897,3.843405775528431e-05,2707253.0,102.5625,98.25,112.0,0.0,102.5625,98.25,112.0,0.5,0.25,0.5,0.25,0.5,0.6600276529788971,0.5200029332190752,0.0,0.0,0.0,0.0,0.0,0.31
575,0.03,2.7583487033843994,3.840428699017565e-05,2711408.0,113.4375,98.0,130.75,0.0625,108.29166793823242,98.0,117.25,0.375,0.14433756470680237,0.375,0.14433756470680237,0.75,0.5074585191905499,0.3999614669010043,0.0,0.0,0.0,0.0,0.0,0.31
576,0.074,0.050444915890693665,3.837451622506699e-05,2715719.0,132.6875,105.0,156.0,0.0625,127.02083587646484,105.0,155.5,0.8125,0.125,0.8125,0.125,0.75,0.24412382766604424,0.06463313475251198,0.0,0.0,0.0,0.0,0.0,0.31
577,0.0051,0.018023421987891197,3.834474545995832e-05,2719167.0,81.0,78.75,83.5,0.0,81.0,78.75,83.5,1.0,0.0,1.0,0.0,1.0,0.2547776661813259,0.029393663979135454,0.0,0.0,0.0,0.0,0.0,0.31
578,0.0094,0.02170567773282528,3.831497469484966e-05,2724080.0,140.5625,124.25,161.75,0.0625,136.5625,124.25,151.25,0.25,0.0,0.25,0.0,1.0,0.46649254113435745,0.2999234329909086,0.0,0.0,0.0,0.0,0.0,0.31
579,0.0045,0.025210250169038773,3.8285203929741e-05,2728326.0,115.375,108.75,118.5,0.0,115.375,108.75,118.5,0.5,0.0,0.5,0.0,1.0,0.22328244894742966,0.048737936187535524,0.0,0.0,0.0,0.0,0.0,0.31
580,0.1013,2.066054344177246,3.825543316463233e-05,2732535.0,112.3125,96.5,138.25,0.0,112.3125,96.5,138.25,0.6875,0.125,0.6875,0.125,0.75,0.23609570041298866,0.08735582418739796,0.0,0.0,0.0,0.0,0.0,0.31
581,0.004,0.04932228475809097,3.822566239952367e-05,2737497.0,147.875,141.5,161.5,0.0,147.875,141.5,161.5,1.0,0.0,1.0,0.0,1.0,0.19842452555894852,0.0254655540920794,0.0,0.0,0.0,0.0,0.0,0.31
582,0.0254,0.04811547324061394,3.8195891634415006e-05,2741236.0,89.6875,71.75,113.5,0.0,89.6875,71.75,113.5,0.5,0.0,0.5,0.0,1.0,1.0232531614601612,0.4511959806550294,0.0,0.0,0.0,0.0,0.0,0.31
583,0.0272,2.7034120559692383,3.8166120869306344e-05,2745606.0,130.125,115.75,147.0,0.0,130.125,115.75,147.0,0.75,0.28867512941360474,0.75,0.28867512941360474,0.5,0.3784371055662632,0.2621570392511785,0.0,0.0,0.0,0.0,0.0,0.31
584,0.0561,1.4713603258132935,3.813635010419768e-05,2749904.0,120.875,112.0,128.75,0.0,120.875,112.0,128.75,0.6875,0.26933756470680237,0.6875,0.26933756470680237,0.5,0.26186542958021164,0.09919653693214059,0.0,0.0,0.0,0.0,0.0,0.31
585,0.0435,2.0565924644470215,3.8106579339089015e-05,2754452.0,117.25,106.25,127.5,0.0,117.25,106.25,127.5,0.5625,0.125,0.5625,0.125,0.75,0.20626729354262352,0.056481585605069995,0.0,0.0,0.0,0.0,0.0,0.32
586,0.0331,0.1714855134487152,3.807680857398035e-05,2759586.0,153.625,130.0,171.25,0.125,145.625,130.0,157.75,0.5625,0.125,0.5625,0.125,0.75,0.440619807690382,0.30167062673717737,0.0,0.0,0.0,0.0,0.0,0.32
587,0.005,0.031743124127388,3.8047037808871685e-05,2762899.0,86.0625,81.75,88.75,0.0,86.0625,81.75,88.75,0.75,0.0,0.75,0.0,1.0,0.25103043392300606,0.029306419659405947,0.0,0.0,0.0,0.0,0.0,0.32
588,0.0055,0.039860427379608154,3.801726704376303e-05,2766829.0,105.625,95.5,118.0,0.0,105.625,95.5,118.0,0.5,0.0,0.5,0.0,1.0,0.2752746157348156,0.12498373747803271,0.0,0.0,0.0,0.0,0.0,0.32
589,0.0037,0.020955149084329605,3.798749627865436e-05,2770913.0,106.0,103.0,108.25,0.0,106.0,103.0,108.25,1.0,0.0,1.0,0.0,1.0,0.18267353251576424,0.022248024120926857,0.0,0.0,0.0,0.0,0.0,0.32
590,0.0126,0.2074073851108551,3.79577255135457e-05,2774974.0,107.3125,100.0,116.5,0.0,107.3125,100.0,116.5,0.5625,0.125,0.5625,0.125,0.75,0.46754106134176254,0.21097008418291807,0.0,0.0,0.0,0.0,0.0,0.32
591,-0.1161,3.2626633644104004,3.792795474843704e-05,2779232.0,128.125,106.75,141.5,0.0,128.125,106.75,141.5,0.8125,0.26933756470680237,0.8125,0.26933756470680237,0.5,0.2410752922296524,0.09495690418407321,0.0,0.0,0.0,0.0,0.0,0.32
592,0.0078,0.010231900960206985,3.789818398332837e-05,2783650.0,116.875,109.0,124.75,0.0,116.875,109.0,124.75,0.6875,0.125,0.6875,0.125,0.75,0.22294285148382187,0.045651257038116455,0.0,0.0,0.0,0.0,0.0,0.32
593,0.0057,0.06420823186635971,3.786841321821971e-05,2787615.0,91.3125,84.5,100.5,0.0,91.3125,84.5,100.5,0.5625,0.125,0.5625,0.125,0.75,0.30797310546040535,0.19649218767881393,0.0,0.0,0.0,0.0,0.0,0.32
594,0.0048,0.06151759251952171,3.783864245311105e-05,2791342.0,91.9375,87.0,104.0,0.0,91.9375,87.0,104.0,0.75,0.0,0.75,0.0,1.0,0.23895932361483574,0.04384037293493748,0.0,0.0,0.0,0.0,0.0,0.32
595,0.0229,0.048592910170555115,3.7808871688002387e-05,2795497.0,122.6875,114.25,128.75,0.0,122.6875,114.25,128.75,0.9375,0.125,0.9375,0.125,0.75,0.24660658463835716,0.13249375764280558,0.0,0.0,0.0,0.0,0.0,0.32
596,0.0815,1.690334439277649,3.777910092289372e-05,2800551.0,149.125,137.0,156.25,0.0,149.125,137.0,156.25,0.8125,0.125,0.8125,0.125,0.75,0.20743342489004135,0.10160564165562391,0.0,0.0,0.0,0.0,0.0,0.32
597,0.0053,0.015460285358130932,3.774933015778506e-05,2804763.0,126.25,113.75,142.25,0.0,126.25,113.75,142.25,0.75,0.0,0.75,0.0,1.0,0.26735586300492287,0.1549343653023243,0.0,0.0,0.0,0.0,0.0,0.32
598,0.112,4.463252544403076,3.7719559392676395e-05,2809164.0,143.0625,119.25,187.25,0.0625,136.70833587646484,119.25,173.0,0.625,0.25,0.625,0.25,0.5,0.8623804450035095,0.8870692774653435,0.0,0.0,0.0,0.0,0.0,0.32
599,0.1394,2.829286813735962,3.768978862756773e-05,2813534.0,132.875,110.25,167.75,0.0,132.875,110.25,167.75,0.5625,0.26933756470680237,0.5625,0.26933756470680237,0.5,0.5566036850214005,0.45526130869984627,0.0,0.0,0.0,0.0,0.0,0.32
600,-0.0417,2.5620529651641846,3.7660017862459066e-05,2818017.0,132.6875,103.75,163.25,0.125,118.5625,103.75,138.5,0.5,0.25,0.5,0.25,0.5,0.6318129897117615,0.6425642743706703,0.0,0.0,0.0,0.0,0.0,0.32
601,-0.0283,2.460019111633301,3.7630247097350404e-05,2821675.0,94.625,71.75,115.75,0.0,94.625,71.75,115.75,0.4375,0.5193375647068024,0.4375,0.5193375647068024,0.0,0.9789596423506737,0.9148394409567118,0.0,0.0,0.0,0.0,0.0,0.32
602,0.1563,6.796927452087402,3.760047633224174e-05,2825977.0,123.375,92.0,156.25,0.125,117.25,92.0,150.0,0.5625,0.375,0.5625,0.375,0.25,3.1672970429062843,2.165676848962903,0.0,0.0,0.0,0.0,0.0,0.32
603,0.7063,7.533531188964844,3.757070556713308e-05,2829963.0,109.375,78.5,190.5,0.0625,97.20833396911621,78.5,143.0,0.8125,0.375,0.8125,0.375,0.25,2.7431218326091766,2.1463893204927444,0.0,0.0,0.0,0.0,0.0,0.32
604,0.2706,3.0582218170166016,3.754093480202441e-05,2833889.0,113.125,73.75,180.75,0.125,92.79166793823242,73.75,115.75,0.5625,0.26933756470680237,0.5625,0.26933756470680237,0.5,6.428281769156456,3.457854613661766,0.0,0.0,0.0,0.0,0.0,0.33
605,0.3804,3.0684516429901123,3.751116403691575e-05,2839053.0,172.5,122.75,235.5,0.1875,145.0208339691162,122.75,172.0,0.4375,0.26933756470680237,0.4375,0.26933756470680237,0.5,9.03100374341011,4.183399291709065,0.0,0.0,0.0,0.0,0.0,0.33
606,0.3796,2.5914151668548584,3.748139327180708e-05,2844645.0,196.0,123.25,245.75,0.25,169.75,123.25,217.25,0.25,0.5,0.25,0.5,0.0,11.916848838329315,5.402392387390137,0.0,0.0,0.0,0.0,0.0,0.33
607,0.2977,3.754979133605957,3.745162250669842e-05,2849254.0,145.3125,124.25,163.5,0.1875,140.25,124.25,156.75,0.4375,0.41367512941360474,0.4375,0.41367512941360474,0.25,12.278372883796692,4.512957334518433,0.0,0.0,0.0,0.0,0.0,0.33
608,0.5129,2.2444117069244385,3.742185174158976e-05,2854600.0,175.625,127.5,226.75,0.3125,148.79166793823242,127.5,168.0,0.3125,0.26933756470680237,0.3125,0.26933756470680237,0.5,15.02578854560852,5.103975832462311,0.0,0.0,0.0,0.0,0.0,0.33
609,0.6439,5.1860551834106445,3.73920809764811e-05,2858537.0,116.8125,87.5,187.0,0.0625,109.22916793823242,87.5,162.25,0.5,0.39433756470680237,0.5,0.39433756470680237,0.25,10.355651795864105,3.342427223920822,0.0,0.0,0.0,0.0,0.0,0.33
610,0.5809,2.4670867919921875,3.736231021137244e-05,2863240.0,153.9375,98.25,216.5,0.1875,128.875,98.25,166.5,0.1875,0.375,0.1875,0.375,0.25,17.784027576446533,5.564804673194885,0.0,0.0,0.0,0.0,0.0,0.33
611,0.1645,3.391726493835449,3.733253944626377e-05,2867535.0,132.1875,97.0,176.0,0.125,117.9375,97.0,145.0,0.4375,0.125,0.4375,0.125,0.75,8.160642571747303,2.8989996053278446,0.0,0.0,0.0,0.0,0.0,0.33
612,0.3952,3.880152463912964,3.730276868115511e-05,2872218.0,151.6875,114.0,195.0,0.1875,132.5833339691162,114.0,150.75,0.625,0.25,0.625,0.25,0.5,8.81197115778923,2.8750727269798517,0.0,0.0,0.0,0.0,0.0,0.33
613,0.1211,0.6105871200561523,3.727299791604644e-05,2876164.0,110.625,93.25,128.5,0.0,110.625,93.25,128.5,0.625,0.14433756470680237,0.625,0.14433756470680237,0.75,4.783451572060585,1.518761083483696,0.0,0.0,0.0,0.0,0.0,0.33
614,0.0896,2.562753677368164,3.7243227150937785e-05,2880201.0,108.5625,70.25,126.75,0.1875,79.125,70.25,87.5,0.6875,0.125,0.6875,0.125,0.75,9.217637583613396,3.262691915035248,0.0,0.0,0.0,0.0,0.0,0.33
615,0.2298,4.74183988571167,3.7213456385829117e-05,2883826.0,90.8125,79.75,111.5,0.0,90.8125,79.75,111.5,0.875,0.14433756470680237,0.875,0.14433756470680237,0.75,3.8752850964665413,1.4901252090930939,0.0,0.0,0.0,0.0,0.0,0.33
616,-0.0294,1.6810849905014038,3.7183685620720455e-05,2887942.0,123.75,77.5,178.75,0.0,123.75,77.5,178.75,0.5625,0.41367512941360474,0.5625,0.41367512941360474,0.25,6.653039246797562,2.407154720276594,0.0,0.0,0.0,0.0,0.0,0.33
617,0.545,5.972092628479004,3.7153914855611794e-05,2893027.0,166.8125,106.25,252.25,0.25,132.85416793823242,106.25,158.0,0.0625,0.125,0.0625,0.125,0.75,21.150822162628174,6.770725965499878,0.0,0.0,0.0,0.0,0.0,0.33
618,0.0775,0.027567557990550995,3.7124144090503125e-05,2897623.0,155.25,145.75,171.75,0.0625,153.22916793823242,145.75,168.0,0.9375,0.125,0.9375,0.125,0.75,1.263804618269205,0.5114142000675201,0.0,0.0,0.0,0.0,0.0,0.33
619,0.1739,0.0210872869938612,3.7094373325394464e-05,2901307.0,97.5,79.5,114.0,0.0,97.5,79.5,114.0,0.8125,0.26933756470680237,0.8125,0.26933756470680237,0.5,5.896561108529568,1.3309810310602188,0.0,0.0,0.0,0.0,0.0,0.33
620,0.5282,5.454728603363037,3.70646025602858e-05,2906445.0,175.375,125.5,238.0,0.25,152.41666793823242,125.5,180.75,0.3125,0.26933756470680237,0.3125,0.26933756470680237,0.5,10.362884879112244,3.5359259247779846,0.0,0.0,0.0,0.0,0.0,0.33
621,0.5678,1.092853307723999,3.703483179517714e-05,2911356.0,162.9375,135.75,216.75,0.1875,147.52083587646484,135.75,179.5,0.75,0.39433756470680237,0.75,0.39433756470680237,0.25,7.22403297200799,1.9571236800402403,0.0,0.0,0.0,0.0,0.0,0.33
622,0.1511,1.1755428314208984,3.700506103006847e-05,2915964.0,140.5,102.75,173.75,0.125,122.9375,102.75,142.5,0.75,0.25,0.75,0.25,0.5,5.1592544466257095,1.888561287894845,0.0,0.0,0.0,0.0,0.0,0.33
623,0.2883,6.0641703605651855,3.697529026495981e-05,2920478.0,143.375,93.75,173.75,0.1875,123.35416793823242,93.75,147.25,0.5625,0.125,0.5625,0.125,0.75,11.039263762533665,2.646263513714075,0.0,0.0,0.0,0.0,0.0,0.34
624,0.0759,4.059325695037842,3.694551949985115e-05,2924302.0,104.25,86.75,130.5,0.0625,96.10416793823242,86.75,104.0,0.9375,0.125,0.9375,0.125,0.75,4.3734502494335175,1.2670700931921601,0.0,0.0,0.0,0.0,0.0,0.34
625,0.1207,0.030940504744648933,3.691574873474248e-05,2928511.0,127.0625,100.0,136.25,0.1875,100.4375,100.0,100.75,0.75,0.0,0.75,0.0,1.0,5.564026638865471,1.4658899856731296,0.0,0.0,0.0,0.0,0.0,0.34
626,0.0346,0.007886468432843685,3.688597796963382e-05,2932720.0,116.8125,88.25,148.75,0.0625,111.25,88.25,147.75,0.625,0.14433756470680237,0.625,0.14433756470680237,0.75,8.520927086472511,1.9919527899473906,0.0,0.0,0.0,0.0,0.0,0.34
627,0.242,4.0815958976745605,3.685620720452516e-05,2937329.0,149.0625,118.25,177.75,0.125,140.0,118.25,161.5,0.375,0.25,0.375,0.25,0.5,5.2115611508488655,1.6885224357247353,0.0,0.0,0.0,0.0,0.0,0.34
628,-0.0283,2.4117813110351562,3.68264364394165e-05,2941619.0,121.625,98.5,148.5,0.0625,115.8125,98.5,128.0,0.6875,0.41367512941360474,0.6875,0.41367512941360474,0.25,2.0300998985767365,0.8020605333149433,0.0,0.0,0.0,0.0,0.0,0.34
629,0.0073,0.035318102687597275,3.6796665674307836e-05,2944747.0,67.0,62.25,76.25,0.0,67.0,62.25,76.25,1.0,0.0,1.0,0.0,1.0,0.36587072908878326,0.074995256960392,0.0,0.0,0.0,0.0,0.0,0.34
630,0.1078,0.010052872821688652,3.676689490919917e-05,2948613.0,108.625,73.5,132.5,0.125,89.5625,73.5,96.0,0.75,0.0,0.75,0.0,1.0,5.393956542015076,1.8706703651696444,0.0,0.0,0.0,0.0,0.0,0.34
631,0.0386,0.06068972125649452,3.6737124144090506e-05,2953154.0,133.3125,109.0,158.25,0.125,115.0625,109.0,121.75,0.125,0.14433756470680237,0.125,0.14433756470680237,0.75,2.1647266931831837,0.8920351900160313,0.0,0.0,0.0,0.0,0.0,0.34
632,-0.0877,4.177035331726074,3.670735337898184e-05,2958143.0,146.8125,125.0,164.0,0.0625,144.45833587646484,125.0,160.25,0.625,0.25,0.625,0.25,0.5,0.2307311501353979,0.07025827188044786,0.0,0.0,0.0,0.0,0.0,0.34
633,0.2269,1.9535712003707886,3.6677582613873176e-05,2962234.0,112.4375,83.25,162.5,0.0625,102.625,83.25,129.75,0.5625,0.125,0.5625,0.125,0.75,3.9595774337649345,1.8054192462004721,0.0,0.0,0.0,0.0,0.0,0.34
634,0.0996,0.6802636981010437,3.6647811848764515e-05,2966791.0,141.5625,136.0,149.25,0.25,77.5625,72.0,85.25,0.375,0.14433756470680237,0.375,0.14433756470680237,0.75,2.249884255230427,1.2217208230867982,0.0,0.0,0.0,0.0,0.0,0.34
635,0.009,0.06456668674945831,3.661804108365585e-05,2970458.0,89.6875,82.25,104.75,0.0,89.6875,82.25,104.75,0.8125,0.125,0.8125,0.125,0.75,0.2734229117631912,0.1823183074593544,0.0,0.0,0.0,0.0,0.0,0.34
636,0.1455,2.693830728530884,3.658827031854719e-05,2974435.0,110.0625,96.75,133.5,0.0,110.0625,96.75,133.5,0.5625,0.41367512941360474,0.5625,0.41367512941360474,0.25,1.8937021866440773,1.039698390290141,0.0,0.0,0.0,0.0,0.0,0.34
637,0.0418,3.246655225753784,3.6558499553438524e-05,2978262.0,92.1875,88.0,98.75,0.0,92.1875,88.0,98.75,0.625,0.25,0.625,0.25,0.5,0.24130608141422272,0.06790322624146938,0.0,0.0,0.0,0.0,0.0,0.34
638,-0.0091,0.023106887936592102,3.652872878832986e-05,2982511.0,130.3125,125.0,134.5,0.0,130.3125,125.0,134.5,0.8125,0.125,0.8125,0.125,0.75,0.1984938196837902,0.05378792271949351,0.0,0.0,0.0,0.0,0.0,0.34
639,0.0234,0.6524146199226379,3.6498958023221194e-05,2987381.0,149.625,119.5,191.75,0.125,137.58333587646484,119.5,154.75,0.4375,0.26933756470680237,0.4375,0.26933756470680237,0.5,1.6093116514384747,1.149544171988964,0.0,0.0,0.0,0.0,0.0,0.34
640,0.0155,0.02396499179303646,3.646918725811254e-05,2991441.0,98.25,92.75,107.75,0.0,98.25,92.75,107.75,0.875,0.14433756470680237,0.875,0.14433756470680237,0.75,0.24497374147176743,0.09705465007573366,0.0,0.0,0.0,0.0,0.0,0.34
641,0.1602,0.9499048590660095,3.643941649300387e-05,2996332.0,153.1875,115.75,208.25,0.1875,134.95833778381348,115.75,162.25,0.5,0.25,0.5,0.25,0.5,1.5571604892611504,1.1060343328863382,0.0,0.0,0.0,0.0,0.0,0.35
642,0.1846,2.614975929260254,3.640964572789521e-05,3000529.0,121.8125,96.5,157.0,0.0625,112.9375,96.5,131.5,0.5625,0.41367512941360474,0.5625,0.41367512941360474,0.25,1.7784303724765778,1.0869492189958692,0.0,0.0,0.0,0.0,0.0,0.35
643,0.0051,0.12531642615795135,3.637987496278655e-05,3004138.0,87.0625,79.5,92.5,0.0,87.0625,79.5,92.5,0.75,0.0,0.75,0.0,1.0,0.2573374956846237,0.07218755781650543,0.0,0.0,0.0,0.0,0.0,0.35
644,-0.019,0.03292346000671387,3.635010419767788e-05,3008264.0,120.875,114.0,127.25,0.0,120.875,114.0,127.25,0.9375,0.125,0.9375,0.125,0.75,0.20513436011970043,0.08261287957429886,0.0,0.0,0.0,0.0,0.0,0.35
645,0.0275,0.861376166343689,3.632033343256922e-05,3013730.0,175.875,167.75,190.75,0.3125,106.97916793823242,103.75,112.75,0.5,0.0,0.5,0.0,1.0,1.2947471030056477,0.7393254451453686,0.0,0.0,0.0,0.0,0.0,0.35
646,-0.0066,3.284660816192627,3.629056266746056e-05,3017401.0,100.9375,81.0,115.25,0.0,100.9375,81.0,115.25,0.875,0.25,0.875,0.25,0.5,0.6176598258316517,0.3739641383290291,0.0,0.0,0.0,0.0,0.0,0.35
647,-0.2938,3.6387176513671875,3.6260791902351895e-05,3021677.0,121.5,64.75,160.25,0.0,121.5,64.75,160.25,0.4375,0.41367512941360474,0.4375,0.41367512941360474,0.25,2.9995400682091713,1.0698481909930706,0.0,0.0,0.0,0.0,0.0,0.35
648,0.1152,0.5741512775421143,3.623102113724323e-05,3025744.0,112.6875,89.75,149.25,0.0625,104.54166793823242,89.75,126.0,0.5625,0.125,0.5625,0.125,0.75,2.1341635920107365,1.1533604189753532,0.0,0.0,0.0,0.0,0.0,0.35
649,0.1844,3.7622768878936768,3.6201250372134566e-05,3029978.0,121.375,98.0,156.0,0.0625,111.77083396911621,98.0,122.0,0.5,0.28867512941360474,0.5,0.28867512941360474,0.5,2.3016253486275673,1.079024437814951,0.0,0.0,0.0,0.0,0.0,0.35
650,0.0903,2.4046337604522705,3.6171479607025904e-05,3034900.0,154.375,138.0,172.25,0.0625,151.9375,138.0,169.0,0.375,0.25,0.375,0.25,0.5,2.4721804782748222,0.8835227405652404,0.0,0.0,0.0,0.0,0.0,0.35
651,0.3933,5.011579990386963,3.6141708841917236e-05,3038574.0,102.625,80.25,152.75,0.0625,90.66666793823242,80.25,107.25,0.75,0.39433756470680237,0.75,0.39433756470680237,0.25,3.491520192474127,0.9918993394821882,0.0,0.0,0.0,0.0,0.0,0.35
652,-0.0144,1.0624523162841797,3.6111938076808575e-05,3042235.0,105.0625,101.5,108.25,0.0,105.0625,101.5,108.25,0.9375,0.125,0.9375,0.125,0.75,0.21267194673419,0.12243705242872238,0.0,0.0,0.0,0.0,0.0,0.35
653,-0.0048,0.02359682135283947,3.608216731169991e-05,3046105.0,102.875,91.5,107.75,0.0,102.875,91.5,107.75,0.875,0.14433756470680237,0.875,0.14433756470680237,0.75,0.19669212773442268,0.1518617682158947,0.0,0.0,0.0,0.0,0.0,0.35
654,0.1838,0.03193861246109009,3.605239654659125e-05,3050220.0,115.4375,91.75,168.0,0.125,98.72916793823242,91.75,107.0,0.5,0.0,0.5,0.0,1.0,7.977977655827999,2.55201936326921,0.0,0.0,0.0,0.0,0.0,0.35
655,-0.0372,1.2507908344268799,3.602262578148259e-05,3054247.0,115.1875,100.0,132.25,0.0,115.1875,100.0,132.25,0.875,0.14433756470680237,0.875,0.14433756470680237,0.75,0.6239090673625469,0.29710937663912773,0.0,0.0,0.0,0.0,0.0,0.35
656,0.078,1.8530546426773071,3.599285501637392e-05,3057870.0,85.9375,78.75,100.5,0.0,85.9375,78.75,100.5,0.6875,0.125,0.6875,0.125,0.75,2.5833902172744274,0.7489680703729391,0.0,0.0,0.0,0.0,0.0,0.35
657,0.1976,2.3560850620269775,3.596308425126526e-05,3061961.0,111.9375,70.0,132.25,0.1875,77.625,70.0,86.5,0.6875,0.125,0.6875,0.125,0.75,6.5837425366044044,2.242651041597128,0.0,0.0,0.0,0.0,0.0,0.35
658,0.2852,3.874439239501953,3.593331348615659e-05,3066091.0,122.625,93.0,164.75,0.0625,113.125,93.0,128.75,0.3125,0.125,0.3125,0.125,0.75,11.285835161805153,3.7417566403746605,0.0,0.0,0.0,0.0,0.0,0.35
659,0.0665,0.12946219742298126,3.590354272104793e-05,3070733.0,147.375,124.5,181.0,0.0625,140.27083587646484,124.5,153.75,0.625,0.14433756470680237,0.625,0.14433756470680237,0.75,0.3131623901426792,0.2672281265258789,0.0,0.0,0.0,0.0,0.0,0.35
660,-0.0847,1.8291255235671997,3.587377195593927e-05,3074618.0,105.3125,91.75,115.25,0.0,105.3125,91.75,115.25,0.875,0.14433756470680237,0.875,0.14433756470680237,0.75,0.21488286554813385,0.12709486111998558,0.0,0.0,0.0,0.0,0.0,0.36
661,0.0154,2.169677495956421,3.584400119083061e-05,3078679.0,110.8125,101.75,123.0,0.0,110.8125,101.75,123.0,0.75,0.25,0.75,0.25,0.5,1.213127538561821,0.5381940212100744,0.0,0.0,0.0,0.0,0.0,0.36
662,0.0041,0.039800189435482025,3.5814230425721946e-05,3083383.0,117.75,103.5,137.5,0.0,117.75,103.5,137.5,0.75,0.0,0.75,0.0,1.0,0.20420262962579727,0.09390819817781448,0.0,0.0,0.0,0.0,0.0,0.36
663,-0.0862,1.4381725788116455,3.578445966061328e-05,3087374.0,100.4375,87.5,116.5,0.0,100.4375,87.5,116.5,0.875,0.14433756470680237,0.875,0.14433756470680237,0.75,0.20316430926322937,0.09915025718510151,0.0,0.0,0.0,0.0,0.0,0.36
664,0.1015,4.418748378753662,3.5754688895504617e-05,3092128.0,137.625,96.75,162.5,0.125,123.0625,96.75,141.5,0.375,0.25,0.375,0.25,0.5,2.9921181313693523,1.430637827143073,0.0,0.0,0.0,0.0,0.0,0.36
665,0.2907,7.523277759552002,3.572491813039595e-05,3096518.0,130.625,100.5,191.5,0.125,112.79166793823242,100.5,123.0,0.6875,0.375,0.6875,0.375,0.25,3.9074248895049095,1.5767204482108355,0.0,0.0,0.0,0.0,0.0,0.36
666,0.005,0.0567944273352623,3.5695147365287294e-05,3100910.0,126.25,117.5,135.75,0.0,126.25,117.5,135.75,0.5,0.0,0.5,0.0,1.0,0.2515336833894253,0.05341068282723427,0.0,0.0,0.0,0.0,0.0,0.36
667,0.0179,0.5283975005149841,3.5665376600178625e-05,3104833.0,99.9375,86.25,116.5,0.0,99.9375,86.25,116.5,0.6875,0.125,0.6875,0.125,0.75,1.1801049821078777,0.5854351632297039,0.0,0.0,0.0,0.0,0.0,0.36
668,0.0047,0.037856314331293106,3.5635605835069964e-05,3108998.0,118.5625,114.0,121.5,0.0,118.5625,114.0,121.5,0.5,0.0,0.5,0.0,1.0,0.23550067842006683,0.08402363304048777,0.0,0.0,0.0,0.0,0.0,0.36
669,0.0984,0.012634622864425182,3.56058350699613e-05,3113059.0,114.5625,90.75,136.5,0.125,94.25,90.75,97.25,0.625,0.14433756470680237,0.625,0.14433756470680237,0.75,5.398826397955418,1.9730527736246586,0.0,0.0,0.0,0.0,0.0,0.36
670,0.1172,3.8592779636383057,3.5576064304852634e-05,3117565.0,147.625,123.25,181.5,0.1875,132.77083587646484,123.25,143.5,0.4375,0.125,0.4375,0.125,0.75,7.253661222755909,2.8768562553450465,0.0,0.0,0.0,0.0,0.0,0.36
671,0.1421,1.1162720918655396,3.554629353974397e-05,3121997.0,143.75,122.0,161.75,0.1875,127.4375,122.0,140.0,0.4375,0.125,0.4375,0.125,0.75,3.539370059967041,1.6305524706840515,0.0,0.0,0.0,0.0,0.0,0.36
672,0.0042,0.00466488441452384,3.551652277463531e-05,3125606.0,92.3125,91.75,93.5,0.0,92.3125,91.75,93.5,1.0,0.0,1.0,0.0,1.0,0.21006496995687485,0.04129908699542284,0.0,0.0,0.0,0.0,0.0,0.36
673,-0.1186,2.1447346210479736,3.548675200952665e-05,3129455.0,93.5625,83.75,102.75,0.0,93.5625,83.75,102.75,0.9375,0.125,0.9375,0.125,0.75,0.25168756395578384,0.059164857026189566,0.0,0.0,0.0,0.0,0.0,0.36
674,0.0042,0.03216777741909027,3.545698124441798e-05,3134328.0,151.3125,141.0,172.0,0.0,151.3125,141.0,172.0,0.75,0.0,0.75,0.0,1.0,0.2088535688817501,0.058816156815737486,0.0,0.0,0.0,0.0,0.0,0.36
675,0.0057,0.058016009628772736,3.542721047930932e-05,3137761.0,81.3125,79.75,82.0,0.0,81.3125,79.75,82.0,1.0,0.0,1.0,0.0,1.0,0.28522254154086113,0.06121156644076109,0.0,0.0,0.0,0.0,0.0,0.36
676,0.0472,1.9048306941986084,3.539743971420066e-05,3142346.0,135.0625,121.75,152.0,0.125,127.6875,121.75,138.5,0.5625,0.41367512941360474,0.5625,0.41367512941360474,0.25,1.9790983349084854,1.0982966423034668,0.0,0.0,0.0,0.0,0.0,0.36
677,-0.1078,0.022421881556510925,3.536766894909199e-05,3145817.0,88.9375,77.75,98.5,0.0,88.9375,77.75,98.5,0.8125,0.26933756470680237,0.8125,0.26933756470680237,0.5,0.26971568912267685,0.08995450474321842,0.0,0.0,0.0,0.0,0.0,0.36
678,0.0054,0.01637856476008892,3.533789818398333e-05,3150100.0,122.4375,113.5,134.75,0.0,122.4375,113.5,134.75,1.0,0.0,1.0,0.0,1.0,0.2684737592935562,0.09508215077221394,0.0,0.0,0.0,0.0,0.0,0.36
679,0.022,1.6573545932769775,3.530812741887467e-05,3154878.0,159.375,126.25,188.0,0.1875,144.1875,126.25,167.75,0.1875,0.26933756470680237,0.1875,0.26933756470680237,0.5,3.9477331191301346,2.400685079395771,0.0,0.0,0.0,0.0,0.0,0.37
680,0.0295,0.9485244154930115,3.5278356653766006e-05,3159685.0,160.4375,142.5,192.75,0.0625,152.70833587646484,142.5,163.0,0.75,0.0,0.75,0.0,1.0,1.253319464623928,0.7109774798154831,0.0,0.0,0.0,0.0,0.0,0.37
681,0.0049,0.005831722170114517,3.5248585888657345e-05,3164029.0,109.0,94.5,115.25,0.0,109.0,94.5,115.25,1.0,0.0,1.0,0.0,1.0,0.2431701235473156,0.05059704929590225,0.0,0.0,0.0,0.0,0.0,0.37
682,0.2578,1.2079521417617798,3.5218815123548676e-05,3169217.0,183.25,117.5,221.5,0.1875,170.50000381469727,117.5,201.5,0.4375,0.26933756470680237,0.4375,0.26933756470680237,0.5,2.2518149949610233,1.5577156273648143,0.0,0.0,0.0,0.0,0.0,0.37
683,0.0145,2.2558677196502686,3.5189044358440015e-05,3173122.0,111.3125,96.75,133.0,0.0,111.3125,96.75,133.0,0.875,0.14433756470680237,0.875,0.14433756470680237,0.75,0.21543021872639656,0.04121850593946874,0.0,0.0,0.0,0.0,0.0,0.37
684,0.0157,1.4920907020568848,3.515927359333135e-05,3176942.0,106.75,81.5,135.0,0.0625,99.45833587646484,81.5,123.25,0.6875,0.26933756470680237,0.6875,0.26933756470680237,0.5,0.2541155070066452,0.0882341512478888,0.0,0.0,0.0,0.0,0.0,0.37
685,0.0262,0.01900305412709713,3.5129502828222685e-05,3181737.0,151.6875,125.5,165.0,0.125,142.375,125.5,157.25,0.75,0.25,0.75,0.25,0.5,1.1098210290074348,0.837257550098002,0.0,0.0,0.0,0.0,0.0,0.37
686,0.0048,0.05209830030798912,3.5099732063114024e-05,3185914.0,123.0625,113.75,129.25,0.0,123.0625,113.75,129.25,0.75,0.0,0.75,0.0,1.0,0.2422928288578987,0.06320097064599395,0.0,0.0,0.0,0.0,0.0,0.37
687,0.0235,0.05467959865927696,3.506996129800536e-05,3189851.0,119.3125,105.5,154.25,0.0625,108.60416793823242,105.5,113.5,0.75,0.0,0.75,0.0,1.0,0.9288409128785133,0.8121271217241883,0.0,0.0,0.0,0.0,0.0,0.37
688,0.0351,3.532864809036255,3.50401905328967e-05,3194571.0,147.75,132.5,165.75,0.0,147.75,132.5,165.75,0.875,0.14433756470680237,0.875,0.14433756470680237,0.75,0.9508771523833275,0.7343834992498159,0.0,0.0,0.0,0.0,0.0,0.37
689,0.0516,0.020547781139612198,3.501041976778803e-05,3198060.0,79.8125,72.25,94.0,0.0,79.8125,72.25,94.0,0.8125,0.125,0.8125,0.125,0.75,1.2629367783665657,1.147433856036514,0.0,0.0,0.0,0.0,0.0,0.37
690,0.0987,1.2542458772659302,3.498064900267937e-05,3203192.0,154.0,124.25,204.75,0.125,139.2708339691162,124.25,153.25,0.5625,0.26933756470680237,0.5625,0.26933756470680237,0.5,0.6908823288977146,0.5138514041900635,0.0,0.0,0.0,0.0,0.0,0.37
691,0.1639,1.6698009967803955,3.49508782375707e-05,3207245.0,114.8125,94.75,127.75,0.0,114.8125,94.75,127.75,0.5625,0.125,0.5625,0.125,0.75,1.193497834727168,0.8024488063529134,0.0,0.0,0.0,0.0,0.0,0.37
692,0.0045,0.026235615834593773,3.492110747246204e-05,3210882.0,94.0625,92.25,97.0,0.0,94.0625,92.25,97.0,1.0,0.0,1.0,0.0,1.0,0.22370238974690437,0.04692494682967663,0.0,0.0,0.0,0.0,0.0,0.37
693,0.0065,1.3346048593521118,3.489133670735338e-05,3214678.0,103.0,101.5,106.25,0.0,103.0,101.5,106.25,0.9375,0.125,0.9375,0.125,0.75,0.272320993244648,0.09376800339668989,0.0,0.0,0.0,0.0,0.0,0.37
694,0.0225,4.070612907409668,3.486156594224472e-05,3219655.0,178.3125,136.25,239.5,0.1875,160.39583587646484,136.25,204.25,0.375,0.4330126941204071,0.375,0.4330126941204071,0.25,3.2511827126145363,2.399258801713586,0.0,0.0,0.0,0.0,0.0,0.37
695,0.2101,1.3282536268234253,3.483179517713606e-05,3224103.0,143.0,111.5,192.5,0.125,126.79166793823242,111.5,145.5,0.625,0.14433756470680237,0.625,0.14433756470680237,0.75,3.509244814515114,2.7335396595299244,0.0,0.0,0.0,0.0,0.0,0.37
696,0.0464,5.9758429527282715,3.480202441202739e-05,3228381.0,120.625,107.5,134.0,0.0,120.625,107.5,134.0,0.75,0.25,0.75,0.25,0.5,2.5621319338679314,1.6599872927181423,0.0,0.0,0.0,0.0,0.0,0.37
697,0.0049,2.865964889526367,3.477225364691873e-05,3232687.0,120.875,111.5,131.75,0.0,120.875,111.5,131.75,0.6875,0.125,0.6875,0.125,0.75,0.6910530030727386,0.4849300952628255,0.0,0.0,0.0,0.0,0.0,0.38
698,-0.0089,1.744444489479065,3.474248288181006e-05,3236613.0,107.375,102.0,115.5,0.0,107.375,102.0,115.5,0.9375,0.125,0.9375,0.125,0.75,0.2683313190937042,0.12365888245403767,0.0,0.0,0.0,0.0,0.0,0.38
699,0.2662,6.442230224609375,3.4712712116701404e-05,3240564.0,118.6875,102.75,156.75,0.0,118.6875,102.75,156.75,0.9375,0.125,0.9375,0.125,0.75,1.1663810648024082,0.821698535233736,0.0,0.0,0.0,0.0,0.0,0.38
700,0.0065,1.4049829244613647,3.4682941351592736e-05,3245409.0,152.3125,147.0,163.25,0.0,152.3125,147.0,163.25,0.625,0.14433756470680237,0.625,0.14433756470680237,0.75,0.40733153000473976,0.2790296971797943,0.0,0.0,0.0,0.0,0.0,0.38
701,0.037,0.03234909474849701,3.4653170586484075e-05,3249954.0,145.8125,128.0,167.5,0.0625,140.29166793823242,128.0,159.5,0.75,0.0,0.75,0.0,1.0,1.550406202673912,0.9354120418429375,0.0,0.0,0.0,0.0,0.0,0.38
702,0.0741,2.4939823150634766,3.462339982137541e-05,3254438.0,127.0,106.5,164.0,0.0625,121.35416793823242,106.5,146.25,0.3125,0.125,0.3125,0.125,0.75,2.4585194438695908,1.4591420013457537,0.0,0.0,0.0,0.0,0.0,0.38
703,-0.0483,3.0438449382781982,3.4593629056266745e-05,3259282.0,158.75,150.0,165.0,0.0,158.75,150.0,165.0,0.8125,0.26933756470680237,0.8125,0.26933756470680237,0.5,0.22255978733301163,0.1469514835625887,0.0,0.0,0.0,0.0,0.0,0.38
704,0.0342,1.7477525472640991,3.4563858291158083e-05,3263428.0,116.375,110.25,120.5,0.0,116.375,110.25,120.5,0.5,0.25,0.5,0.25,0.5,0.2502673491835594,0.11722379550337791,0.0,0.0,0.0,0.0,0.0,0.38
705,0.0265,0.8760562539100647,3.453408752604942e-05,3268316.0,144.5,136.75,151.0,0.25,80.5,72.75,87.0,0.75,0.0,0.75,0.0,1.0,1.3225706368684769,0.738052025437355,0.0,0.0,0.0,0.0,0.0,0.38
706,0.3541,3.464553117752075,3.450431676094076e-05,3272933.0,151.5625,125.25,196.75,0.125,140.93750381469727,125.25,165.75,0.75,0.39433756470680237,0.75,0.39433756470680237,0.25,3.2137162797152996,1.7323309909552336,0.0,0.0,0.0,0.0,0.0,0.38
707,0.0338,1.064698338508606,3.44745459958321e-05,3277672.0,142.4375,126.5,151.75,0.125,135.4375,126.5,143.75,0.75,0.0,0.75,0.0,1.0,1.900388602167368,1.1203545406460762,0.0,0.0,0.0,0.0,0.0,0.38
708,0.2256,3.151747226715088,3.444477523072343e-05,3281754.0,113.625,96.0,147.0,0.0625,105.66666793823242,96.0,121.0,0.8125,0.26933756470680237,0.8125,0.26933756470680237,0.5,2.8920037373900414,1.472099207341671,0.0,0.0,0.0,0.0,0.0,0.38
709,0.1638,2.3347365856170654,3.441500446561477e-05,3286129.0,127.6875,102.5,156.75,0.0625,120.75,102.5,149.0,0.5625,0.125,0.5625,0.125,0.75,2.607175499200821,1.6409269943833351,0.0,0.0,0.0,0.0,0.0,0.38
710,0.2877,2.6784393787384033,3.43852337005061e-05,3291060.0,165.1875,115.25,221.25,0.25,140.35416793823242,115.25,165.5,0.5,0.25,0.5,0.25,0.5,5.575764685869217,3.055055618286133,0.0,0.0,0.0,0.0,0.0,0.38
711,0.0398,1.2188273668289185,3.435546293539744e-05,3295352.0,132.75,112.0,167.75,0.0,132.75,112.0,167.75,0.75,0.0,0.75,0.0,1.0,1.7670421749353409,0.754621334373951,0.0,0.0,0.0,0.0,0.0,0.38
712,0.1866,1.7617899179458618,3.432569217028878e-05,3299272.0,110.25,88.5,143.75,0.0,110.25,88.5,143.75,0.75,0.25,0.75,0.25,0.5,2.0993453189730644,1.3666910976171494,0.0,0.0,0.0,0.0,0.0,0.38
713,0.7061,4.798973083496094,3.429592140518012e-05,3304136.0,150.25,100.0,212.0,0.3125,114.83333396911621,100.0,142.75,0.5625,0.26933756470680237,0.5625,0.26933756470680237,0.5,9.921128995716572,4.352263450622559,0.0,0.0,0.0,0.0,0.0,0.38
714,0.0742,2.023369789123535,3.4266150640071455e-05,3308448.0,123.0,86.0,141.25,0.1875,94.5,86.0,103.25,0.625,0.14433756470680237,0.625,0.14433756470680237,0.75,7.208885602653027,2.90044179931283,0.0,0.0,0.0,0.0,0.0,0.38
715,0.5202,4.778128623962402,3.423637987496279e-05,3313225.0,154.8125,107.5,223.25,0.25,122.02083587646484,107.5,134.0,0.5625,0.5580126941204071,0.5625,0.5580126941204071,0.0,13.889444589614868,5.045404434204102,0.0,0.0,0.0,0.0,0.0,0.38
716,0.6075,5.966872215270996,3.4206609109854125e-05,3317835.0,139.875,84.75,233.0,0.1875,113.02083396911621,84.75,153.25,0.1875,0.26933756470680237,0.1875,0.26933756470680237,0.5,21.922237396240234,6.675375461578369,0.0,0.0,0.0,0.0,0.0,0.39
717,0.6783,7.228632926940918,3.417683834474546e-05,3322686.0,174.6875,93.75,256.0,0.25,147.58333587646484,93.75,201.25,0.375,0.39433756470680237,0.375,0.39433756470680237,0.25,23.25360655784607,6.602127015590668,0.0,0.0,0.0,0.0,0.0,0.39
718,0.7343,4.439082145690918,3.4147067579636796e-05,3328288.0,187.875,90.0,256.0,0.4375,136.29166984558105,90.0,170.5,0.1875,0.125,0.1875,0.125,0.75,27.15172290802002,8.099703550338745,0.0,0.0,0.0,0.0,0.0,0.39
719,0.3631,7.77827787399292,3.4117296814528134e-05,3332717.0,139.5625,106.0,199.75,0.0625,126.9375,106.0,153.25,0.5,0.25,0.5,0.25,0.5,17.565966423600912,4.863706447184086,0.0,0.0,0.0,0.0,0.0,0.39
720,0.6457,4.902517795562744,3.408752604941947e-05,3337079.0,141.375,76.0,202.0,0.25,104.8125,76.0,146.5,0.4375,0.26933756470680237,0.4375,0.26933756470680237,0.5,18.865816596895456,6.101400300860405,0.0,0.0,0.0,0.0,0.0,0.39
721,0.3251,5.181758403778076,3.405775528431081e-05,3341713.0,148.875,115.5,183.25,0.125,136.875,115.5,166.25,0.5,0.0,0.5,0.0,1.0,16.600645750761032,5.401815686374903,0.0,0.0,0.0,0.0,0.0,0.39
722,0.2086,3.7120234966278076,3.402798451920214e-05,3346596.0,139.9375,98.75,168.0,0.125,124.625,98.75,149.75,0.5,0.0,0.5,0.0,1.0,10.268588971346617,4.519651617854834,0.0,0.0,0.0,0.0,0.0,0.39
723,0.1581,3.711944103240967,3.399821375409348e-05,3350826.0,121.875,91.25,137.5,0.125,111.5625,91.25,129.75,0.5625,0.125,0.5625,0.125,0.75,7.523633532226086,3.8267170190811157,0.0,0.0,0.0,0.0,0.0,0.39
724,0.0855,0.9710674285888672,3.3968442988984813e-05,3354777.0,110.1875,83.5,122.75,0.125,101.8125,83.5,119.75,0.6875,0.125,0.6875,0.125,0.75,2.6550575271248817,1.5173954330384731,0.0,0.0,0.0,0.0,0.0,0.39
725,0.238,1.7601321935653687,3.393867222387616e-05,3359648.0,159.9375,132.0,199.0,0.125,153.6875,132.0,189.75,0.6875,0.125,0.6875,0.125,0.75,3.4673058949410915,2.9346252623945475,0.0,0.0,0.0,0.0,0.0,0.39
726,0.0134,0.07442308217287064,3.39089014587675e-05,3363382.0,97.625,88.5,109.25,0.0,97.625,88.5,109.25,0.75,0.0,0.75,0.0,1.0,0.6651879027485847,0.4174432009458542,0.0,0.0,0.0,0.0,0.0,0.39
727,-0.006,1.8106809854507446,3.387913069365883e-05,3367675.0,125.3125,88.75,143.0,0.1875,102.25,88.75,112.25,0.375,0.14433756470680237,0.375,0.14433756470680237,0.75,1.1296944171190262,2.1397969014942646,0.0,0.0,0.0,0.0,0.0,0.39
728,0.1589,10.773859977722168,3.384935992855017e-05,3371697.0,117.625,82.0,175.0,0.0625,109.25,82.0,146.25,0.5625,0.41367512941360474,0.5625,0.41367512941360474,0.25,2.8384086713194847,3.7163221538066864,0.0,0.0,0.0,0.0,0.0,0.39
729,0.1057,6.650409698486328,3.38195891634415e-05,3375970.0,120.0625,109.75,135.75,0.0,120.0625,109.75,135.75,0.875,0.25,0.875,0.25,0.5,0.8791021406650543,1.054157730191946,0.0,0.0,0.0,0.0,0.0,0.39
730,0.1132,4.082013130187988,3.378981839833284e-05,3380509.0,119.4375,101.25,155.5,0.0625,110.35416793823242,101.25,122.75,0.625,0.39433756470680237,0.625,0.39433756470680237,0.25,0.5180686824023724,0.6796909924596548,0.0,0.0,0.0,0.0,0.0,0.39
731,0.0902,4.940173149108887,3.3760047633224176e-05,3385313.0,151.5,125.75,185.75,0.0625,145.75,125.75,172.25,0.5,0.39433756470680237,0.5,0.39433756470680237,0.25,2.4614687487483025,2.8376076444983482,0.0,0.0,0.0,0.0,0.0,0.39
732,0.0625,0.02359783463180065,3.3730276868115515e-05,3389759.0,149.125,119.0,187.75,0.0625,142.4375,119.0,172.5,0.75,0.28867512941360474,0.75,0.28867512941360474,0.5,0.9140324592590332,0.9508604109287262,0.0,0.0,0.0,0.0,0.0,0.39
733,0.0637,0.012363503687083721,3.3700506103006853e-05,3394739.0,144.5,131.25,153.5,0.125,140.625,131.25,148.75,0.5625,0.125,0.5625,0.125,0.75,1.820784941315651,1.6067663477733731,0.0,0.0,0.0,0.0,0.0,0.39
734,-0.0418,0.034548863768577576,3.3670735337898185e-05,3399092.0,119.5625,107.0,130.25,0.0,119.5625,107.0,130.25,0.875,0.25,0.875,0.25,0.5,0.2502206899225712,0.20779921486973763,0.0,0.0,0.0,0.0,0.0,0.39
735,0.1728,3.583820343017578,3.3640964572789524e-05,3404129.0,173.8125,130.0,222.0,0.0625,170.72916793823242,130.0,218.5,0.1875,0.26933756470680237,0.1875,0.26933756470680237,0.5,4.833976477384567,3.1448012441396713,0.0,0.0,0.0,0.0,0.0,0.4
736,0.011,1.8589963912963867,3.3611193807680856e-05,3409966.0,207.5625,140.5,242.75,0.1875,191.25,140.5,228.25,0.4375,0.26933756470680237,0.4375,0.26933756470680237,0.5,5.496449941769242,3.535741087049246,0.0,0.0,0.0,0.0,0.0,0.4
737,0.1663,2.4052300453186035,3.3581423042572194e-05,3414703.0,148.8125,118.75,169.0,0.0625,144.54166793823242,118.75,163.5,0.75,0.25,0.75,0.25,0.5,2.9930416271090508,2.0081106815487146,0.0,0.0,0.0,0.0,0.0,0.4
738,0.164,0.06968461722135544,3.355165227746353e-05,3419062.0,122.9375,105.75,147.75,0.0,122.9375,105.75,147.75,0.75,0.28867512941360474,0.75,0.28867512941360474,0.5,3.208895191550255,1.758255546912551,0.0,0.0,0.0,0.0,0.0,0.4
739,0.0508,2.7982733249664307,3.352188151235487e-05,3423341.0,120.1875,113.0,130.5,0.0625,118.04166793823242,113.0,124.25,0.6875,0.125,0.6875,0.125,0.75,0.8225944116711617,0.5541494432836771,0.0,0.0,0.0,0.0,0.0,0.4
740,0.0704,3.9407474994659424,3.349211074724621e-05,3428425.0,171.5,112.0,200.5,0.3125,125.0625,112.0,132.5,0.4375,0.125,0.4375,0.125,0.75,7.91438565403223,4.435450669378042,0.0,0.0,0.0,0.0,0.0,0.4
741,0.3156,7.309702396392822,3.346233998213754e-05,3433939.0,194.375,159.5,238.25,0.4375,112.95833396911621,95.5,133.0,0.5,0.25,0.5,0.25,0.5,5.38059027493,2.625173317268491,0.0,0.0,0.0,0.0,0.0,0.4
742,0.4636,3.4138686656951904,3.343256921702888e-05,3438805.0,162.875,128.5,198.5,0.1875,150.375,128.5,178.25,0.5625,0.375,0.5625,0.375,0.25,11.175118710845709,4.859346151351929,0.0,0.0,0.0,0.0,0.0,0.4
743,0.0245,0.02435007505118847,3.340279845192021e-05,3443566.0,154.3125,144.75,167.25,0.0,154.3125,144.75,167.25,0.625,0.14433756470680237,0.625,0.14433756470680237,0.75,0.19462322629988194,0.06257853098213673,0.0,0.0,0.0,0.0,0.0,0.4
744,-0.0388,1.466657042503357,3.337302768681155e-05,3448238.0,153.0,128.75,166.5,0.0,153.0,128.75,166.5,0.375,0.14433756470680237,0.375,0.14433756470680237,0.75,0.9718027152121067,0.42209524661302567,0.0,0.0,0.0,0.0,0.0,0.4
745,0.005,0.04014403000473976,3.334325692170289e-05,3452080.0,106.875,100.75,115.75,0.0,106.875,100.75,115.75,1.0,0.0,1.0,0.0,1.0,0.2505969852209091,0.10657564923167229,0.0,0.0,0.0,0.0,0.0,0.4
746,0.0011,1.1139862537384033,3.331348615659423e-05,3456187.0,120.1875,111.25,136.0,0.0,120.1875,111.25,136.0,0.9375,0.125,0.9375,0.125,0.75,0.2784656882286072,0.21816210076212883,0.0,0.0,0.0,0.0,0.0,0.4
747,0.2302,1.8415858745574951,3.3283715391485566e-05,3461200.0,169.0625,136.0,212.25,0.1875,145.4375,136.0,154.75,0.5,0.25,0.5,0.25,0.5,8.510322574526072,2.7336007840931416,0.0,0.0,0.0,0.0,0.0,0.4
748,0.1518,2.8295180797576904,3.32539446263769e-05,3466473.0,181.5625,169.75,198.25,0.25,117.5625,105.75,134.25,0.5,0.28867512941360474,0.5,0.28867512941360474,0.5,7.64328995347023,2.619841303676367,0.0,0.0,0.0,0.0,0.0,0.4
749,0.0742,6.183382034301758,3.3224173861268236e-05,3471013.0,129.25,95.5,168.0,0.0625,124.25,95.5,155.75,0.5,0.25,0.5,0.25,0.5,4.125776693224907,1.8593534156680107,0.0,0.0,0.0,0.0,0.0,0.4
750,0.1818,3.0403616428375244,3.319440309615957e-05,3475595.0,129.375,87.5,171.75,0.1875,105.85416793823242,87.5,125.5,0.5,0.0,0.5,0.0,1.0,8.546494655311108,3.213199868798256,0.0,0.0,0.0,0.0,0.0,0.4
751,0.0855,2.8254873752593994,3.316463233105091e-05,3480106.0,137.9375,112.25,157.0,0.125,128.1875,112.25,146.75,0.75,0.0,0.75,0.0,1.0,4.264165457338095,1.9479191564023495,0.0,0.0,0.0,0.0,0.0,0.4
752,0.4438,7.64128303527832,3.313486156594225e-05,3484485.0,141.4375,99.25,193.5,0.125,126.58333587646484,99.25,149.0,0.625,0.39433756470680237,0.625,0.39433756470680237,0.25,7.530120924115181,3.3655602037906647,0.0,0.0,0.0,0.0,0.0,0.4
753,0.2501,0.05960184335708618,3.3105090800833583e-05,3488445.0,111.0,83.0,135.5,0.0625,104.64583587646484,83.0,119.75,0.5,0.25,0.5,0.25,0.5,6.143538564443588,2.4113467559218407,0.0,0.0,0.0,0.0,0.0,0.41
754,0.2284,0.08566940575838089,3.307532003572492e-05,3492987.0,142.875,112.0,169.0,0.125,124.625,112.0,132.5,0.375,0.14433756470680237,0.375,0.14433756470680237,0.75,2.7857159338891506,1.4791583716869354,0.0,0.0,0.0,0.0,0.0,0.41
755,0.1327,0.04919745773077011,3.3045549270616254e-05,3497636.0,140.3125,120.75,167.25,0.0,140.3125,120.75,167.25,0.5625,0.125,0.5625,0.125,0.75,4.5534006878733635,2.025513593107462,0.0,0.0,0.0,0.0,0.0,0.41
756,0.0363,1.071561574935913,3.301577850550759e-05,3501875.0,119.6875,98.25,140.25,0.0,119.6875,98.25,140.25,0.75,0.0,0.75,0.0,1.0,1.7966374568641186,1.012979719787836,0.0,0.0,0.0,0.0,0.0,0.41
757,0.233,0.028774995356798172,3.298600774039893e-05,3505611.0,104.0,74.75,141.25,0.0625,95.5,74.75,120.25,0.5625,0.125,0.5625,0.125,0.75,6.334001757204533,2.9095899779349566,0.0,0.0,0.0,0.0,0.0,0.41
758,0.0323,0.02043105475604534,3.295623697529027e-05,3509831.0,126.0,109.5,146.5,0.0625,121.02083587646484,109.5,142.25,0.75,0.0,0.75,0.0,1.0,1.6151797473430634,1.0172446891665459,0.0,0.0,0.0,0.0,0.0,0.41
759,0.0504,0.024151461198925972,3.292646621018161e-05,3514462.0,144.4375,120.25,180.5,0.0625,136.3125,120.25,152.0,0.8125,0.125,0.8125,0.125,0.75,1.0422495808452368,0.8029604963958263,0.0,0.0,0.0,0.0,0.0,0.41
760,0.4276,8.161969184875488,3.289669544507294e-05,3518156.0,98.875,78.5,150.0,0.0,98.875,78.5,150.0,0.5625,0.375,0.5625,0.375,0.25,5.621433608233929,3.1258085444569588,0.0,0.0,0.0,0.0,0.0,0.41
761,-0.0174,0.8908692002296448,3.286692467996428e-05,3522499.0,121.6875,105.25,141.0,0.125,112.25,105.25,122.5,0.6875,0.125,0.6875,0.125,0.75,1.244558371603489,0.9220762476325035,0.0,0.0,0.0,0.0,0.0,0.41
762,0.0466,3.0950160026550293,3.283715391485561e-05,3527299.0,141.75,111.75,169.5,0.125,128.25,111.75,143.75,0.4375,0.125,0.4375,0.125,0.75,5.1287853717803955,3.323393374681473,0.0,0.0,0.0,0.0,0.0,0.41
763,0.2054,2.010528564453125,3.280738314974695e-05,3532067.0,162.0,119.25,216.25,0.0625,156.9375,119.25,207.25,0.3125,0.125,0.3125,0.125,0.75,6.995809257030487,4.356573909521103,0.0,0.0,0.0,0.0,0.0,0.41
764,0.3919,0.046069495379924774,3.277761238463829e-05,3535873.0,102.375,74.75,148.25,0.0625,90.5625,74.75,102.75,0.8125,0.26933756470680237,0.8125,0.26933756470680237,0.5,4.592257168143988,2.6919954270124435,0.0,0.0,0.0,0.0,0.0,0.41
765,0.1449,5.917913436889648,3.2747841619529626e-05,3541056.0,159.9375,134.25,191.0,0.0625,158.54166793823242,134.25,189.75,0.3125,0.125,0.3125,0.125,0.75,6.342477073892951,5.107483416795731,0.0,0.0,0.0,0.0,0.0,0.41
766,0.0432,4.733542442321777,3.2718070854420964e-05,3544428.0,86.75,75.75,100.5,0.0,86.75,75.75,100.5,0.5,0.5,0.5,0.5,0.0,3.0553371608257294,2.8332057297229767,0.0,0.0,0.0,0.0,0.0,0.41
767,0.0473,0.030838243663311005,3.2688300089312296e-05,3549062.0,132.375,109.75,152.5,0.0,132.375,109.75,152.5,0.75,0.0,0.75,0.0,1.0,2.4178101681172848,1.9442045167088509,0.0,0.0,0.0,0.0,0.0,0.41
768,0.28,5.641121864318848,3.2658529324203634e-05,3554393.0,170.1875,137.5,225.75,0.1875,153.02083778381348,137.5,167.75,0.6875,0.41367512941360474,0.6875,0.41367512941360474,0.25,2.6505471132695675,2.5976381227374077,0.0,0.0,0.0,0.0,0.0,0.41
769,0.1774,1.4929299354553223,3.2628758559094966e-05,3560043.0,181.625,112.5,240.0,0.0625,176.375,112.5,227.25,0.4375,0.41367512941360474,0.4375,0.41367512941360474,0.25,3.4416455179452896,2.54808846116066,0.0,0.0,0.0,0.0,0.0,0.41
770,-0.153,0.03650425747036934,3.2598987793986305e-05,3563914.0,95.6875,73.5,111.25,0.0,95.6875,73.5,111.25,0.8125,0.26933756470680237,0.8125,0.26933756470680237,0.5,0.5903440564870834,0.6483929138630629,0.0,0.0,0.0,0.0,0.0,0.41
771,-0.0808,0.0751650258898735,3.256921702887764e-05,3567606.0,96.0,79.75,111.75,0.0,96.0,79.75,111.75,0.9375,0.125,0.9375,0.125,0.75,0.8338904865086079,0.7562675755470991,0.0,0.0,0.0,0.0,0.0,0.41
772,0.2499,8.818995475769043,3.253944626376898e-05,3571293.0,105.4375,83.25,145.25,0.0625,94.47916793823242,83.25,103.5,0.875,0.25,0.875,0.25,0.5,2.4283277839422226,1.7544625606387854,0.0,0.0,0.0,0.0,0.0,0.42
773,0.2431,1.7766737937927246,3.250967549866032e-05,3575238.0,112.3125,83.75,147.5,0.0,112.3125,83.75,147.5,0.5,0.25,0.5,0.25,0.5,6.718272924423218,4.090095836669207,0.0,0.0,0.0,0.0,0.0,0.42
774,0.116,5.107777118682861,3.247990473355165e-05,3580099.0,145.8125,134.5,158.5,0.25,81.8125,70.5,94.5,0.6875,0.125,0.6875,0.125,0.75,1.0731878131628036,0.5195667445659637,0.0,0.0,0.0,0.0,0.0,0.42
775,0.1583,1.8751884698867798,3.245013396844299e-05,3584174.0,123.9375,99.0,153.0,0.0625,117.64583587646484,99.0,129.0,0.625,0.14433756470680237,0.625,0.14433756470680237,0.75,4.4296549037098885,1.9204766489565372,0.0,0.0,0.0,0.0,0.0,0.42
776,0.1086,3.601483106613159,3.242036320333432e-05,3588688.0,138.375,114.75,169.0,0.0625,132.97916793823242,114.75,151.75,0.875,0.25,0.875,0.25,0.5,2.4562882632017136,1.212806846946478,0.0,0.0,0.0,0.0,0.0,0.42
777,0.5781,2.0712835788726807,3.239059243822567e-05,3593455.0,156.9375,126.0,214.25,0.1875,136.47916793823242,126.0,161.0,0.625,0.25,0.625,0.25,0.5,7.052077729254961,2.876444224268198,0.0,0.0,0.0,0.0,0.0,0.42
778,0.2259,2.266183614730835,3.2360821673117006e-05,3597454.0,110.4375,82.0,164.5,0.0625,100.54166793823242,82.0,126.0,0.5,0.0,0.5,0.0,1.0,11.417826902121305,3.466816946864128,0.0,0.0,0.0,0.0,0.0,0.42
779,0.5713,7.380218029022217,3.233105090800834e-05,3602718.0,186.25,117.0,256.0,0.3125,155.875,117.0,198.5,0.25,0.28867512941360474,0.25,0.28867512941360474,0.5,18.111973762512207,5.698582410812378,0.0,0.0,0.0,0.0,0.0,0.42
780,0.4077,1.9759671688079834,3.2301280142899676e-05,3606714.0,116.25,84.0,163.25,0.125,101.10416984558105,84.0,112.75,0.5625,0.125,0.5625,0.125,0.75,15.66503643244505,4.054008401930332,0.0,0.0,0.0,0.0,0.0,0.42
781,0.2458,3.4055938720703125,3.227150937779101e-05,3610904.0,126.625,102.75,146.25,0.125,111.5625,102.75,120.5,0.625,0.14433756470680237,0.625,0.14433756470680237,0.75,5.659882806241512,2.13068850338459,0.0,0.0,0.0,0.0,0.0,0.42
782,0.174,3.8018479347229004,3.224173861268235e-05,3615299.0,142.4375,119.75,152.25,0.1875,121.625,119.75,124.5,0.4375,0.125,0.4375,0.125,0.75,8.626076504588127,2.8215523082762957,0.0,0.0,0.0,0.0,0.0,0.42
783,0.0479,0.4985696077346802,3.2211967847573685e-05,3619069.0,91.875,84.5,103.0,0.0,91.875,84.5,103.0,0.6875,0.125,0.6875,0.125,0.75,0.3182991072535515,0.5033455565571785,0.0,0.0,0.0,0.0,0.0,0.42
784,0.5865,6.433187007904053,3.2182197082465024e-05,3623739.0,150.375,112.75,209.75,0.125,137.14583587646484,112.75,178.25,0.625,0.5,0.625,0.5,0.0,9.273851871490479,3.5897205471992493,0.0,0.0,0.0,0.0,0.0,0.42
785,0.1735,1.5532689094543457,3.215242631735636e-05,3628042.0,125.4375,117.5,135.5,0.0,125.4375,117.5,135.5,0.8125,0.26933756470680237,0.8125,0.26933756470680237,0.5,2.362746696919203,1.0303116962313652,0.0,0.0,0.0,0.0,0.0,0.42
786,0.3652,2.7493088245391846,3.2122655552247694e-05,3632130.0,123.25,107.25,155.0,0.0625,116.35416793823242,107.25,129.0,0.5,0.39433756470680237,0.5,0.39433756470680237,0.25,8.667255952954292,2.551006805151701,0.0,0.0,0.0,0.0,0.0,0.42
787,0.436,5.112492084503174,3.209288478713903e-05,3636253.0,124.6875,96.25,168.25,0.0625,119.22916793823242,96.25,163.5,0.6875,0.125,0.6875,0.125,0.75,9.96653861925006,2.9719239845871925,0.0,0.0,0.0,0.0,0.0,0.42
788,0.3411,9.401230812072754,3.2063114022030364e-05,3641166.0,156.3125,104.25,197.25,0.3125,115.5,104.25,136.5,0.1875,0.125,0.1875,0.125,0.75,17.467012137174606,4.920761294662952,0.0,0.0,0.0,0.0,0.0,0.42
789,0.2676,7.211057186126709,3.20333432569217e-05,3645626.0,138.75,96.25,176.5,0.125,127.25,96.25,168.0,0.375,0.25,0.375,0.25,0.5,16.59527324512601,4.2967158034443855,0.0,0.0,0.0,0.0,0.0,0.42
790,0.3241,9.723750114440918,3.200357249181304e-05,3650500.0,154.125,74.25,183.75,0.3125,103.25,74.25,132.5,0.5,0.0,0.5,0.0,1.0,16.50055229663849,4.653415605425835,0.0,0.0,0.0,0.0,0.0,0.42
791,0.3575,5.608132839202881,3.197380172670438e-05,3654596.0,107.25,77.75,163.5,0.125,89.0,77.75,97.75,0.375,0.14433756470680237,0.375,0.14433756470680237,0.75,11.65682815760374,3.315724693238735,0.0,0.0,0.0,0.0,0.0,0.43
792,0.424,0.042696211487054825,3.194403096159572e-05,3658528.0,112.0,85.75,149.25,0.0625,102.0,85.75,123.75,0.875,0.25,0.875,0.25,0.5,7.281356528401375,2.20998103544116,0.0,0.0,0.0,0.0,0.0,0.43
793,0.2159,1.7057195901870728,3.191426019648705e-05,3662888.0,118.5,73.75,162.5,0.125,105.25,73.75,137.25,0.4375,0.125,0.4375,0.125,0.75,12.01867950335145,3.5038087889552116,0.0,0.0,0.0,0.0,0.0,0.43
794,0.6859,2.3848516941070557,3.188448943137839e-05,3667095.0,132.6875,87.5,240.0,0.125,113.08333396911621,87.5,163.5,0.3125,0.41367512941360474,0.3125,0.41367512941360474,0.25,14.66275143623352,5.0382439494133,0.0,0.0,0.0,0.0,0.0,0.43
795,0.2406,1.4590600728988647,3.185471866626972e-05,3671390.0,115.9375,93.0,159.0,0.0625,105.1875,93.0,120.0,0.5625,0.26933756470680237,0.5625,0.26933756470680237,0.5,3.3875985480844975,1.2084921002388,0.0,0.0,0.0,0.0,0.0,0.43
796,0.0846,0.1518535166978836,3.182494790116106e-05,3675289.0,106.4375,94.75,128.25,0.0,106.4375,94.75,128.25,0.4375,0.125,0.4375,0.125,0.75,4.1724808774888515,1.5355490520596504,0.0,0.0,0.0,0.0,0.0,0.43
797,0.0478,2.383216381072998,3.17951771360524e-05,3679698.0,138.8125,89.5,163.0,0.125,123.375,89.5,153.75,0.6875,0.125,0.6875,0.125,0.75,4.315046459436417,1.6962457187473774,0.0,0.0,0.0,0.0,0.0,0.43
798,0.0342,2.937142848968506,3.1765406370943736e-05,3684107.0,129.0625,110.25,159.75,0.0625,122.97916793823242,110.25,138.75,0.625,0.14433756470680237,0.625,0.14433756470680237,0.75,3.9047979936003685,1.6891893278807402,0.0,0.0,0.0,0.0,0.0,0.43
799,0.0643,0.03107384964823723,3.1735635605835075e-05,3687822.0,94.6875,88.5,102.5,0.0,94.6875,88.5,102.5,0.8125,0.125,0.8125,0.125,0.75,1.709500264376402,0.8290187418460846,0.0,0.0,0.0,0.0,0.0,0.43
800,-0.224,2.325289726257324,3.1705864840726406e-05,3691873.0,112.6875,79.75,158.75,0.0625,104.52083396911621,79.75,128.0,0.5625,0.26933756470680237,0.5625,0.26933756470680237,0.5,1.2942962646484375,0.7188618620857596,0.0,0.0,0.0,0.0,0.0,0.43
801,0.0086,0.06120675802230835,3.1676094075617745e-05,3695845.0,94.25,87.5,102.0,0.0,94.25,87.5,102.0,0.5625,0.125,0.5625,0.125,0.75,0.21575778722763062,0.16860011406242847,0.0,0.0,0.0,0.0,0.0,0.43
802,0.1731,3.286114454269409,3.164632331050908e-05,3699963.0,119.375,104.5,136.25,0.0,119.375,104.5,136.25,0.8125,0.125,0.8125,0.125,0.75,4.7221325263381,2.2047075098380446,0.0,0.0,0.0,0.0,0.0,0.43
803,0.0595,1.3191273212432861,3.1616552545400415e-05,3704694.0,141.6875,123.5,160.75,0.0625,135.83333587646484,123.5,144.75,0.625,0.14433756470680237,0.625,0.14433756470680237,0.75,2.950738303363323,1.411472326144576,0.0,0.0,0.0,0.0,0.0,0.43
804,0.1098,4.964874267578125,3.158678178029176e-05,3708788.0,114.125,91.5,132.0,0.0625,108.70833587646484,91.5,119.5,0.6875,0.125,0.6875,0.125,0.75,4.5206943936645985,2.3690997399389744,0.0,0.0,0.0,0.0,0.0,0.43
805,0.0607,5.973557949066162,3.155701101518309e-05,3713791.0,150.6875,125.25,169.0,0.125,136.875,125.25,146.25,0.5625,0.26933756470680237,0.5625,0.26933756470680237,0.5,3.090613678097725,2.2181167379021645,0.0,0.0,0.0,0.0,0.0,0.43
806,0.0051,0.03810678794980049,3.152724025007443e-05,3717808.0,116.0625,112.75,121.75,0.0,116.0625,112.75,121.75,1.0,0.0,1.0,0.0,1.0,0.25434237346053123,0.1548268971964717,0.0,0.0,0.0,0.0,0.0,0.43
807,0.0042,0.014235059730708599,3.149746948496576e-05,3721794.0,113.375,106.0,121.0,0.0,113.375,106.0,121.0,1.0,0.0,1.0,0.0,1.0,0.21255972981452942,0.09241173788905144,0.0,0.0,0.0,0.0,0.0,0.43
808,-0.206,2.345853805541992,3.14676987198571e-05,3727009.0,158.4375,134.0,177.0,0.1875,155.8125,134.0,173.5,0.6875,0.26933756470680237,0.6875,0.26933756470680237,0.5,2.7532348334789276,1.3450149605050683,0.0,0.0,0.0,0.0,0.0,0.43
809,0.0442,0.0285794660449028,3.143792795474843e-05,3731157.0,123.75,108.0,140.0,0.0,123.75,108.0,140.0,0.9375,0.125,0.9375,0.125,0.75,0.1847848780453205,0.11307709664106369,0.0,0.0,0.0,0.0,0.0,0.44
810,0.1181,0.6241426467895508,3.140815718963978e-05,3735766.0,160.3125,142.25,174.0,0.3125,148.5,142.25,156.25,0.5,0.0,0.5,0.0,1.0,5.618548475205898,2.614489110186696,0.0,0.0,0.0,0.0,0.0,0.44
811,0.0382,0.04196348041296005,3.137838642453112e-05,3740089.0,117.9375,85.75,137.25,0.0625,112.6875,85.75,127.0,0.75,0.0,0.75,0.0,1.0,1.8793644532561302,1.1453387960791588,0.0,0.0,0.0,0.0,0.0,0.44
812,0.0259,0.04503282159566879,3.134861565942245e-05,3744357.0,133.75,121.75,145.75,0.0625,130.89583587646484,121.75,137.5,0.75,0.0,0.75,0.0,1.0,1.2914960756897926,0.5552529022097588,0.0,0.0,0.0,0.0,0.0,0.44
813,-0.0794,0.05059930309653282,3.131884489431379e-05,3748501.0,118.75,105.25,129.25,0.0,118.75,105.25,129.25,0.4375,0.125,0.4375,0.125,0.75,0.2307296209037304,0.13601702265441418,0.0,0.0,0.0,0.0,0.0,0.44
814,0.0394,1.7084896564483643,3.128907412920512e-05,3752765.0,127.25,111.5,147.0,0.0,127.25,111.5,147.0,0.8125,0.125,0.8125,0.125,0.75,0.25406288355588913,0.1627784464508295,0.0,0.0,0.0,0.0,0.0,0.44
815,0.0635,0.5381905436515808,3.125930336409646e-05,3756992.0,123.1875,108.5,152.0,0.0625,117.4375,108.5,129.25,0.6875,0.125,0.6875,0.125,0.75,0.9433499686419964,0.6430107317864895,0.0,0.0,0.0,0.0,0.0,0.44
816,-0.0688,2.7717602252960205,3.1229532598987796e-05,3761118.0,125.125,109.0,137.75,0.0,125.125,109.0,137.75,0.9375,0.125,0.9375,0.125,0.75,0.6470055729150772,0.5055770240724087,0.0,0.0,0.0,0.0,0.0,0.44
817,0.0509,0.013184348121285439,3.1199761833879134e-05,3765908.0,161.375,141.25,172.5,0.1875,149.0,141.25,156.0,0.375,0.14433756470680237,0.375,0.14433756470680237,0.75,0.2011364921927452,0.1193335298448801,0.0,0.0,0.0,0.0,0.0,0.44
818,0.0478,5.456753253936768,3.116999106877047e-05,3770422.0,128.375,121.5,133.25,0.0,128.375,121.5,133.25,0.75,0.39433756470680237,0.75,0.39433756470680237,0.25,1.2856983840465546,0.720752252265811,0.0,0.0,0.0,0.0,0.0,0.44
819,-0.1289,3.493163824081421,3.1140220303661805e-05,3774570.0,118.75,83.75,140.75,0.0,118.75,83.75,140.75,0.8125,0.26933756470680237,0.8125,0.26933756470680237,0.5,1.9247748740017414,1.1730051413178444,0.0,0.0,0.0,0.0,0.0,0.44
820,-0.0115,1.6842756271362305,3.111044953855314e-05,3779019.0,133.0625,86.25,162.25,0.125,124.6875,86.25,161.0,0.6875,0.125,0.6875,0.125,0.75,2.0938097909092903,2.012213408946991,0.0,0.0,0.0,0.0,0.0,0.44
821,0.0546,0.06915907561779022,3.1080678773444475e-05,3783322.0,125.4375,114.25,139.5,0.0,125.4375,114.25,139.5,0.6875,0.125,0.6875,0.125,0.75,0.4297235868871212,0.38333316892385483,0.0,0.0,0.0,0.0,0.0,0.44
822,-0.0399,0.020665915682911873,3.1050908008335814e-05,3787493.0,108.4375,99.75,113.75,0.0,108.4375,99.75,113.75,0.6875,0.125,0.6875,0.125,0.75,0.203900795429945,0.1726305801421404,0.0,0.0,0.0,0.0,0.0,0.44
823,-0.026,1.146809458732605,3.102113724322715e-05,3791951.0,138.625,134.25,144.0,0.0,138.625,134.25,144.0,0.3125,0.125,0.3125,0.125,0.75,0.17605581134557724,0.1482541337609291,0.0,0.0,0.0,0.0,0.0,0.44
824,0.1988,3.43772029876709,3.099136647811849e-05,3796502.0,146.9375,106.25,195.25,0.125,134.37500381469727,106.25,169.75,0.5625,0.26933756470680237,0.5625,0.26933756470680237,0.5,6.5328148901462555,4.207641150802374,0.0,0.0,0.0,0.0,0.0,0.44
825,0.0058,0.015561814419925213,3.096159571300983e-05,3800639.0,122.0625,111.0,130.25,0.0,122.0625,111.0,130.25,0.8125,0.125,0.8125,0.125,0.75,0.9863682612776756,0.6160153932869434,0.0,0.0,0.0,0.0,0.0,0.44
826,0.2615,3.6159682273864746,3.093182494790116e-05,3805248.0,140.8125,86.0,178.5,0.125,121.8125,86.0,145.0,0.5,0.25,0.5,0.25,0.5,6.156089119613171,3.2600219920277596,0.0,0.0,0.0,0.0,0.0,0.44
827,0.1092,1.8935526609420776,3.09020541827925e-05,3809705.0,137.3125,108.0,164.25,0.125,121.625,108.0,135.25,0.1875,0.26933756470680237,0.1875,0.26933756470680237,0.5,3.993083603680134,2.2053036987781525,0.0,0.0,0.0,0.0,0.0,0.44
828,0.4238,3.895801067352295,3.087228341768383e-05,3814968.0,181.6875,118.25,256.0,0.375,132.125,118.25,148.0,0.25,0.25,0.25,0.25,0.5,16.198948860168457,6.926024913787842,0.0,0.0,0.0,0.0,0.0,0.45
829,0.2277,5.089233875274658,3.084251265257517e-05,3820109.0,170.3125,108.0,200.25,0.375,127.0,108.0,142.5,0.3125,0.125,0.3125,0.125,0.75,15.263139605522156,6.127789556980133,0.0,0.0,0.0,0.0,0.0,0.45
830,0.3042,3.285571813583374,3.0812741887466515e-05,3824401.0,128.5,76.25,196.75,0.125,110.97916793823242,76.25,146.25,0.4375,0.41367512941360474,0.4375,0.41367512941360474,0.25,15.489835023880005,6.3392781019210815,0.0,0.0,0.0,0.0,0.0,0.45
831,0.0898,2.780613660812378,3.078297112235785e-05,3828906.0,139.5625,102.5,180.5,0.25,114.77083396911621,102.5,132.0,0.375,0.14433756470680237,0.375,0.14433756470680237,0.75,6.373999610543251,3.645560100674629,0.0,0.0,0.0,0.0,0.0,0.45
832,0.3058,1.9580271244049072,3.0753200357249185e-05,3833889.0,176.1875,131.5,223.5,0.375,97.06250381469727,67.5,137.25,0.125,0.14433756470680237,0.125,0.14433756470680237,0.75,16.06793487071991,8.189006567001343,0.0,0.0,0.0,0.0,0.0,0.45
833,0.1914,2.9881725311279297,3.072342959214052e-05,3838310.0,134.8125,87.5,172.25,0.25,98.8125,87.5,110.0,0.5625,0.125,0.5625,0.125,0.75,7.723891627043486,4.806099534034729,0.0,0.0,0.0,0.0,0.0,0.45
834,0.2581,1.0590670108795166,3.0693658827031856e-05,3843658.0,188.25,123.25,247.5,0.25,159.41666793823242,123.25,197.5,0.4375,0.125,0.4375,0.125,0.75,6.3490747176110744,4.7242526486516,0.0,0.0,0.0,0.0,0.0,0.45
835,0.3719,7.3604960441589355,3.066388806192319e-05,3848457.0,166.1875,124.5,227.25,0.3125,132.7083339691162,124.5,143.75,0.375,0.5,0.375,0.5,0.0,7.300650231540203,5.304008960723877,0.0,0.0,0.0,0.0,0.0,0.45
836,0.1948,0.051233626902103424,3.063411729681453e-05,3853447.0,160.625,124.5,213.25,0.1875,136.29166793823242,124.5,152.25,0.5625,0.125,0.5625,0.125,0.75,4.0924401730299,3.5552780963480473,0.0,0.0,0.0,0.0,0.0,0.45
837,-0.0917,4.761935710906982,3.0589461149151534e-05,3862919.0,150.0625,92.25,194.25,0.25,132.97916793823242,92.25,161.75,0.625,0.39433756470680237,0.625,0.39433756470680237,0.25,3.903472952544689,3.4508142173290253,0.0,0.0,0.0,0.0,0.0,0.45
838,0.2056,7.60089111328125,3.055969038404287e-05,3867122.0,129.1875,108.75,161.5,0.0625,124.625,108.75,146.0,0.6875,0.125,0.6875,0.125,0.75,3.3180336356163025,2.6305482387542725,0.0,0.0,0.0,0.0,0.0,0.45
839,0.51,4.69987678527832,3.052991961893421e-05,3872393.0,189.9375,141.0,256.0,0.4375,103.91666793823242,77.0,137.25,0.5,0.39433756470680237,0.5,0.39433756470680237,0.25,6.526813566684723,4.79789462685585,0.0,0.0,0.0,0.0,0.0,0.45
840,0.3582,1.6960409879684448,3.0500148853825543e-05,3877459.0,154.875,73.5,228.75,0.25,103.70833396911621,73.5,133.0,0.3125,0.26933756470680237,0.3125,0.26933756470680237,0.5,5.995116353034973,4.2065251767635345,0.0,0.0,0.0,0.0,0.0,0.45
841,0.0028,0.02642519399523735,3.0470378088716884e-05,3881651.0,122.5,118.25,128.25,0.0,122.5,118.25,128.25,1.0,0.0,1.0,0.0,1.0,0.14187851175665855,0.2416955605149269,0.0,0.0,0.0,0.0,0.0,0.45
842,0.2442,6.739299774169922,3.0440607323608216e-05,3886768.0,166.8125,112.75,223.25,0.1875,149.12500381469727,112.75,190.75,0.5625,0.41367512941360474,0.5625,0.41367512941360474,0.25,7.129134038463235,4.142638273537159,0.0,0.0,0.0,0.0,0.0,0.45
843,0.457,7.6031107902526855,3.0410836558499555e-05,3892049.0,181.0625,107.75,256.0,0.3125,145.37500381469727,107.75,192.0,0.1875,0.375,0.1875,0.375,0.25,13.233301162719727,6.869162321090698,0.0,0.0,0.0,0.0,0.0,0.45
844,0.5361,3.6029727458953857,3.038106579339089e-05,3897001.0,164.25,61.25,235.5,0.3125,121.70833396911621,61.25,188.25,0.1875,0.375,0.1875,0.375,0.25,19.603553533554077,8.066709280014038,0.0,0.0,0.0,0.0,0.0,0.45
845,0.2392,3.6271262168884277,3.035129502828223e-05,3901099.0,117.625,97.5,153.75,0.0625,108.47916793823242,97.5,117.5,0.875,0.25,0.875,0.25,0.5,4.240449337288737,1.9064560532569885,0.0,0.0,0.0,0.0,0.0,0.45
846,0.4063,7.266285419464111,3.0321524263173567e-05,3905592.0,131.8125,78.75,188.5,0.1875,104.70833396911621,78.75,129.5,0.3125,0.125,0.3125,0.125,0.75,15.61948699131608,5.293135866522789,0.0,0.0,0.0,0.0,0.0,0.46
847,0.2948,1.948072075843811,3.0291753498064902e-05,3910503.0,158.4375,115.25,197.25,0.25,126.27083396911621,115.25,137.75,0.375,0.14433756470680237,0.375,0.14433756470680237,0.75,14.726101387292147,4.945412494242191,0.0,0.0,0.0,0.0,0.0,0.46
848,0.4006,2.0135319232940674,3.026198273295624e-05,3915070.0,139.9375,111.75,193.5,0.125,123.62500381469727,111.75,138.75,0.625,0.39433756470680237,0.625,0.39433756470680237,0.25,8.492587137967348,3.04911245778203,0.0,0.0,0.0,0.0,0.0,0.46
849,0.4638,3.7308523654937744,3.0232211967847572e-05,3920297.0,180.9375,146.75,229.25,0.25,151.25,146.75,158.75,0.5625,0.26933756470680237,0.5625,0.26933756470680237,0.5,11.095023037865758,3.567048892378807,0.0,0.0,0.0,0.0,0.0,0.46
850,0.0259,2.110382556915283,3.020244120273891e-05,3923926.0,96.3125,88.75,104.5,0.0,96.3125,88.75,104.5,0.9375,0.125,0.9375,0.125,0.75,0.2304393555969,0.3568923622369766,0.0,0.0,0.0,0.0,0.0,0.46
851,0.2003,3.0359859466552734,3.0172670437630246e-05,3928092.0,126.125,117.25,134.25,0.25,62.125,53.25,70.25,0.625,0.14433756470680237,0.625,0.14433756470680237,0.75,6.647231228649616,1.892825722694397,0.0,0.0,0.0,0.0,0.0,0.46
852,0.3707,7.701747894287109,3.0142899672521585e-05,3933381.0,170.0625,90.25,256.0,0.3125,123.5,90.25,153.5,0.0,0.0,0.0,0.0,1.0,18.739758849143982,6.923349857330322,0.0,0.0,0.0,0.0,0.0,0.46
853,0.2513,2.3459014892578125,3.0113128907412923e-05,3937808.0,130.9375,101.25,154.5,0.125,116.9375,101.25,127.0,0.6875,0.41367512941360474,0.6875,0.41367512941360474,0.25,8.282872453331947,2.5254071578383446,0.0,0.0,0.0,0.0,0.0,0.46
854,0.1886,4.627126693725586,3.0083358142304258e-05,3943090.0,172.875,124.5,210.5,0.1875,155.9375,124.5,177.25,0.4375,0.375,0.4375,0.375,0.25,13.538227401673794,4.203653430566192,0.0,0.0,0.0,0.0,0.0,0.46
855,0.0955,1.7371201515197754,3.0053587377195597e-05,3948178.0,169.5,151.75,199.0,0.1875,169.125,151.75,198.5,0.3125,0.125,0.3125,0.125,0.75,2.765368051826954,1.1943769082427025,0.0,0.0,0.0,0.0,0.0,0.46
856,-0.0101,2.440006732940674,3.002381661208693e-05,3952196.0,108.875,99.25,116.25,0.0,108.875,99.25,116.25,0.875,0.14433756470680237,0.875,0.14433756470680237,0.75,1.496072892099619,0.7029831241816282,0.0,0.0,0.0,0.0,0.0,0.46
857,-0.0463,1.216381311416626,2.999404584697827e-05,3956828.0,153.5,138.75,165.75,0.0,153.5,138.75,165.75,0.8125,0.26933756470680237,0.8125,0.26933756470680237,0.5,0.895103070884943,0.5181990601122379,0.0,0.0,0.0,0.0,0.0,0.46
858,0.208,4.5417280197143555,2.9964275081869602e-05,3961278.0,142.375,106.25,181.25,0.125,118.75,106.25,136.0,0.5,0.25,0.5,0.25,0.5,6.135107018053532,2.3646257370710373,0.0,0.0,0.0,0.0,0.0,0.46
859,0.1792,4.533499240875244,2.993450431676094e-05,3966464.0,175.875,137.75,210.0,0.3125,151.0416717529297,137.75,167.75,0.4375,0.26933756470680237,0.4375,0.26933756470680237,0.5,7.886459998786449,3.3767984118312597,0.0,0.0,0.0,0.0,0.0,0.46
860,0.0221,0.01794309914112091,2.990473355165228e-05,3970371.0,104.6875,98.5,117.0,0.0,104.6875,98.5,117.0,0.75,0.0,0.75,0.0,1.0,1.0481917783617973,0.3344852365553379,0.0,0.0,0.0,0.0,0.0,0.46
861,0.0479,0.992775022983551,2.9874962786543614e-05,3974857.0,123.625,105.0,152.5,0.0,123.625,105.0,152.5,0.6875,0.125,0.6875,0.125,0.75,2.448618156835437,0.8566143717616796,0.0,0.0,0.0,0.0,0.0,0.46
862,0.2492,0.9118103981018066,2.9845192021434953e-05,3979722.0,171.3125,137.0,199.5,0.25,140.27083587646484,137.0,148.0,0.5625,0.125,0.5625,0.125,0.75,6.035523161292076,2.6262190230190754,0.0,0.0,0.0,0.0,0.0,0.46
863,0.0055,0.039112888276576996,2.9815421256326288e-05,3983358.0,93.5,76.75,104.75,0.0,93.5,76.75,104.75,0.75,0.0,0.75,0.0,1.0,0.2762169577181339,0.10854080878198147,0.0,0.0,0.0,0.0,0.0,0.46
864,0.014,0.32647979259490967,2.9785650491217627e-05,3988103.0,143.8125,121.5,172.0,0.0625,138.10416793823242,121.5,153.0,0.75,0.0,0.75,0.0,1.0,0.6375291496515274,0.34198011457920074,0.0,0.0,0.0,0.0,0.0,0.47
865,0.1051,4.007632255554199,2.9755879726108965e-05,3991637.0,80.875,75.5,90.0,0.0,80.875,75.5,90.0,0.75,0.28867512941360474,0.75,0.28867512941360474,0.5,1.2781697697937489,0.9127907808870077,0.0,0.0,0.0,0.0,0.0,0.47
866,0.0046,0.038260266184806824,2.9726108961000297e-05,3997588.0,197.6875,183.25,208.25,0.375,130.3125,119.25,141.75,0.25,0.25,0.25,0.25,0.5,0.6922891587018967,0.5048129446804523,0.0,0.0,0.0,0.0,0.0,0.47
867,0.004,0.01642822101712227,2.969633819589164e-05,4002169.0,144.3125,134.5,153.25,0.0,144.3125,134.5,153.25,1.0,0.0,1.0,0.0,1.0,0.20016607269644737,0.06698664836585522,0.0,0.0,0.0,0.0,0.0,0.47
868,-0.0621,0.013376899063587189,2.966656743078297e-05,4007202.0,155.8125,127.0,175.0,0.0,155.8125,127.0,175.0,0.8125,0.26933756470680237,0.8125,0.26933756470680237,0.5,0.1544889472424984,0.10088907089084387,0.0,0.0,0.0,0.0,0.0,0.47
869,0.1823,3.099027395248413,2.963679666567431e-05,4012277.0,167.4375,125.5,209.0,0.1875,144.20833587646484,125.5,157.25,0.5,0.39433756470680237,0.5,0.39433756470680237,0.25,4.448984704911709,2.268620813265443,0.0,0.0,0.0,0.0,0.0,0.47
870,-0.0727,0.06804173439741135,2.9607025900565644e-05,4015946.0,96.0625,83.75,104.0,0.0,96.0625,83.75,104.0,0.8125,0.26933756470680237,0.8125,0.26933756470680237,0.5,0.31982453167438507,0.10290982946753502,0.0,0.0,0.0,0.0,0.0,0.47
871,0.0324,1.5092769861221313,2.9577255135456983e-05,4020275.0,132.5625,94.25,163.0,0.1875,107.8125,94.25,130.0,0.5625,0.375,0.5625,0.375,0.25,2.0340594239532948,1.0625418201088905,0.0,0.0,0.0,0.0,0.0,0.47
872,0.0258,2.677316904067993,2.954748437034832e-05,4025104.0,156.5625,120.75,182.0,0.0,156.5625,120.75,182.0,0.25,0.25,0.25,0.25,0.5,3.549233078956604,1.9038472920656204,0.0,0.0,0.0,0.0,0.0,0.47
873,0.0025,0.019974136725068092,2.9517713605239657e-05,4029295.0,120.6875,99.75,133.75,0.0,120.6875,99.75,133.75,0.8125,0.125,0.8125,0.125,0.75,3.2271692864596844,1.5345062874257565,0.0,0.0,0.0,0.0,0.0,0.47
874,0.0794,1.388452410697937,2.9487942840130995e-05,4033399.0,109.0,80.5,135.0,0.0625,101.72916793823242,80.5,112.25,0.875,0.25,0.875,0.25,0.5,2.4090417250990868,1.0621297396719456,0.0,0.0,0.0,0.0,0.0,0.47
875,0.0258,1.5114965438842773,2.9458172075022327e-05,4037214.0,103.9375,81.75,117.25,0.125,96.75,81.75,112.5,0.75,0.25,0.75,0.25,0.5,4.86375916749239,1.8869745805859566,0.0,0.0,0.0,0.0,0.0,0.47
876,0.3828,3.5304574966430664,2.9428401309913665e-05,4041563.0,131.0625,96.25,153.75,0.125,120.3125,96.25,150.5,0.3125,0.26933756470680237,0.3125,0.26933756470680237,0.5,13.174086421728134,4.223640136420727,0.0,0.0,0.0,0.0,0.0,0.47
877,0.6334,2.3662266731262207,2.9398630544805e-05,4047328.0,195.5625,116.25,256.0,0.375,159.4583339691162,116.25,199.25,0.1875,0.125,0.1875,0.125,0.75,22.946503162384033,6.704193353652954,0.0,0.0,0.0,0.0,0.0,0.47
878,0.3583,8.839824676513672,2.936885977969634e-05,4052240.0,143.25,101.25,194.75,0.125,129.43750381469727,101.25,150.25,0.5,0.39433756470680237,0.5,0.39433756470680237,0.25,9.431848868727684,3.070655882358551,0.0,0.0,0.0,0.0,0.0,0.47
879,0.5148,4.356985569000244,2.9339089014587678e-05,4056568.0,128.75,99.5,172.0,0.1875,105.41666793823242,99.5,111.0,0.75,0.25,0.75,0.25,0.5,13.600559413433075,3.3843145072460175,0.0,0.0,0.0,0.0,0.0,0.47
880,0.5379,3.8956198692321777,2.9309318249479013e-05,4061996.0,185.5,136.25,247.0,0.3125,157.5,136.25,190.0,0.4375,0.26933756470680237,0.4375,0.26933756470680237,0.5,16.497538797557354,4.700089991092682,0.0,0.0,0.0,0.0,0.0,0.47
881,0.447,2.9876153469085693,2.927954748437035e-05,4066806.0,153.125,90.0,185.5,0.3125,101.875,90.0,115.0,0.4375,0.26933756470680237,0.4375,0.26933756470680237,0.5,17.17602740228176,3.804587509483099,0.0,0.0,0.0,0.0,0.0,0.47
882,0.4035,4.67164421081543,2.9249776719261683e-05,4071109.0,127.6875,79.75,169.5,0.1875,108.27083396911621,79.75,141.25,0.5,0.0,0.5,0.0,1.0,20.166191048920155,5.1285098269581795,0.0,0.0,0.0,0.0,0.0,0.47
883,0.5853,5.951113700866699,2.9220005954153025e-05,4075434.0,147.5625,124.75,170.25,0.375,60.9375,60.75,61.0,0.625,0.14433756470680237,0.625,0.14433756470680237,0.75,14.908248476684093,4.167088650166988,0.0,0.0,0.0,0.0,0.0,0.48
884,0.0816,0.025107890367507935,2.9190235189044363e-05,4079880.0,137.875,116.25,154.0,0.0625,133.22916793823242,116.25,143.25,0.75,0.0,0.75,0.0,1.0,4.187837816774845,1.3766996385529637,0.0,0.0,0.0,0.0,0.0,0.48
885,0.2126,1.2322686910629272,2.9160464423935695e-05,4084148.0,140.0,102.0,163.25,0.125,124.75,102.0,141.75,0.6875,0.26933756470680237,0.6875,0.26933756470680237,0.5,7.543814189732075,2.503156593069434,0.0,0.0,0.0,0.0,0.0,0.48
886,0.0851,0.04143788293004036,2.9130693658827034e-05,4088185.0,122.3125,97.0,162.0,0.0625,116.16666793823242,97.0,146.5,0.4375,0.125,0.4375,0.125,0.75,6.741465285420418,2.3510448317974806,0.0,0.0,0.0,0.0,0.0,0.48
887,0.0278,0.8819660544395447,2.910092289371837e-05,4092736.0,126.6875,98.25,144.0,0.0625,122.95833587646484,98.25,139.75,0.5,0.0,0.5,0.0,1.0,1.4994457475841045,0.6623199675232172,0.0,0.0,0.0,0.0,0.0,0.48
888,0.1347,0.02198942005634308,2.9071152128609707e-05,4097316.0,147.25,134.5,165.0,0.125,139.875,134.5,150.25,0.8125,0.26933756470680237,0.8125,0.26933756470680237,0.5,1.847384050488472,0.6837956625968218,0.0,0.0,0.0,0.0,0.0,0.48
889,-0.0213,2.9816150665283203,2.9041381363501043e-05,4101996.0,143.5,125.75,166.25,0.0,143.5,125.75,166.25,0.875,0.25,0.875,0.25,0.5,0.3079458475112915,0.25147035252302885,0.0,0.0,0.0,0.0,0.0,0.48
890,0.1621,2.273010730743408,2.901161059839238e-05,4106596.0,141.5,119.25,187.25,0.125,126.58333587646484,119.25,136.5,0.5625,0.125,0.5625,0.125,0.75,4.823977824300528,2.317649365402758,0.0,0.0,0.0,0.0,0.0,0.48
891,0.087,5.095833778381348,2.898183983328372e-05,4111404.0,151.25,130.75,176.25,0.0625,148.02083587646484,130.75,173.0,0.5,0.25,0.5,0.25,0.5,3.861948385834694,1.6661946773529053,0.0,0.0,0.0,0.0,0.0,0.48
892,0.1252,2.663668155670166,2.895206906817505e-05,4116149.0,151.5625,128.5,179.75,0.125,142.85416793823242,128.5,159.25,0.75,0.25,0.75,0.25,0.5,2.6297588534653187,1.6075840396806598,0.0,0.0,0.0,0.0,0.0,0.48
893,-0.1385,4.893798828125,2.8922298303066393e-05,4121169.0,152.25,119.5,206.5,0.0,152.25,119.5,206.5,0.1875,0.375,0.1875,0.375,0.25,4.221460357308388,2.5928880516439676,0.0,0.0,0.0,0.0,0.0,0.48
894,0.0059,0.041539743542671204,2.8892527537957725e-05,4125010.0,107.5625,99.0,122.75,0.0,107.5625,99.0,122.75,0.5,0.0,0.5,0.0,1.0,0.291364848613739,0.06835425458848476,0.0,0.0,0.0,0.0,0.0,0.48
895,0.0091,0.03169819712638855,2.8862756772849064e-05,4129396.0,135.375,119.5,148.0,0.0,135.375,119.5,148.0,0.75,0.25,0.75,0.25,0.5,0.8575682230293751,0.4517997242510319,0.0,0.0,0.0,0.0,0.0,0.48
896,0.0038,0.05875087156891823,2.88329860077404e-05,4133958.0,157.125,142.75,180.5,0.0,157.125,142.75,180.5,1.0,0.0,1.0,0.0,1.0,0.1888965293765068,0.06211898475885391,0.0,0.0,0.0,0.0,0.0,0.48
897,0.008,1.1968108415603638,2.8803215242631737e-05,4138837.0,153.4375,151.75,156.5,0.0,153.4375,151.75,156.5,0.3125,0.125,0.3125,0.125,0.75,0.19190170243382454,0.060780479572713375,0.0,0.0,0.0,0.0,0.0,0.48
898,0.0063,0.022938627749681473,2.8773444477523076e-05,4142266.0,90.3125,86.5,95.0,0.0,90.3125,86.5,95.0,1.0,0.0,1.0,0.0,1.0,0.3163043484091759,0.03696524351835251,0.0,0.0,0.0,0.0,0.0,0.48
899,0.0038,0.044092096388339996,2.874367371241441e-05,4146704.0,132.125,119.5,147.0,0.0,132.125,119.5,147.0,0.75,0.0,0.75,0.0,1.0,0.19015197828412056,0.05810059420764446,0.0,0.0,0.0,0.0,0.0,0.48
900,0.1157,1.6706618070602417,2.871390294730575e-05,4151411.0,142.1875,114.0,188.25,0.0625,135.35416793823242,114.0,162.5,0.125,0.25,0.125,0.25,0.5,1.6439654752612114,0.8960805973038077,0.0,0.0,0.0,0.0,0.0,0.48
901,0.3691,7.555655002593994,2.868413218219708e-05,4155580.0,119.8125,98.75,160.0,0.0625,108.85416793823242,98.75,117.75,0.75,0.25,0.75,0.25,0.5,2.205020748078823,1.0850031655281782,0.0,0.0,0.0,0.0,0.0,0.48
902,0.0787,2.052635431289673,2.865436141708842e-05,4160108.0,139.0,125.75,151.75,0.125,131.375,125.75,139.25,0.6875,0.375,0.6875,0.375,0.25,2.607957322150469,1.1218795534223318,0.0,0.0,0.0,0.0,0.0,0.49
903,0.0209,0.08196704089641571,2.8624590651979755e-05,4164980.0,174.75,163.0,187.75,0.0625,171.27083587646484,163.0,181.25,0.0,0.0,0.0,0.0,1.0,0.9496879205107689,0.4527466967701912,0.0,0.0,0.0,0.0,0.0,0.49
904,0.3391,2.991760730743408,2.8594819886871093e-05,4169872.0,156.75,108.5,228.0,0.125,142.02083587646484,108.5,188.0,0.5625,0.26933756470680237,0.5625,0.26933756470680237,0.5,6.336027294397354,2.6292020939290524,0.0,0.0,0.0,0.0,0.0,0.49
905,0.233,5.519303321838379,2.8565049121762432e-05,4174724.0,155.75,103.25,209.0,0.0625,150.875,103.25,206.25,0.625,0.25,0.625,0.25,0.5,4.448658049106598,1.6778192557394505,0.0,0.0,0.0,0.0,0.0,0.49
906,0.0052,0.0758519247174263,2.8535278356653767e-05,4178810.0,124.875,116.25,134.75,0.0625,121.95833587646484,116.25,130.75,1.0,0.0,1.0,0.0,1.0,0.2594199888408184,0.06775194220244884,0.0,0.0,0.0,0.0,0.0,0.49
907,-0.2366,0.013036255724728107,2.8505507591545106e-05,4182796.0,115.625,76.0,134.0,0.0,115.625,76.0,134.0,0.9375,0.125,0.9375,0.125,0.75,0.3958061411976814,0.10965757723897696,0.0,0.0,0.0,0.0,0.0,0.49
908,0.1082,3.5113489627838135,2.8475736826436437e-05,4187206.0,139.625,121.25,158.75,0.0,139.625,121.25,158.75,0.75,0.25,0.75,0.25,0.5,6.932320509105921,2.438336475752294,0.0,0.0,0.0,0.0,0.0,0.49
909,0.0052,0.025333309546113014,2.844596606132778e-05,4190787.0,99.0625,92.0,108.25,0.0,99.0625,92.0,108.25,0.75,0.0,0.75,0.0,1.0,0.26152803748846054,0.13058245927095413,0.0,0.0,0.0,0.0,0.0,0.49
910,-0.0138,1.6834880113601685,2.8416195296219118e-05,4195073.0,119.125,110.0,124.25,0.0,119.125,110.0,124.25,0.75,0.25,0.75,0.25,0.5,0.2684478424489498,0.1037010345607996,0.0,0.0,0.0,0.0,0.0,0.49
911,0.1991,1.87104332447052,2.838642453111045e-05,4199586.0,146.5625,111.25,162.5,0.1875,119.0,111.25,125.75,0.5625,0.125,0.5625,0.125,0.75,9.4423698335886,2.619855809956789,0.0,0.0,0.0,0.0,0.0,0.49
912,0.0651,1.0725470781326294,2.8356653766001788e-05,4205269.0,187.4375,164.75,196.75,0.3125,167.125,164.75,169.0,0.625,0.14433756470680237,0.625,0.14433756470680237,0.75,1.072457518428564,0.3739325851202011,0.0,0.0,0.0,0.0,0.0,0.49
913,-0.0309,0.033094458281993866,2.8326883000893123e-05,4209477.0,135.0,120.5,149.5,0.0,135.0,120.5,149.5,0.9375,0.125,0.9375,0.125,0.75,0.24589325860142708,0.055476490408182144,0.0,0.0,0.0,0.0,0.0,0.49
914,-0.0303,1.9092819690704346,2.8297112235784462e-05,4213135.0,93.125,86.0,103.75,0.0,93.125,86.0,103.75,0.8125,0.125,0.8125,0.125,0.75,1.1186182275414467,0.6027209218591452,0.0,0.0,0.0,0.0,0.0,0.49
915,0.3271,1.575537919998169,2.8267341470675797e-05,4217671.0,150.75,115.0,188.5,0.125,136.4375,115.0,163.75,0.375,0.5386751294136047,0.375,0.5386751294136047,0.0,8.359575755894184,2.676775563508272,0.0,0.0,0.0,0.0,0.0,0.49
916,0.1568,3.705533266067505,2.8237570705567136e-05,4221929.0,130.125,115.0,156.0,0.0625,122.97916793823242,115.0,132.5,0.9375,0.125,0.9375,0.125,0.75,1.3877821452915668,0.5302218552678823,0.0,0.0,0.0,0.0,0.0,0.49
917,-0.0348,2.4697093963623047,2.8207799940458474e-05,4226294.0,140.8125,117.75,160.75,0.0,140.8125,117.75,160.75,0.9375,0.125,0.9375,0.125,0.75,1.8987885899841785,0.49440893717110157,0.0,0.0,0.0,0.0,0.0,0.49
918,0.0711,0.9431015849113464,2.8178029175349806e-05,4231339.0,158.3125,131.5,168.25,0.1875,133.1875,131.5,134.75,0.625,0.14433756470680237,0.625,0.14433756470680237,0.75,3.213275969028473,0.975040590390563,0.0,0.0,0.0,0.0,0.0,0.49
919,0.0039,0.026641521602869034,2.8148258410241148e-05,4236308.0,162.3125,144.5,172.0,0.0,162.3125,144.5,172.0,1.0,0.0,1.0,0.0,1.0,0.19687499478459358,0.09058830514550209,0.0,0.0,0.0,0.0,0.0,0.49
920,-0.0341,0.0177206601947546,2.811848764513248e-05,4240976.0,155.5,147.75,160.5,0.25,91.5,83.75,96.5,0.1875,0.125,0.1875,0.125,0.75,0.2419734224677086,0.16480285301804543,0.0,0.0,0.0,0.0,0.0,0.5
921,0.1109,1.4000327587127686,2.8088716880023818e-05,4245006.0,119.375,101.25,136.5,0.0,119.375,101.25,136.5,0.8125,0.125,0.8125,0.125,0.75,4.660449631512165,1.1291317492723465,0.0,0.0,0.0,0.0,0.0,0.5
922,0.2602,1.1194344758987427,2.8058946114915153e-05,4249492.0,146.375,118.0,200.75,0.0625,138.16666793823242,118.0,174.5,0.5625,0.26933756470680237,0.5625,0.26933756470680237,0.5,7.955721080303192,2.2512205578386784,0.0,0.0,0.0,0.0,0.0,0.5
923,0.0053,0.11072041839361191,2.8029175349806492e-05,4254452.0,164.75,147.75,186.75,0.0,164.75,147.75,186.75,1.0,0.0,1.0,0.0,1.0,0.2649914510548115,0.17644398473203182,0.0,0.0,0.0,0.0,0.0,0.5
924,0.0601,1.9279118776321411,2.799940458469783e-05,4260189.0,194.3125,171.25,216.5,0.25,185.89583587646484,171.25,196.75,0.4375,0.26933756470680237,0.4375,0.26933756470680237,0.5,2.8267314545810223,0.7706511802971363,0.0,0.0,0.0,0.0,0.0,0.5
925,0.4089,1.3817830085754395,2.7969633819589165e-05,4265048.0,156.6875,108.5,201.25,0.1875,135.25,108.5,166.0,0.5,0.28867512941360474,0.5,0.28867512941360474,0.5,12.375153996050358,3.167556941509247,0.0,0.0,0.0,0.0,0.0,0.5
926,0.1097,3.787827968597412,2.7939863054480504e-05,4269853.0,159.3125,125.5,192.25,0.0,159.3125,125.5,192.25,0.75,0.0,0.75,0.0,1.0,4.822493709623814,1.6680927071720362,0.0,0.0,0.0,0.0,0.0,0.5
927,0.0046,0.0685349851846695,2.7910092289371836e-05,4274016.0,120.4375,112.75,125.75,0.0,120.4375,112.75,125.75,1.0,0.0,1.0,0.0,1.0,0.22837824001908302,0.20536562986671925,0.0,0.0,0.0,0.0,0.0,0.5
928,-0.0666,0.6739860773086548,2.7880321524263174e-05,4278653.0,144.8125,107.75,164.0,0.125,130.4375,107.75,154.0,0.875,0.14433756470680237,0.875,0.14433756470680237,0.75,0.87588120251894,0.3675924800336361,0.0,0.0,0.0,0.0,0.0,0.5
929,0.2581,4.071669578552246,2.785055075915451e-05,4282763.0,116.125,101.0,155.5,0.0,116.125,101.0,155.5,0.9375,0.125,0.9375,0.125,0.75,2.115210086107254,0.780845083296299,0.0,0.0,0.0,0.0,0.0,0.5
930,0.0129,0.024917829781770706,2.7820779994045848e-05,4288098.0,169.1875,147.0,198.75,0.0625,165.45833587646484,147.0,187.0,0.6875,0.125,0.6875,0.125,0.75,1.193413458764553,0.5092205181717873,0.0,0.0,0.0,0.0,0.0,0.5
931,0.1402,1.0931116342544556,2.7791009228937186e-05,4292631.0,149.0625,120.75,176.25,0.0,149.0625,120.75,176.25,0.625,0.14433756470680237,0.625,0.14433756470680237,0.75,2.650354415178299,1.2601354559883475,0.0,0.0,0.0,0.0,0.0,0.5
932,0.0351,0.05386590585112572,2.776123846382852e-05,4296870.0,122.6875,108.0,132.25,0.0,122.6875,108.0,132.25,0.8125,0.125,0.8125,0.125,0.75,0.24842824786901474,0.10121862590312958,0.0,0.0,0.0,0.0,0.0,0.5
933,0.0872,3.1350951194763184,2.773146769871986e-05,4302555.0,191.5625,159.5,221.0,0.125,183.27083587646484,159.5,203.75,0.625,0.14433756470680237,0.625,0.14433756470680237,0.75,4.947994012385607,2.2830829564481974,0.0,0.0,0.0,0.0,0.0,0.5
934,0.0793,0.03473810851573944,2.7701696933611192e-05,4306757.0,138.125,117.5,160.75,0.0625,133.3125,117.5,151.25,0.875,0.14433756470680237,0.875,0.14433756470680237,0.75,3.0451015159487724,1.3161012288182974,0.0,0.0,0.0,0.0,0.0,0.5
935,0.1841,3.044745922088623,2.7671926168502534e-05,4311430.0,152.0625,121.5,175.25,0.0625,149.5625,121.5,174.75,0.625,0.14433756470680237,0.625,0.14433756470680237,0.75,2.4951160326600075,1.0978117045015097,0.0,0.0,0.0,0.0,0.0,0.5
936,0.2114,3.99004864692688,2.7642155403393872e-05,4315303.0,110.0625,95.0,141.5,0.0,110.0625,95.0,141.5,0.8125,0.26933756470680237,0.8125,0.26933756470680237,0.5,2.526778943836689,1.2848796471953392,0.0,0.0,0.0,0.0,0.0,0.5
937,0.1898,3.0819363594055176,2.7612384638285204e-05,4319742.0,130.4375,113.75,165.25,0.0625,120.75,113.75,130.5,0.875,0.14433756470680237,0.875,0.14433756470680237,0.75,1.7486801333725452,0.7375608067959547,0.0,0.0,0.0,0.0,0.0,0.5
938,-0.0311,0.012856557033956051,2.7582613873176543e-05,4324004.0,127.625,112.25,144.25,0.0,127.625,112.25,144.25,0.6875,0.125,0.6875,0.125,0.75,0.1863361820578575,0.1014129463583231,0.0,0.0,0.0,0.0,0.0,0.5
939,0.0422,2.5042715072631836,2.7552843108067878e-05,4328939.0,155.6875,132.0,176.25,0.0625,152.64583587646484,132.0,170.75,0.6875,0.125,0.6875,0.125,0.75,3.999559812247753,1.3725185878574848,0.0,0.0,0.0,0.0,0.0,0.51
940,0.0658,1.1859458684921265,2.7523072342959216e-05,4333980.0,158.5625,140.75,191.5,0.125,149.52083587646484,140.75,158.75,0.5625,0.26933756470680237,0.5625,0.26933756470680237,0.5,1.420166913419962,0.6802726779133081,0.0,0.0,0.0,0.0,0.0,0.51
941,0.5216,9.170377731323242,2.749330157785055e-05,4338651.0,165.6875,126.75,196.0,0.25,142.14583587646484,126.75,167.75,0.5,0.25,0.5,0.25,0.5,16.72184121608734,5.19633911177516,0.0,0.0,0.0,0.0,0.0,0.51
942,0.2033,9.460979461669922,2.746353081274189e-05,4343567.0,165.0,148.75,187.0,0.1875,161.0625,148.75,181.75,0.1875,0.125,0.1875,0.125,0.75,7.445292878895998,2.937819380313158,0.0,0.0,0.0,0.0,0.0,0.51
943,0.1758,4.277795314788818,2.743376004763323e-05,4348299.0,154.25,129.5,179.25,0.125,146.14583587646484,129.5,159.75,0.875,0.25,0.875,0.25,0.5,2.7351481039077044,0.8862897790968418,0.0,0.0,0.0,0.0,0.0,0.51
944,0.2997,4.593546390533447,2.740398928252456e-05,4352744.0,147.8125,115.25,198.25,0.125,131.47916984558105,115.25,145.0,0.6875,0.26933756470680237,0.6875,0.26933756470680237,0.5,5.195152208209038,2.0443745385855436,0.0,0.0,0.0,0.0,0.0,0.51
945,0.062,0.011709063313901424,2.73742185174159e-05,4357281.0,147.0625,116.5,190.0,0.125,134.0,116.5,145.0,0.25,0.0,0.25,0.0,1.0,2.833249732851982,1.115656815469265,0.0,0.0,0.0,0.0,0.0,0.51
946,0.0036,0.012236692011356354,2.7344447752307234e-05,4362464.0,160.6875,145.75,171.0,0.0,160.6875,145.75,171.0,0.5,0.0,0.5,0.0,1.0,0.179306298494339,0.11742855794727802,0.0,0.0,0.0,0.0,0.0,0.51
947,0.4938,7.303061008453369,2.7314676987198573e-05,4366321.0,112.3125,84.75,168.5,0.125,93.75000190734863,84.75,101.75,0.875,0.25,0.875,0.25,0.5,4.0245400704443455,1.7941977232694626,0.0,0.0,0.0,0.0,0.0,0.51
948,0.3244,3.133591890335083,2.7284906222089908e-05,4371087.0,164.375,131.0,191.5,0.25,141.3125,131.0,146.75,0.6875,0.26933756470680237,0.6875,0.26933756470680237,0.5,6.89990796521306,2.6598412189632654,0.0,0.0,0.0,0.0,0.0,0.51
949,0.0261,2.2227108478546143,2.7255135456981246e-05,4375031.0,98.0,89.5,102.5,0.0,98.0,89.5,102.5,0.625,0.14433756470680237,0.625,0.14433756470680237,0.75,0.6807388290762901,0.2790540140122175,0.0,0.0,0.0,0.0,0.0,0.51
950,0.1979,1.4215967655181885,2.7225364691872585e-05,4380053.0,160.875,143.75,187.5,0.0625,153.4375,143.75,162.25,0.625,0.25,0.625,0.25,0.5,6.060959201306105,1.8594614509493113,0.0,0.0,0.0,0.0,0.0,0.51
951,-0.0005,2.142307758331299,2.7195593926763916e-05,4383972.0,111.1875,104.0,117.75,0.0,111.1875,104.0,117.75,0.75,0.25,0.75,0.25,0.5,0.2573852315545082,0.17134618572890759,0.0,0.0,0.0,0.0,0.0,0.51
952,-0.2078,0.021429045125842094,2.716582316165526e-05,4388068.0,120.0,98.75,131.25,0.0,120.0,98.75,131.25,0.75,0.25,0.75,0.25,0.5,0.19704952090978622,0.19576316326856613,0.0,0.0,0.0,0.0,0.0,0.51
953,-0.0193,2.0274851322174072,2.713605239654659e-05,4393077.0,160.0625,143.25,181.25,0.0,160.0625,143.25,181.25,0.8125,0.26933756470680237,0.8125,0.26933756470680237,0.5,0.17431218922138214,0.12671956419944763,0.0,0.0,0.0,0.0,0.0,0.51
954,0.1076,2.6197805404663086,2.710628163143793e-05,4397906.0,150.5625,128.75,174.5,0.0625,145.125,128.75,162.75,0.5625,0.125,0.5625,0.125,0.75,4.192352954298258,1.1189098358154297,0.0,0.0,0.0,0.0,0.0,0.51
955,0.2296,5.410033702850342,2.7076510866329264e-05,4403334.0,180.75,137.75,225.75,0.1875,164.0625,137.75,192.75,0.25,0.25,0.25,0.25,0.5,16.164019487798214,4.290510492399335,0.0,0.0,0.0,0.0,0.0,0.51
956,0.3497,0.9693834781646729,2.7046740101220602e-05,4408442.0,172.5,147.25,194.75,0.25,151.14583587646484,147.25,156.5,0.4375,0.26933756470680237,0.4375,0.26933756470680237,0.5,11.83872988075018,3.062512345612049,0.0,0.0,0.0,0.0,0.0,0.51
957,0.7197,1.3880085945129395,2.701696933611194e-05,4413230.0,165.0,129.5,254.25,0.1875,137.10416793823242,129.5,148.0,0.75,0.39433756470680237,0.75,0.39433756470680237,0.25,8.002154596149921,2.4217727705836296,0.0,0.0,0.0,0.0,0.0,0.51
958,0.2346,0.037185315042734146,2.6987198571003276e-05,4417433.0,129.1875,107.75,175.75,0.0625,121.14583396911621,107.75,144.25,0.9375,0.125,0.9375,0.125,0.75,3.488493163138628,0.9332029595971107,0.0,0.0,0.0,0.0,0.0,0.52
959,0.118,1.1229602098464966,2.6957427805894615e-05,4421903.0,132.625,122.5,138.0,0.1875,127.5625,122.5,131.25,0.625,0.25,0.625,0.25,0.5,2.2526266872882843,0.8731547426432371,0.0,0.0,0.0,0.0,0.0,0.52
960,-0.0075,1.2084013223648071,2.6927657040785946e-05,4425663.0,103.5,99.75,106.25,0.0,103.5,99.75,106.25,0.9375,0.125,0.9375,0.125,0.75,0.2488391101360321,0.17737603187561035,0.0,0.0,0.0,0.0,0.0,0.52
961,0.2797,7.5236101150512695,2.6897886275677285e-05,4430360.0,133.5625,119.25,140.75,0.1875,121.9375,119.25,125.25,0.6875,0.125,0.6875,0.125,0.75,14.54706820845604,3.547759771347046,0.0,0.0,0.0,0.0,0.0,0.52
962,0.3595,4.8107709884643555,2.6868115510568627e-05,4435324.0,157.0,103.25,185.75,0.125,146.875,103.25,184.0,0.8125,0.125,0.8125,0.125,0.75,10.980598364025354,2.572647091001272,0.0,0.0,0.0,0.0,0.0,0.52
963,0.6059,5.024481773376465,2.683834474545996e-05,4441313.0,202.8125,151.0,256.0,0.375,158.0833396911621,151.0,165.0,0.5625,0.375,0.5625,0.375,0.25,18.788967490196228,4.247540056705475,0.0,0.0,0.0,0.0,0.0,0.52
964,0.5419,2.8608710765838623,2.6808573980351297e-05,4446756.0,181.1875,112.75,219.75,0.375,136.5625,112.75,160.25,0.1875,0.125,0.1875,0.125,0.75,28.658445835113525,5.949033141136169,0.0,0.0,0.0,0.0,0.0,0.52
965,0.6527,4.15107536315918,2.6778803215242632e-05,4451275.0,135.4375,106.5,194.25,0.125,119.77083587646484,106.5,144.25,0.6875,0.375,0.6875,0.375,0.25,14.151149660348892,3.297118119895458,0.0,0.0,0.0,0.0,0.0,0.52
966,0.0791,0.07738590985536575,2.674903245013397e-05,4455185.0,115.125,96.25,142.25,0.0,115.125,96.25,142.25,0.875,0.14433756470680237,0.875,0.14433756470680237,0.75,0.1923704631626606,0.3363881893455982,0.0,0.0,0.0,0.0,0.0,0.52
967,0.4788,4.3784027099609375,2.6719261685025303e-05,4460119.0,155.625,113.0,222.25,0.125,140.43750190734863,113.0,174.5,0.5,0.25,0.5,0.25,0.5,11.181754633784294,2.780369944870472,0.0,0.0,0.0,0.0,0.0,0.52
968,0.2319,8.422239303588867,2.6689490919916644e-05,4465079.0,174.25,114.75,214.5,0.1875,158.04166793823242,114.75,185.5,0.25,0.25,0.25,0.25,0.5,18.28001430630684,4.423657238483429,0.0,0.0,0.0,0.0,0.0,0.52
969,0.3391,6.347432613372803,2.6659720154807983e-05,4469603.0,140.75,121.75,160.5,0.125,132.0,121.75,145.25,0.6875,0.125,0.6875,0.125,0.75,12.448506981134415,2.88180073723197,0.0,0.0,0.0,0.0,0.0,0.52
970,0.1938,1.4185181856155396,2.6629949389699315e-05,4474985.0,185.875,165.25,207.25,0.25,181.4375,165.25,196.0,0.5,0.25,0.5,0.25,0.5,10.648141797631979,2.5048080179840326,0.0,0.0,0.0,0.0,0.0,0.52
971,0.093,0.009479222819209099,2.6600178624590653e-05,4479052.0,108.4375,95.0,132.75,0.0625,101.89583587646484,95.0,109.25,0.75,0.0,0.75,0.0,1.0,4.207655340433121,1.006801774725318,0.0,0.0,0.0,0.0,0.0,0.52
972,0.0923,3.4729690551757812,2.657040785948199e-05,4483503.0,126.4375,114.25,141.75,0.0625,122.64583587646484,114.25,129.25,0.75,0.25,0.75,0.25,0.5,4.3453162387013435,0.9413873348385096,0.0,0.0,0.0,0.0,0.0,0.52
973,0.1489,1.7985225915908813,2.6540637094373327e-05,4488244.0,150.8125,136.75,172.25,0.25,86.8125,72.75,108.25,0.5625,0.125,0.5625,0.125,0.75,4.442237224429846,1.286249059252441,0.0,0.0,0.0,0.0,0.0,0.52
974,0.1438,1.2158031463623047,2.6510866329264662e-05,4493550.0,174.875,148.0,198.0,0.0625,170.08333587646484,148.0,196.0,0.625,0.25,0.625,0.25,0.5,8.783186979591846,2.48408820386976,0.0,0.0,0.0,0.0,0.0,0.52
975,0.2038,3.918578863143921,2.6481095564156e-05,4498255.0,154.3125,125.25,189.75,0.125,140.8125,125.25,164.5,0.5,0.0,0.5,0.0,1.0,10.19014647230506,3.0820891074836254,0.0,0.0,0.0,0.0,0.0,0.52
976,0.3503,2.39510178565979,2.645132479904734e-05,4503214.0,160.6875,112.25,214.25,0.1875,135.02083587646484,112.25,169.75,0.375,0.25,0.375,0.25,0.5,11.600919339805841,4.454557018354535,0.0,0.0,0.0,0.0,0.0,0.53
977,0.0292,0.020326199010014534,2.642155403393867e-05,4508120.0,159.875,147.5,168.25,0.125,152.875,147.5,156.0,0.8125,0.125,0.8125,0.125,0.75,0.297381978482008,0.18460498983040452,0.0,0.0,0.0,0.0,0.0,0.53
978,0.22,1.7648468017578125,2.6391783268830013e-05,4512913.0,152.8125,107.75,196.75,0.125,140.60416793823242,107.75,177.0,0.3125,0.125,0.3125,0.125,0.75,9.492350809276104,3.8178242184221745,0.0,0.0,0.0,0.0,0.0,0.53
979,0.3011,2.998431444168091,2.6362012503721345e-05,4517961.0,168.75,139.0,224.25,0.0625,157.2083339691162,139.0,178.25,0.6875,0.41367512941360474,0.6875,0.41367512941360474,0.25,2.999081540852785,1.4291996955871582,0.0,0.0,0.0,0.0,0.0,0.53
980,0.2598,4.320603847503662,2.6332241738612683e-05,4522017.0,119.25,77.25,165.25,0.0625,110.97916793823242,77.25,165.25,0.5,0.0,0.5,0.0,1.0,12.751745700836182,4.830985374748707,0.0,0.0,0.0,0.0,0.0,0.53
981,0.3097,2.914757490158081,2.6302470973504018e-05,4525977.0,112.5,90.5,154.75,0.0625,103.20833396911621,90.5,119.75,0.75,0.25,0.75,0.25,0.5,4.77335399389267,2.2197189778089523,0.0,0.0,0.0,0.0,0.0,0.53
982,0.073,2.264906406402588,2.6272700208395357e-05,4530296.0,124.1875,103.75,145.75,0.0,124.1875,103.75,145.75,0.5,0.0,0.5,0.0,1.0,3.6238046251237392,1.6449461784213781,0.0,0.0,0.0,0.0,0.0,0.53
983,-0.0261,1.6510378122329712,2.6242929443286695e-05,4534170.0,106.875,100.0,118.75,0.0,106.875,100.0,118.75,0.875,0.14433756470680237,0.875,0.14433756470680237,0.75,0.492176566272974,0.2504023537039757,0.0,0.0,0.0,0.0,0.0,0.53
984,0.2971,2.4456324577331543,2.621315867817803e-05,4538917.0,164.9375,108.75,222.0,0.1875,142.29166793823242,108.75,167.5,0.5625,0.26933756470680237,0.5625,0.26933756470680237,0.5,9.08678562194109,4.472425973042846,0.0,0.0,0.0,0.0,0.0,0.53
985,0.2742,2.2565526962280273,2.618338791306937e-05,4543272.0,133.9375,89.75,190.5,0.0625,129.85416793823242,89.75,177.5,0.4375,0.125,0.4375,0.125,0.75,10.497874990105629,5.301818747073412,0.0,0.0,0.0,0.0,0.0,0.53
986,0.296,3.1681323051452637,2.61536171479607e-05,4549036.0,198.5,154.75,224.25,0.1875,179.1875,154.75,198.5,0.1875,0.26933756470680237,0.1875,0.26933756470680237,0.5,12.501849055290222,6.476347506046295,0.0,0.0,0.0,0.0,0.0,0.53
987,0.0988,2.184993267059326,2.612384638285204e-05,4553472.0,141.75,115.5,170.5,0.1875,126.47916793823242,115.5,134.5,0.6875,0.125,0.6875,0.125,0.75,2.8493289593607187,1.5215053856372833,0.0,0.0,0.0,0.0,0.0,0.53
988,-0.0681,2.2826781272888184,2.609407561774338e-05,4558160.0,143.25,127.0,172.0,0.0625,136.41666793823242,127.0,146.25,0.6875,0.26933756470680237,0.6875,0.26933756470680237,0.5,3.434806250035763,1.9685635510832071,0.0,0.0,0.0,0.0,0.0,0.53
989,0.0413,0.7222100496292114,2.6064304852634713e-05,4562199.0,122.4375,114.25,130.0,0.0,122.4375,114.25,130.0,0.9375,0.125,0.9375,0.125,0.75,0.2584136538207531,0.10910587687976658,0.0,0.0,0.0,0.0,0.0,0.53
990,0.0179,0.8082216382026672,2.603453408752605e-05,4566992.0,148.5625,133.5,160.25,0.0,148.5625,133.5,160.25,0.625,0.25,0.625,0.25,0.5,0.21710366383194923,0.19171393103897572,0.0,0.0,0.0,0.0,0.0,0.53
991,0.1854,2.8100244998931885,2.6004763322417387e-05,4572044.0,164.75,148.75,196.25,0.0,164.75,148.75,196.25,0.6875,0.26933756470680237,0.6875,0.26933756470680237,0.5,3.2979635559022427,2.270154105499387,0.0,0.0,0.0,0.0,0.0,0.53
992,0.1148,6.780282020568848,2.5974992557308725e-05,4576470.0,135.375,113.5,158.25,0.0,135.375,113.5,158.25,0.875,0.14433756470680237,0.875,0.14433756470680237,0.75,2.2563917227089405,1.443760029040277,0.0,0.0,0.0,0.0,0.0,0.53
993,0.2075,1.9544637203216553,2.5945221792200057e-05,4581285.0,159.6875,133.25,184.5,0.125,139.25,133.25,146.0,0.6875,0.125,0.6875,0.125,0.75,4.851024642586708,2.6057203211821616,0.0,0.0,0.0,0.0,0.0,0.53
994,0.2244,6.779055595397949,2.59154510270914e-05,4586634.0,173.8125,165.5,190.25,0.375,108.8125,101.5,126.25,0.4375,0.125,0.4375,0.125,0.75,5.005699314177036,2.9650809578597546,0.0,0.0,0.0,0.0,0.0,0.53
995,0.1264,1.2033716440200806,2.5885680261982737e-05,4591508.0,158.375,132.25,180.25,0.125,150.375,132.25,168.0,0.3125,0.125,0.3125,0.125,0.75,3.2957264743745327,2.077115874737501,0.0,0.0,0.0,0.0,0.0,0.54
996,0.1811,0.05612211674451828,2.585590949687407e-05,4595718.0,125.375,100.0,163.75,0.125,113.27083587646484,100.0,122.5,0.6875,0.26933756470680237,0.6875,0.26933756470680237,0.5,3.577295057475567,2.5016249381005764,0.0,0.0,0.0,0.0,0.0,0.54
997,0.3517,7.045310020446777,2.5826138731765408e-05,4600663.0,170.5625,126.25,223.5,0.1875,158.72916793823242,126.25,205.75,0.5,0.25,0.5,0.25,0.5,5.357713840901852,3.1091176569461823,0.0,0.0,0.0,0.0,0.0,0.54
998,0.0076,4.771722316741943,2.5796367966656743e-05,4604549.0,114.125,100.0,128.75,0.0,114.125,100.0,128.75,0.9375,0.125,0.9375,0.125,0.75,0.33439263328909874,0.18593965284526348,0.0,0.0,0.0,0.0,0.0,0.54
999,0.1129,2.871107816696167,2.576659720154808e-05,4609417.0,155.5,126.5,183.0,0.0,155.5,126.5,183.0,0.4375,0.26933756470680237,0.4375,0.26933756470680237,0.5,6.95900047570467,2.9679105188697577,0.0,0.0,0.0,0.0,0.0,0.54
1000,0.1005,4.9229416847229,2.5736826436439417e-05,4612963.0,95.375,89.75,103.25,0.0,95.375,89.75,103.25,0.875,0.25,0.875,0.25,0.5,1.4397900477051735,0.4379733745008707,0.0,0.0,0.0,0.0,0.0,0.54
1001,0.3604,4.219033718109131,2.5707055671330755e-05,4617554.0,147.9375,102.75,187.25,0.125,131.4375,102.75,168.5,0.6875,0.125,0.6875,0.125,0.75,7.589378893375397,3.0745337307453156,0.0,0.0,0.0,0.0,0.0,0.54
1002,0.1588,4.14574670791626,2.5677284906222094e-05,4621963.0,125.8125,106.25,153.75,0.125,112.5,106.25,127.5,0.5,0.0,0.5,0.0,1.0,7.473865546286106,3.1177122816443443,0.0,0.0,0.0,0.0,0.0,0.54
1003,0.4988,4.012595176696777,2.5647514141113425e-05,4626571.0,144.25,109.5,188.0,0.0625,136.375,109.5,161.25,0.3125,0.41367512941360474,0.3125,0.41367512941360474,0.25,14.287434339523315,5.934169888496399,0.0,0.0,0.0,0.0,0.0,0.54
1004,0.305,7.127963542938232,2.5617743376004767e-05,4631697.0,177.125,116.75,235.75,0.3125,142.5625,116.75,166.0,0.0625,0.125,0.0625,0.125,0.75,17.83725357055664,7.3133111000061035,0.0,0.0,0.0,0.0,0.0,0.54
1005,0.1885,3.1607460975646973,2.55879726108961e-05,4636092.0,151.1875,128.5,186.25,0.0625,144.75,128.5,165.25,0.5625,0.125,0.5625,0.125,0.75,7.533839002251625,3.068387785926461,0.0,0.0,0.0,0.0,0.0,0.54
1006,0.1084,1.0875520706176758,2.5558201845787438e-05,4640402.0,126.375,116.0,143.5,0.0,126.375,116.0,143.5,0.8125,0.375,0.8125,0.375,0.25,3.1665299013257027,1.6303330473601818,0.0,0.0,0.0,0.0,0.0,0.54
1007,0.0676,1.8890948295593262,2.5528431080678776e-05,4644567.0,121.0625,85.5,149.75,0.125,104.5625,85.5,117.5,0.5625,0.375,0.5625,0.375,0.25,3.2556310072541237,1.7639060877263546,0.0,0.0,0.0,0.0,0.0,0.54
1008,0.2768,0.04997338727116585,2.549866031557011e-05,4649506.0,159.6875,138.75,205.25,0.125,144.85416793823242,138.75,149.25,0.8125,0.26933756470680237,0.8125,0.26933756470680237,0.5,3.03796074911952,1.6583112040534616,0.0,0.0,0.0,0.0,0.0,0.54
1009,0.008,0.2799372971057892,2.546888955046145e-05,4652810.0,80.5,76.25,85.0,0.0,80.5,76.25,85.0,0.9375,0.125,0.9375,0.125,0.75,0.40163567662239075,0.313981618732214,0.0,0.0,0.0,0.0,0.0,0.54
1010,-0.0691,0.010296200402081013,2.5439118785352785e-05,4656846.0,120.5,103.0,140.0,0.0,120.5,103.0,140.0,0.75,0.25,0.75,0.25,0.5,0.4599575065076351,0.19620005786418915,0.0,0.0,0.0,0.0,0.0,0.54
1011,0.0021,2.321742296218872,2.5409348020244123e-05,4661544.0,154.125,144.75,163.75,0.0625,153.45833587646484,144.75,162.75,0.875,0.14433756470680237,0.875,0.14433756470680237,0.75,0.1960218120366335,0.24026483483612537,0.0,0.0,0.0,0.0,0.0,0.54
1012,0.1219,0.006408118177205324,2.5379577255135455e-05,4666153.0,139.0625,127.75,159.0,0.0625,133.08333587646484,127.75,141.0,0.9375,0.125,0.9375,0.125,0.75,1.1374597549438477,0.7215084000490606,0.0,0.0,0.0,0.0,0.0,0.54
1013,0.3225,2.51029372215271,2.5349806490026794e-05,4670750.0,149.8125,120.5,186.5,0.0625,143.0625,120.5,184.5,0.4375,0.26933756470680237,0.4375,0.26933756470680237,0.5,4.736022636294365,2.414187181740999,0.0,0.0,0.0,0.0,0.0,0.54
1014,0.1454,5.039471626281738,2.5320035724918136e-05,4675434.0,153.75,122.25,172.75,0.1875,134.25,122.25,146.75,0.6875,0.125,0.6875,0.125,0.75,5.21629410982132,2.372515633702278,0.0,0.0,0.0,0.0,0.0,0.55
1015,0.2896,0.028076007962226868,2.5290264959809467e-05,4679766.0,143.5,104.5,184.25,0.1875,120.66666793823242,104.5,147.75,0.5625,0.125,0.5625,0.125,0.75,9.22571873664856,4.248931257985532,0.0,0.0,0.0,0.0,0.0,0.55
1016,-0.0793,0.005840171594172716,2.5260494194700806e-05,4684257.0,132.6875,119.0,148.5,0.0,132.6875,119.0,148.5,0.875,0.14433756470680237,0.875,0.14433756470680237,0.75,0.19994590058922768,0.051951926201581955,0.0,0.0,0.0,0.0,0.0,0.55
1017,0.1124,0.032938551157712936,2.523072342959214e-05,4689637.0,186.25,152.0,221.5,0.125,177.89583587646484,152.0,207.25,0.4375,0.125,0.4375,0.125,0.75,2.237384758889675,1.1842384673655033,0.0,0.0,0.0,0.0,0.0,0.55
1018,0.1924,0.022830640897154808,2.520095266448348e-05,4694276.0,129.9375,106.5,155.75,0.0625,125.64583587646484,106.5,145.0,0.625,0.25,0.625,0.25,0.5,7.183208342641592,3.42407045699656,0.0,0.0,0.0,0.0,0.0,0.55
1019,0.2686,5.974940776824951,2.517118189937481e-05,4699539.0,180.4375,144.75,221.75,0.3125,154.16666793823242,144.75,165.25,0.3125,0.125,0.3125,0.125,0.75,10.100541606545448,4.385417848825455,0.0,0.0,0.0,0.0,0.0,0.55
1020,0.088,2.9834790229797363,2.5141411134266153e-05,4704320.0,148.5625,121.0,173.5,0.0625,142.54166793823242,121.0,157.5,0.625,0.39433756470680237,0.625,0.39433756470680237,0.25,3.7331073358654976,1.7833180204033852,0.0,0.0,0.0,0.0,0.0,0.55
1021,0.2961,2.1187450885772705,2.5111640369157492e-05,4708486.0,119.375,85.5,176.75,0.0625,108.77083396911621,85.5,143.5,0.4375,0.26933756470680237,0.4375,0.26933756470680237,0.5,7.697584450244904,3.608112786896527,0.0,0.0,0.0,0.0,0.0,0.55
1022,-0.1491,0.03147686645388603,2.5081869604048824e-05,4712503.0,104.3125,99.5,117.75,0.0,104.3125,99.5,117.75,0.8125,0.125,0.8125,0.125,0.75,0.2500184252858162,0.1184692494571209,0.0,0.0,0.0,0.0,0.0,0.55
1023,0.4651,0.04650713875889778,2.5052098838940162e-05,4716403.0,116.5,83.5,158.75,0.0625,107.41666793823242,83.5,130.75,0.8125,0.26933756470680237,0.8125,0.26933756470680237,0.5,4.820413056761026,2.5555708408355713,0.0,0.0,0.0,0.0,0.0,0.55
1024,0.1608,2.1803457736968994,2.5022328073831497e-05,4721273.0,156.375,135.5,171.75,0.125,148.5,135.5,166.0,0.5625,0.26933756470680237,0.5625,0.26933756470680237,0.5,4.995788656175137,2.4734023958444595,0.0,0.0,0.0,0.0,0.0,0.55
1025,0.1987,0.03983118385076523,2.4992557308722836e-05,4725602.0,132.3125,115.25,155.25,0.0625,127.375,115.25,139.25,0.5625,0.125,0.5625,0.125,0.75,7.0442394614219666,2.6818602681159973,0.0,0.0,0.0,0.0,0.0,0.55
1026,-0.0462,1.8222657442092896,2.496278654361417e-05,4729373.0,106.4375,92.25,122.5,0.0,106.4375,92.25,122.5,0.8125,0.125,0.8125,0.125,0.75,1.028107900172472,0.4482254786416888,0.0,0.0,0.0,0.0,0.0,0.55
1027,0.1203,1.1502958536148071,2.493301577850551e-05,4734233.0,165.75,145.75,190.0,0.0625,160.41666793823242,145.75,171.5,0.6875,0.375,0.6875,0.375,0.25,4.275760229676962,1.8510023392736912,0.0,0.0,0.0,0.0,0.0,0.55
1028,0.3971,5.88654899597168,2.4903245013396845e-05,4739144.0,161.9375,113.25,202.0,0.25,147.6875,113.25,186.0,0.1875,0.26933756470680237,0.1875,0.26933756470680237,0.5,16.161311388015747,6.1695557832717896,0.0,0.0,0.0,0.0,0.0,0.55
1029,0.1421,3.5547780990600586,2.487347424828818e-05,4742911.0,99.9375,94.0,112.25,0.0,99.9375,94.0,112.25,0.9375,0.125,0.9375,0.125,0.75,1.3522915951907635,0.6877593621611595,0.0,0.0,0.0,0.0,0.0,0.55
1030,0.321,1.6656333208084106,2.4843703483179522e-05,4747285.0,131.625,118.0,168.75,0.0625,120.95833396911621,118.0,126.75,0.875,0.25,0.875,0.25,0.5,2.5276684165000916,1.137410532683134,0.0,0.0,0.0,0.0,0.0,0.55
1031,0.5785,4.216353416442871,2.4813932718070857e-05,4752089.0,168.0,107.0,214.75,0.3125,137.56250381469727,107.0,171.5,0.4375,0.26933756470680237,0.4375,0.26933756470680237,0.5,12.226853556931019,4.347718320786953,0.0,0.0,0.0,0.0,0.0,0.55
1032,0.8512,5.124661922454834,2.4784161952962192e-05,4756861.0,158.25,102.5,230.5,0.3125,113.22916793823242,102.5,124.25,0.625,0.39433756470680237,0.625,0.39433756470680237,0.25,14.702205739915371,5.47033322788775,0.0,0.0,0.0,0.0,0.0,0.56
1033,0.2832,3.02554988861084,2.475439118785353e-05,4761400.0,134.1875,85.0,187.75,0.0625,124.33333396911621,85.0,160.5,0.5,0.28867512941360474,0.5,0.28867512941360474,0.5,7.9675581604242325,2.8268152438104153,0.0,0.0,0.0,0.0,0.0,0.56
1034,0.1265,3.233142852783203,2.4724620422744866e-05,4765463.0,107.1875,101.0,114.5,0.0,107.1875,101.0,114.5,0.875,0.14433756470680237,0.875,0.14433756470680237,0.75,5.1350747756659985,1.3850684743374586,0.0,0.0,0.0,0.0,0.0,0.56
1035,0.7257,6.227280616760254,2.46948496576362e-05,4770640.0,181.5625,86.5,242.0,0.375,127.25,86.5,158.5,0.1875,0.26933756470680237,0.1875,0.26933756470680237,0.5,29.953511953353882,7.885756134986877,0.0,0.0,0.0,0.0,0.0,0.56
1036,0.4956,0.035127073526382446,2.466507889252754e-05,4774701.0,111.0625,87.25,167.5,0.0625,100.20833396911621,87.25,128.0,0.8125,0.26933756470680237,0.8125,0.26933756470680237,0.5,7.17377595603466,1.9676847122609615,0.0,0.0,0.0,0.0,0.0,0.56
1037,0.2216,1.9097399711608887,2.4635308127418878e-05,4779081.0,135.25,119.25,155.5,0.0625,133.0625,119.25,149.25,0.8125,0.26933756470680237,0.8125,0.26933756470680237,0.5,5.803804636001587,1.7820495404303074,0.0,0.0,0.0,0.0,0.0,0.56
1038,0.1094,3.3426215648651123,2.4605537362310213e-05,4783449.0,123.75,104.5,153.0,0.0625,117.60416793823242,104.5,136.0,0.625,0.14433756470680237,0.625,0.14433756470680237,0.75,3.644880972802639,1.0727490969002247,0.0,0.0,0.0,0.0,0.0,0.56
1039,0.059,0.02541019208729267,2.4575766597201548e-05,4787006.0,91.5625,81.25,105.25,0.0,91.5625,81.25,105.25,0.9375,0.125,0.9375,0.125,0.75,1.2076929733157158,0.5969348400831223,0.0,0.0,0.0,0.0,0.0,0.56
1040,0.1139,1.9944576025009155,2.4545995832092887e-05,4791516.0,137.375,125.5,156.75,0.0625,131.89583587646484,125.5,136.75,0.9375,0.125,0.9375,0.125,0.75,1.2643318362534046,0.5365486275404692,0.0,0.0,0.0,0.0,0.0,0.56
1041,0.5233,5.255348205566406,2.4516225066984222e-05,4796338.0,163.625,126.0,240.0,0.1875,141.00000381469727,126.0,157.75,0.625,0.25,0.625,0.25,0.5,13.607982560992241,2.7631519977003336,0.0,0.0,0.0,0.0,0.0,0.56
1042,0.1916,0.014769395813345909,2.4486454301875557e-05,4800938.0,152.0,130.0,184.0,0.0,152.0,130.0,184.0,0.8125,0.125,0.8125,0.125,0.75,4.9958396181464195,1.0176560208201408,0.0,0.0,0.0,0.0,0.0,0.56
1043,0.1376,6.704970359802246,2.44566835367669e-05,4805350.0,144.75,124.25,163.25,0.125,130.9375,124.25,139.0,0.625,0.14433756470680237,0.625,0.14433756470680237,0.75,4.463752042502165,1.2484530694782734,0.0,0.0,0.0,0.0,0.0,0.56
1044,0.4511,3.7541916370391846,2.4426912771658234e-05,4809682.0,132.75,108.25,182.0,0.125,116.75,108.25,125.25,0.75,0.25,0.75,0.25,0.5,13.12373311072588,2.2849992997944355,0.0,0.0,0.0,0.0,0.0,0.56
1045,0.3979,3.22621488571167,2.439714200654957e-05,4814809.0,180.4375,148.0,219.5,0.25,157.9583339691162,148.0,168.75,0.5,0.25,0.5,0.25,0.5,9.11626747995615,2.321132536046207,0.0,0.0,0.0,0.0,0.0,0.56
1046,0.4879,1.9575221538543701,2.4367371241440908e-05,4819764.0,149.1875,112.75,176.25,0.1875,121.8125,112.75,139.75,0.625,0.14433756470680237,0.625,0.14433756470680237,0.75,21.140399172902107,3.9223323110491037,0.0,0.0,0.0,0.0,0.0,0.56
1047,0.6081,1.3882452249526978,2.4337600476332243e-05,4824587.0,152.1875,99.0,210.75,0.125,132.375,99.0,177.0,0.5625,0.26933756470680237,0.5625,0.26933756470680237,0.5,18.829308938235044,3.88965885899961,0.0,0.0,0.0,0.0,0.0,0.56
1048,0.4729,10.367813110351562,2.4307829711223578e-05,4830269.0,192.625,152.5,218.0,0.5,153.5625,152.5,154.75,0.25,0.0,0.25,0.0,1.0,22.956806644797325,5.270009968429804,0.0,0.0,0.0,0.0,0.0,0.56
1049,0.6285,1.8749573230743408,2.4278058946114917e-05,4835499.0,172.875,119.75,203.5,0.1875,140.625,119.75,160.5,0.4375,0.26933756470680237,0.4375,0.26933756470680237,0.5,16.853059381246567,4.006883233785629,0.0,0.0,0.0,0.0,0.0,0.56
1050,0.0037,0.015315117314457893,2.4248288181006255e-05,4839928.0,134.0625,129.25,141.5,0.0,134.0625,129.25,141.5,0.5,0.0,0.5,0.0,1.0,0.1864936165511608,0.062007661908864975,0.0,0.0,0.0,0.0,0.0,0.56
1051,0.0636,0.6709563136100769,2.421851741589759e-05,4843886.0,115.125,108.0,124.25,0.0,115.125,108.0,124.25,0.875,0.25,0.875,0.25,0.5,0.2504409160465002,0.06344833690673113,0.0,0.0,0.0,0.0,0.0,0.57
1052,0.197,3.0384531021118164,2.4188746650788925e-05,4848651.0,153.3125,129.75,184.25,0.0625,149.16666793823242,129.75,177.0,0.5625,0.125,0.5625,0.125,0.75,4.91373198851943,1.3716316390782595,0.0,0.0,0.0,0.0,0.0,0.57
1053,0.1911,0.03433552011847496,2.4158975885680264e-05,4853274.0,140.4375,127.0,168.0,0.0,140.4375,127.0,168.0,0.8125,0.125,0.8125,0.125,0.75,7.830547139048576,1.8673607790842652,0.0,0.0,0.0,0.0,0.0,0.57
1054,0.1932,1.8946465253829956,2.41292051205716e-05,4858016.0,155.125,111.5,209.0,0.3125,125.75000190734863,111.5,153.0,0.3125,0.125,0.3125,0.125,0.75,10.064378410577774,3.099208913743496,0.0,0.0,0.0,0.0,0.0,0.57
1055,0.0048,0.016082003712654114,2.4099434355462934e-05,4861977.0,112.3125,96.5,124.75,0.0,112.3125,96.5,124.75,0.75,0.0,0.75,0.0,1.0,0.24170586094260216,0.07745766267180443,0.0,0.0,0.0,0.0,0.0,0.57
1056,0.0183,2.2972850799560547,2.4069663590354273e-05,4866305.0,129.25,116.0,147.75,0.0,129.25,116.0,147.75,0.5,0.25,0.5,0.25,0.5,1.925352320075035,0.6372422082349658,0.0,0.0,0.0,0.0,0.0,0.57
1057,0.1847,5.283426761627197,2.403989282524561e-05,4870783.0,135.625,118.25,166.0,0.0625,128.70833587646484,118.25,138.75,0.9375,0.125,0.9375,0.125,0.75,2.8146422132849693,0.8478680551052094,0.0,0.0,0.0,0.0,0.0,0.57
1058,0.0152,0.010732759721577168,2.4010122060136946e-05,4875805.0,167.125,151.25,179.0,0.0,167.125,151.25,179.0,0.75,0.25,0.75,0.25,0.5,0.17894357815384865,0.05814935080707073,0.0,0.0,0.0,0.0,0.0,0.57
1059,0.099,0.1406981498003006,2.398035129502828e-05,4879578.0,102.3125,91.5,113.75,0.0,102.3125,91.5,113.75,0.75,0.25,0.75,0.25,0.5,1.3244610950350761,0.5676520466804504,0.0,0.0,0.0,0.0,0.0,0.57
1060,0.0432,3.2915279865264893,2.395058052991962e-05,4883830.0,136.0,100.0,155.5,0.0,136.0,100.0,155.5,0.625,0.25,0.625,0.25,0.5,4.008659988641739,1.3059676121920347,0.0,0.0,0.0,0.0,0.0,0.57
1061,0.2549,0.02357630245387554,2.3920809764810955e-05,4888085.0,136.4375,109.0,186.75,0.0625,130.0,109.0,167.0,0.6875,0.26933756470680237,0.6875,0.26933756470680237,0.5,4.11090811342001,1.6740271393209696,0.0,0.0,0.0,0.0,0.0,0.57
1062,0.0152,2.5916149616241455,2.3891038999702294e-05,4892490.0,123.8125,106.25,145.25,0.0,123.8125,106.25,145.25,0.625,0.14433756470680237,0.625,0.14433756470680237,0.75,5.305175639688969,1.765928303822875,0.0,0.0,0.0,0.0,0.0,0.57
1063,0.1343,0.9775397777557373,2.3861268234593632e-05,4897244.0,146.375,124.5,177.5,0.0625,139.47916793823242,124.5,162.5,0.8125,0.125,0.8125,0.125,0.75,2.57062466442585,0.872619790956378,0.0,0.0,0.0,0.0,0.0,0.57
1064,0.1156,0.019161811098456383,2.3831497469484967e-05,4901301.0,111.0625,89.5,141.0,0.0625,103.77083587646484,89.5,112.0,0.6875,0.125,0.6875,0.125,0.75,3.830019623041153,1.5027604028582573,0.0,0.0,0.0,0.0,0.0,0.57
1065,0.0196,0.9439955353736877,2.3801726704376303e-05,4905974.0,143.5625,137.5,152.25,0.25,79.5625,73.5,88.25,0.375,0.25,0.375,0.25,0.5,0.686615377664566,0.2891307231038809,0.0,0.0,0.0,0.0,0.0,0.57
1066,0.1139,3.4419052600860596,2.377195593926764e-05,4910626.0,154.25,140.5,164.25,0.1875,151.25,140.5,160.25,0.5625,0.125,0.5625,0.125,0.75,5.100334744900465,1.7202864298596978,0.0,0.0,0.0,0.0,0.0,0.57
1067,0.3951,4.280445575714111,2.3742185174158976e-05,4915417.0,155.9375,130.0,192.5,0.25,138.1458339691162,130.0,146.5,0.625,0.25,0.625,0.25,0.5,8.448694206774235,3.0967401303350925,0.0,0.0,0.0,0.0,0.0,0.57
1068,0.0826,0.06000496447086334,2.371241440905031e-05,4920462.0,161.0625,139.25,177.25,0.0625,157.625,139.25,175.75,0.75,0.0,0.75,0.0,1.0,3.8915026038885117,1.4577539190649986,0.0,0.0,0.0,0.0,0.0,0.57
1069,0.2069,6.745355606079102,2.368264364394165e-05,4924833.0,131.9375,93.0,175.0,0.1875,110.16666793823242,93.0,132.5,0.5,0.0,0.5,0.0,1.0,8.671721398830414,3.1884447783231735,0.0,0.0,0.0,0.0,0.0,0.57
1070,0.1879,3.554412603378296,2.365287287883299e-05,4929918.0,164.3125,128.5,190.5,0.125,155.93750381469727,128.5,176.25,0.6875,0.125,0.6875,0.125,0.75,7.4900813549757,2.8146756375208497,0.0,0.0,0.0,0.0,0.0,0.58
1071,0.2362,0.833111584186554,2.3623102113724324e-05,4934949.0,164.1875,143.0,181.25,0.1875,150.6875,143.0,163.25,0.5,0.25,0.5,0.25,0.5,7.221699628978968,2.4173521222546697,0.0,0.0,0.0,0.0,0.0,0.58
1072,0.0064,2.4173569679260254,2.359333134861566e-05,4939988.0,158.1875,147.0,168.25,0.0625,156.6875,147.0,166.0,0.75,0.25,0.75,0.25,0.5,0.2745692767202854,0.152276705019176,0.0,0.0,0.0,0.0,0.0,0.58
1073,0.2837,2.400221586227417,2.3563560583506997e-05,4945188.0,172.0,142.75,212.5,0.3125,157.60416793823242,142.75,174.25,0.3125,0.125,0.3125,0.125,0.75,12.039003446698189,4.410620287060738,0.0,0.0,0.0,0.0,0.0,0.58
1074,0.1006,3.3386893272399902,2.3533789818398333e-05,4950148.0,153.25,129.0,168.0,0.125,139.9375,129.0,150.75,0.5625,0.125,0.5625,0.125,0.75,4.740015409886837,1.908617414534092,0.0,0.0,0.0,0.0,0.0,0.58
1075,0.1939,0.01815451681613922,2.350401905328967e-05,4954993.0,159.5625,123.25,205.0,0.125,145.89583587646484,123.25,165.5,0.5625,0.125,0.5625,0.125,0.75,7.26009133271873,2.9719610745087266,0.0,0.0,0.0,0.0,0.0,0.58
1076,0.078,2.5492377281188965,2.347424828818101e-05,4959816.0,152.9375,135.0,177.25,0.125,149.5,135.0,171.5,0.5625,0.125,0.5625,0.125,0.75,2.875735465437174,1.483949426561594,0.0,0.0,0.0,0.0,0.0,0.58
1077,-0.0014,1.2756274938583374,2.3444477523072345e-05,4964999.0,166.4375,141.25,183.0,0.0,166.4375,141.25,183.0,0.8125,0.125,0.8125,0.125,0.75,0.17849832773208618,0.08724060282111168,0.0,0.0,0.0,0.0,0.0,0.58
1078,0.0069,0.01666347123682499,2.341470675796368e-05,4968581.0,93.625,87.0,99.25,0.0,93.625,87.0,99.25,0.9375,0.125,0.9375,0.125,0.75,0.2571144551038742,0.14973276108503342,0.0,0.0,0.0,0.0,0.0,0.58
1079,0.0142,0.041021257638931274,2.338493599285502e-05,4973053.0,119.0,112.75,124.75,0.0,119.0,112.75,124.75,0.6875,0.125,0.6875,0.125,0.75,0.21000327169895172,0.18107473105192184,0.0,0.0,0.0,0.0,0.0,0.58
1080,0.0441,4.919108867645264,2.3355165227746354e-05,4976787.0,93.125,88.25,100.5,0.0,93.125,88.25,100.5,0.9375,0.125,0.9375,0.125,0.75,1.4376175291836262,0.661510543897748,0.0,0.0,0.0,0.0,0.0,0.58
1081,0.0042,0.05272844061255455,2.332539446263769e-05,4980932.0,118.0625,108.0,130.0,0.0,118.0625,108.0,130.0,1.0,0.0,1.0,0.0,1.0,0.20917923748493195,0.08012073440477252,0.0,0.0,0.0,0.0,0.0,0.58
1082,0.3956,3.6568968296051025,2.3295623697529027e-05,4986031.0,150.6875,124.0,206.75,0.125,133.50000190734863,124.0,140.5,0.6875,0.5193375647068024,0.6875,0.5193375647068024,0.0,3.8152425959706306,2.0643839053809643,0.0,0.0,0.0,0.0,0.0,0.58
1083,0.1723,1.228794813156128,2.3265852932420366e-05,4990911.0,163.25,133.0,180.25,0.25,148.625,133.0,164.0,0.4375,0.26933756470680237,0.4375,0.26933756470680237,0.5,5.500462859869003,2.9871905259788036,0.0,0.0,0.0,0.0,0.0,0.58
1084,0.1681,5.828996181488037,2.32360821673117e-05,4995255.0,124.75,113.0,146.75,0.0,124.75,113.0,146.75,0.875,0.14433756470680237,0.875,0.14433756470680237,0.75,3.179302293807268,1.4007709082216024,0.0,0.0,0.0,0.0,0.0,0.58
1085,0.1071,2.79544997215271,2.3206311402203036e-05,4999152.0,110.3125,94.75,140.25,0.0625,102.04166793823242,94.75,108.75,0.6875,0.125,0.6875,0.125,0.75,3.0132511034607887,1.2446599006652832,0.0,0.0,0.0,0.0,0.0,0.58
1086,-0.0371,2.9035797119140625,2.3176540637094375e-05,5003393.0,120.5625,107.75,130.0,0.0,120.5625,107.75,130.0,0.75,0.25,0.75,0.25,0.5,1.717774122953415,0.6458325460553169,0.0,0.0,0.0,0.0,0.0,0.58
1087,0.0538,1.1449077129364014,2.314676987198571e-05,5007974.0,149.0625,133.75,159.75,0.0625,148.70833587646484,133.75,159.0,0.6875,0.125,0.6875,0.125,0.75,2.477994851768017,0.9163185507059097,0.0,0.0,0.0,0.0,0.0,0.58
1088,0.1334,2.360473394393921,2.3116999106877048e-05,5013097.0,156.6875,140.25,180.5,0.0625,152.47916793823242,140.25,171.0,0.75,0.28867512941360474,0.75,0.28867512941360474,0.5,1.264301560819149,0.6374899819493294,0.0,0.0,0.0,0.0,0.0,0.59
1089,0.0925,3.1714789867401123,2.3087228341768387e-05,5017018.0,98.3125,71.75,128.25,0.0625,90.04166793823242,71.75,118.25,0.75,0.0,0.75,0.0,1.0,5.389126189053059,2.220294166356325,0.0,0.0,0.0,0.0,0.0,0.59
1090,0.4834,8.217110633850098,2.3057457576659722e-05,5022012.0,156.875,66.25,234.5,0.3125,108.77083587646484,66.25,159.75,0.1875,0.125,0.1875,0.125,0.75,18.85228180885315,6.914298176765442,0.0,0.0,0.0,0.0,0.0,0.59
1091,0.2197,6.06309175491333,2.3027686811551057e-05,5026544.0,139.0,127.75,168.25,0.0625,130.9375,127.75,136.5,0.9375,0.125,0.9375,0.125,0.75,2.8376656770706177,0.9872203031554818,0.0,0.0,0.0,0.0,0.0,0.59
1092,0.1785,5.0622382164001465,2.2997916046442396e-05,5030633.0,117.3125,106.25,137.75,0.0,117.3125,106.25,137.75,0.6875,0.125,0.6875,0.125,0.75,2.1146347858011723,0.7465209355577826,0.0,0.0,0.0,0.0,0.0,0.59
1093,0.102,0.011958376504480839,2.296814528133373e-05,5034921.0,129.25,118.25,148.5,0.0625,124.29166793823242,118.25,132.0,0.875,0.14433756470680237,0.875,0.14433756470680237,0.75,2.2049281299114227,0.9609389435499907,0.0,0.0,0.0,0.0,0.0,0.59
1094,0.189,3.0185039043426514,2.2938374516225066e-05,5039443.0,134.625,118.75,144.0,0.125,125.6875,118.75,132.0,0.8125,0.125,0.8125,0.125,0.75,5.999224919825792,2.152069133706391,0.0,0.0,0.0,0.0,0.0,0.59
1095,0.353,16.146484375,2.2908603751116404e-05,5043586.0,114.4375,95.0,154.5,0.0625,108.9375,95.0,136.5,0.6875,0.26933756470680237,0.6875,0.26933756470680237,0.5,11.850862000137568,3.554277092218399,0.0,0.0,0.0,0.0,0.0,0.59
1096,0.0506,2.9087092876434326,2.2878832986007743e-05,5047528.0,104.875,98.75,111.0,0.0,104.875,98.75,111.0,0.4375,0.125,0.4375,0.125,0.75,0.7226371839642525,0.27740110643208027,0.0,0.0,0.0,0.0,0.0,0.59
1097,0.467,2.390427827835083,2.2849062220899078e-05,5051800.0,115.75,86.5,178.5,0.125,98.14583587646484,86.5,112.5,0.3125,0.26933756470680237,0.3125,0.26933756470680237,0.5,17.33248496055603,4.882902801036835,0.0,0.0,0.0,0.0,0.0,0.59
1098,0.5233,4.231772422790527,2.2819291455790413e-05,5056469.0,145.8125,114.75,196.25,0.125,132.81250381469727,114.75,162.75,0.5625,0.26933756470680237,0.5625,0.26933756470680237,0.5,17.54755264520645,4.551009140908718,0.0,0.0,0.0,0.0,0.0,0.59
1099,0.3832,0.14698384702205658,2.2789520690681752e-05,5060489.0,119.0,100.75,140.5,0.125,113.75,100.75,135.25,0.6875,0.125,0.6875,0.125,0.75,11.790911801159382,3.216490864753723,0.0,0.0,0.0,0.0,0.0,0.59
1100,0.4533,1.35804283618927,2.2759749925573087e-05,5065794.0,174.5625,129.25,225.25,0.1875,157.125,129.25,189.25,0.3125,0.26933756470680237,0.3125,0.26933756470680237,0.5,12.629505723714828,3.59635516256094,0.0,0.0,0.0,0.0,0.0,0.59
1101,0.5129,3.3623483180999756,2.2729979160464425e-05,5070355.0,151.0625,113.0,223.75,0.1875,127.27083587646484,113.0,144.25,0.375,0.14433756470680237,0.375,0.14433756470680237,0.75,14.431080281734467,3.42384821921587,0.0,0.0,0.0,0.0,0.0,0.59
1102,0.3342,0.021653521806001663,2.2700208395355764e-05,5074062.0,101.1875,91.25,119.75,0.0,101.1875,91.25,119.75,0.875,0.14433756470680237,0.875,0.14433756470680237,0.75,9.55208482965827,1.909119239076972,0.0,0.0,0.0,0.0,0.0,0.59
1103,0.0051,0.04612833634018898,2.26704376302471e-05,5077523.0,87.3125,84.5,91.75,0.0,87.3125,84.5,91.75,1.0,0.0,1.0,0.0,1.0,0.2571450099349022,0.22380996495485306,0.0,0.0,0.0,0.0,0.0,0.59
1104,0.5732,3.9098618030548096,2.2640666865138434e-05,5082009.0,147.625,100.5,182.5,0.1875,124.75,100.5,152.0,0.375,0.14433756470680237,0.375,0.14433756470680237,0.75,20.51405695080757,5.165084403008223,0.0,0.0,0.0,0.0,0.0,0.59
1105,0.2991,1.48093843460083,2.2610896100029773e-05,5085747.0,101.625,78.5,129.25,0.0625,94.02083587646484,78.5,120.25,0.8125,0.125,0.8125,0.125,0.75,8.199863776564598,2.1685705687850714,0.0,0.0,0.0,0.0,0.0,0.59
1106,0.243,1.8810160160064697,2.2581125334921108e-05,5089956.0,136.8125,94.25,168.0,0.125,114.0625,94.25,125.0,0.6875,0.375,0.6875,0.375,0.25,10.95154432952404,2.8274515196681023,0.0,0.0,0.0,0.0,0.0,0.59
1107,0.4577,3.3667194843292236,2.2551354569812443e-05,5094846.0,161.625,119.75,209.5,0.25,140.1666717529297,119.75,159.75,0.5,0.25,0.5,0.25,0.5,15.41761389374733,4.268024731427431,0.0,0.0,0.0,0.0,0.0,0.6
1108,0.1079,3.83524489402771,2.252158380470378e-05,5099011.0,123.3125,98.5,145.75,0.125,109.0625,98.5,121.5,0.625,0.14433756470680237,0.625,0.14433756470680237,0.75,6.2363651394844055,1.822268009185791,0.0,0.0,0.0,0.0,0.0,0.6
1109,0.4077,5.327442169189453,2.249181303959512e-05,5103392.0,140.5625,116.75,176.75,0.0625,134.20833587646484,116.75,151.5,0.5625,0.26933756470680237,0.5625,0.26933756470680237,0.5,14.099918715655804,3.3478223457932472,0.0,0.0,0.0,0.0,0.0,0.6
1110,0.4286,5.348614692687988,2.2462042274486455e-05,5108016.0,137.0,103.75,177.75,0.0625,132.0625,103.75,164.5,0.4375,0.26933756470680237,0.4375,0.26933756470680237,0.5,13.160736255347729,4.009405668824911,0.0,0.0,0.0,0.0,0.0,0.6
1111,0.2541,9.286589622497559,2.243227150937779e-05,5112555.0,133.9375,90.0,178.75,0.0,133.9375,90.0,178.75,0.125,0.25,0.125,0.25,0.5,12.23105051368475,4.046948418021202,0.0,0.0,0.0,0.0,0.0,0.6
1112,0.1032,3.6960713863372803,2.240250074426913e-05,5116790.0,105.4375,78.75,140.0,0.0625,97.52083587646484,78.75,117.75,0.75,0.0,0.75,0.0,1.0,4.804788343608379,1.5244666822254658,0.0,0.0,0.0,0.0,0.0,0.6
1113,0.2855,11.770606994628906,2.2372729979160464e-05,5121286.0,141.0,105.75,197.5,0.0625,131.75,105.75,161.75,0.75,0.39433756470680237,0.75,0.39433756470680237,0.25,8.886385902762413,3.0835908576846123,0.0,0.0,0.0,0.0,0.0,0.6
1114,0.1304,0.026540104299783707,2.2342959214051803e-05,5125986.0,151.0,120.5,173.0,0.0625,146.8125,120.5,163.5,0.75,0.0,0.75,0.0,1.0,6.4991140477359295,2.0621164720505476,0.0,0.0,0.0,0.0,0.0,0.6
1115,0.3628,0.031148545444011688,2.231318844894314e-05,5130316.0,135.125,113.25,170.75,0.125,123.33333396911621,113.25,128.75,0.6875,0.125,0.6875,0.125,0.75,8.662387520074844,2.82389547675848,0.0,0.0,0.0,0.0,0.0,0.6
1116,0.0072,0.05818111076951027,2.2283417683834476e-05,5133658.0,90.625,86.5,93.5,0.0,90.625,86.5,93.5,0.8125,0.125,0.8125,0.125,0.75,0.2881169840693474,0.16776816546916962,0.0,0.0,0.0,0.0,0.0,0.6
1117,0.0614,2.870026111602783,2.225364691872581e-05,5138708.0,167.875,133.25,195.5,0.125,148.625,133.25,163.25,0.3125,0.125,0.3125,0.125,0.75,4.148715805262327,1.710126149468124,0.0,0.0,0.0,0.0,0.0,0.6
1118,0.0054,0.11099022626876831,2.222387615361715e-05,5143343.0,144.6875,125.5,156.5,0.0,144.6875,125.5,156.5,0.5,0.0,0.5,0.0,1.0,0.267088009044528,0.1675575552508235,0.0,0.0,0.0,0.0,0.0,0.6
1119,0.0477,0.03918404504656792,2.2194105388508485e-05,5147731.0,109.75,99.5,133.25,0.0625,102.22916793823242,99.5,106.25,0.75,0.0,0.75,0.0,1.0,2.002614304423332,0.8535040905699134,0.0,0.0,0.0,0.0,0.0,0.6
1120,0.0048,0.04064289852976799,2.216433462339982e-05,5151662.0,110.4375,107.0,114.25,0.0,110.4375,107.0,114.25,1.0,0.0,1.0,0.0,1.0,0.2395823821425438,0.06020122254267335,0.0,0.0,0.0,0.0,0.0,0.6
1121,0.0074,0.0871191918849945,2.213456385829116e-05,5156275.0,140.3125,127.25,149.75,0.0,140.3125,127.25,149.75,0.5,0.0,0.5,0.0,1.0,0.3656102418899536,0.22716098371893167,0.0,0.0,0.0,0.0,0.0,0.6
1122,0.1121,2.6452138423919678,2.2104793093182497e-05,5160664.0,132.8125,115.0,165.0,0.0625,129.02083587646484,115.0,158.5,0.375,0.14433756470680237,0.375,0.14433756470680237,0.75,1.394282303750515,0.7145038060843945,0.0,0.0,0.0,0.0,0.0,0.6
1123,0.0655,5.542318820953369,2.2075022328073833e-05,5165213.0,131.8125,110.5,146.5,0.125,121.6875,110.5,134.25,0.6875,0.125,0.6875,0.125,0.75,2.036010593175888,1.191472314298153,0.0,0.0,0.0,0.0,0.0,0.6
1124,0.0713,0.08089809864759445,2.2045251562965168e-05,5169105.0,105.0,90.75,123.0,0.0,105.0,90.75,123.0,0.875,0.25,0.875,0.25,0.5,0.260767113417387,0.06730261631309986,0.0,0.0,0.0,0.0,0.0,0.6
1125,-0.1602,1.7559268474578857,2.2015480797856506e-05,5173054.0,122.8125,102.0,130.0,0.1875,117.0,102.0,122.25,0.6875,0.125,0.6875,0.125,0.75,1.2270559407770634,0.693993944209069,0.0,0.0,0.0,0.0,0.0,0.6
1126,0.0461,0.0584203265607357,2.198571003274784e-05,5177385.0,130.6875,122.0,139.25,0.0,130.6875,122.0,139.25,0.6875,0.125,0.6875,0.125,0.75,0.20493107289075851,0.0889832191169262,0.0,0.0,0.0,0.0,0.0,0.61
1127,0.0586,2.1352908611297607,2.195593926763918e-05,5181828.0,128.1875,117.5,141.0,0.0,128.1875,117.5,141.0,0.5625,0.125,0.5625,0.125,0.75,0.2766339723020792,0.17915290407836437,0.0,0.0,0.0,0.0,0.0,0.61
1128,0.0593,0.014426523819565773,2.192616850253052e-05,5185965.0,122.5625,88.5,171.75,0.0625,114.45833396911621,88.5,154.0,0.5,0.25,0.5,0.25,0.5,2.5388188585639,1.3535424247384071,0.0,0.0,0.0,0.0,0.0,0.61
1129,0.104,1.9212983846664429,2.1896397737421854e-05,5190134.0,116.8125,100.25,147.5,0.0,116.8125,100.25,147.5,0.625,0.25,0.625,0.25,0.5,0.3962845429778099,0.36511416360735893,0.0,0.0,0.0,0.0,0.0,0.61
1130,0.0358,2.2963788509368896,2.186662697231319e-05,5194845.0,135.9375,122.5,155.5,0.0,135.9375,122.5,155.5,0.375,0.14433756470680237,0.375,0.14433756470680237,0.75,0.5009680278599262,0.38257358595728874,0.0,0.0,0.0,0.0,0.0,0.61
1131,0.0229,0.03988814726471901,2.1836856207204527e-05,5198762.0,121.8125,94.25,152.75,0.0,121.8125,94.25,152.75,0.6875,0.26933756470680237,0.6875,0.26933756470680237,0.5,1.5138037279248238,0.945570238865912,0.0,0.0,0.0,0.0,0.0,0.61
1132,-0.0497,3.1162590980529785,2.1807085442095862e-05,5203269.0,135.6875,122.0,141.75,0.0,135.6875,122.0,141.75,0.625,0.14433756470680237,0.625,0.14433756470680237,0.75,0.27156201004981995,0.15568346437066793,0.0,0.0,0.0,0.0,0.0,0.61
1133,0.0216,0.7320845127105713,2.1777314676987198e-05,5207428.0,104.6875,99.75,110.25,0.0,104.6875,99.75,110.25,0.5,0.0,0.5,0.0,1.0,1.0115462504327297,0.5819925372488797,0.0,0.0,0.0,0.0,0.0,0.61
1134,0.4204,8.544546127319336,2.1747543911878536e-05,5211455.0,119.1875,90.25,181.25,0.0625,108.75,90.25,141.25,0.5625,0.375,0.5625,0.375,0.25,3.9307402968406677,2.1189482044428587,0.0,0.0,0.0,0.0,0.0,0.61
1135,-0.0282,0.012568135745823383,2.1717773146769875e-05,5215673.0,127.625,99.25,147.5,0.0,127.625,99.25,147.5,0.3125,0.125,0.3125,0.125,0.75,0.37941133230924606,0.30790489073842764,0.0,0.0,0.0,0.0,0.0,0.61
1136,0.2763,1.685711145401001,2.168800238166121e-05,5219696.0,112.9375,92.5,154.0,0.0625,105.22916793823242,92.5,127.0,0.6875,0.375,0.6875,0.375,0.25,2.2101573422551155,1.3160555344074965,0.0,0.0,0.0,0.0,0.0,0.61
1137,-0.0053,2.8500189781188965,2.1658231616552545e-05,5223231.0,92.1875,84.0,102.5,0.0,92.1875,84.0,102.5,0.6875,0.26933756470680237,0.6875,0.26933756470680237,0.5,1.2917008697986603,0.5605924716219306,0.0,0.0,0.0,0.0,0.0,0.61
1138,0.0651,0.035864073783159256,2.1628460851443883e-05,5227592.0,137.5625,113.0,153.25,0.125,129.875,113.0,141.5,0.625,0.14433756470680237,0.625,0.14433756470680237,0.75,3.8601502925157547,1.9079865273088217,0.0,0.0,0.0,0.0,0.0,0.61
1139,0.0652,3.0862836837768555,2.159869008633522e-05,5232104.0,142.0,129.75,151.75,0.0625,139.375,129.75,149.5,0.75,0.25,0.75,0.25,0.5,1.711164753884077,0.7786645833402872,0.0,0.0,0.0,0.0,0.0,0.61
1140,0.1929,0.007169209420681,2.1568919321226557e-05,5236392.0,125.75,102.75,140.5,0.125,112.125,102.75,120.5,0.5625,0.125,0.5625,0.125,0.75,4.483782760798931,1.8948180470615625,0.0,0.0,0.0,0.0,0.0,0.61
1141,0.0242,4.727113246917725,2.1539148556117896e-05,5240874.0,130.625,119.25,138.5,0.125,127.375,119.25,137.25,0.625,0.14433756470680237,0.625,0.14433756470680237,0.75,2.0900110229849815,1.1775942733511329,0.0,0.0,0.0,0.0,0.0,0.61
1142,0.0044,0.01502371858805418,2.150937779100923e-05,5244838.0,113.25,100.5,129.0,0.0,113.25,100.5,129.0,0.75,0.0,0.75,0.0,1.0,0.22191457077860832,0.04912479128688574,0.0,0.0,0.0,0.0,0.0,0.61
1143,0.1236,3.4583401679992676,2.1479607025900566e-05,5249993.0,159.1875,134.0,175.25,0.125,147.9375,134.0,163.75,0.4375,0.26933756470680237,0.4375,0.26933756470680237,0.5,5.218704603612423,2.106289988383651,0.0,0.0,0.0,0.0,0.0,0.61
1144,0.0793,2.9114670753479004,2.1449836260791904e-05,5254020.0,118.4375,103.25,144.0,0.0625,112.77083587646484,103.25,127.5,0.5,0.0,0.5,0.0,1.0,3.7679965496063232,1.7389904903247952,0.0,0.0,0.0,0.0,0.0,0.62
1145,0.04,1.35170316696167,2.142006549568324e-05,5257593.0,99.3125,87.75,131.5,0.0,99.3125,87.75,131.5,1.0,0.0,1.0,0.0,1.0,1.6012657769024372,0.7023645061999559,0.0,0.0,0.0,0.0,0.0,0.62
1146,0.0185,2.765146255493164,2.1390294730574575e-05,5261524.0,108.9375,81.25,124.0,0.0,108.9375,81.25,124.0,0.6875,0.125,0.6875,0.125,0.75,5.341721713542938,2.181433744728565,0.0,0.0,0.0,0.0,0.0,0.62
1147,0.0473,3.429365634918213,2.1360523965465913e-05,5265958.0,126.625,109.75,146.0,0.0625,122.4375,109.75,142.25,0.75,0.28867512941360474,0.75,0.28867512941360474,0.5,1.0499810054898262,0.6912888763472438,0.0,0.0,0.0,0.0,0.0,0.62
1148,0.1686,2.664424180984497,2.1330753200357252e-05,5270216.0,126.625,100.5,168.75,0.0625,119.52083587646484,100.5,156.75,0.5625,0.125,0.5625,0.125,0.75,3.0218021273612976,1.6622998621314764,0.0,0.0,0.0,0.0,0.0,0.62
1149,-0.0082,0.026008572429418564,2.1300982435248587e-05,5273681.0,89.5625,83.5,96.75,0.0,89.5625,83.5,96.75,0.8125,0.125,0.8125,0.125,0.75,0.9928674697875977,0.959006086923182,0.0,0.0,0.0,0.0,0.0,0.62
1150,-0.0225,0.014330989681184292,2.1271211670139922e-05,5277904.0,120.9375,114.75,129.25,0.0,120.9375,114.75,129.25,0.875,0.14433756470680237,0.875,0.14433756470680237,0.75,0.18584048748016357,0.04441744042560458,0.0,0.0,0.0,0.0,0.0,0.62
1151,0.0035,0.031241625547409058,2.124144090503126e-05,5281929.0,114.0625,104.0,128.5,0.0,114.0625,104.0,128.5,1.0,0.0,1.0,0.0,1.0,0.17718835175037384,0.058125440031290054,0.0,0.0,0.0,0.0,0.0,0.62
1152,0.1455,2.7071890830993652,2.1211670139922596e-05,5286782.0,156.5625,112.75,176.25,0.1875,131.8125,112.75,143.25,0.25,0.0,0.25,0.0,1.0,7.124519627541304,3.859848503023386,0.0,0.0,0.0,0.0,0.0,0.62
1153,0.1291,1.6463669538497925,2.1181899374813934e-05,5291321.0,121.6875,108.25,153.5,0.0625,113.83333587646484,108.25,126.0,0.25,0.0,0.25,0.0,1.0,6.189642909914255,2.9289343068376184,0.0,0.0,0.0,0.0,0.0,0.62
1154,0.0039,0.02968301624059677,2.1152128609705273e-05,5295350.0,112.0625,105.25,115.25,0.0,112.0625,105.25,115.25,1.0,0.0,1.0,0.0,1.0,0.19239648059010506,0.03796843532472849,0.0,0.0,0.0,0.0,0.0,0.62
1155,0.0018,0.20334911346435547,2.1122357844596608e-05,5298907.0,92.0625,83.75,101.75,0.0,92.0625,83.75,101.75,0.6875,0.125,0.6875,0.125,0.75,0.41250067204236984,0.33857912942767143,0.0,0.0,0.0,0.0,0.0,0.62
1156,0.0601,0.015277744270861149,2.1092587079487943e-05,5302818.0,101.4375,90.0,124.75,0.0625,94.54166793823242,90.0,99.0,0.8125,0.125,0.8125,0.125,0.75,1.0484181866049767,0.5935798343271017,0.0,0.0,0.0,0.0,0.0,0.62
1157,0.3806,8.046622276306152,2.1062816314379282e-05,5307640.0,148.875,116.5,211.25,0.0625,138.8958339691162,116.5,174.0,0.5625,0.26933756470680237,0.5625,0.26933756470680237,0.5,4.2044294737279415,3.183323487639427,0.0,0.0,0.0,0.0,0.0,0.62
1158,0.1082,1.2973318099975586,2.1033045549270617e-05,5312149.0,130.3125,108.75,163.0,0.0,130.3125,108.75,163.0,0.5625,0.125,0.5625,0.125,0.75,1.891095232218504,1.3101231399923563,0.0,0.0,0.0,0.0,0.0,0.62
1159,0.0111,0.0562613345682621,2.1003274784161952e-05,5317038.0,164.8125,151.5,181.25,0.0625,163.64583587646484,151.5,179.5,0.5,0.25,0.5,0.25,0.5,0.7086105495691299,0.4286933410912752,0.0,0.0,0.0,0.0,0.0,0.62
1160,0.0332,0.005931914784014225,2.097350401905329e-05,5321886.0,127.0,109.0,157.0,0.0,127.0,109.0,157.0,0.5,0.0,0.5,0.0,1.0,1.299396101385355,0.9602088518440723,0.0,0.0,0.0,0.0,0.0,0.62
1161,0.2532,10.180051803588867,2.094373325394463e-05,5326012.0,128.375,110.0,167.5,0.0,128.375,110.0,167.5,0.9375,0.125,0.9375,0.125,0.75,1.704509910196066,0.9845866579562426,0.0,0.0,0.0,0.0,0.0,0.62
1162,0.0035,0.06001444533467293,2.0913962488835964e-05,5330357.0,127.0625,116.5,145.75,0.0,127.0625,116.5,145.75,1.0,0.0,1.0,0.0,1.0,0.17821314185857773,0.07234936719760299,0.0,0.0,0.0,0.0,0.0,0.62
1163,-0.0266,3.7165651321411133,2.08841917237273e-05,5333771.0,85.375,79.25,92.0,0.0,85.375,79.25,92.0,0.8125,0.26933756470680237,0.8125,0.26933756470680237,0.5,0.2945494316518307,0.047834811732172966,0.0,0.0,0.0,0.0,0.0,0.63
1164,0.0349,0.6155599355697632,2.0854420958618638e-05,5338818.0,160.1875,122.75,181.25,0.3125,133.875,122.75,141.5,0.5,0.0,0.5,0.0,1.0,1.8196427337825298,1.5224639317020774,0.0,0.0,0.0,0.0,0.0,0.63
1165,0.0993,0.021822094917297363,2.0824650193509973e-05,5343526.0,156.0,132.75,197.0,0.0625,143.7916669845581,132.75,151.25,0.75,0.25,0.75,0.25,0.5,1.0729105491191149,0.8913972405716777,0.0,0.0,0.0,0.0,0.0,0.63
1166,0.0054,0.1991201788187027,2.079487942840131e-05,5347203.0,97.0625,93.25,102.75,0.0,97.0625,93.25,102.75,1.0,0.0,1.0,0.0,1.0,0.26825712248682976,0.04071792867034674,0.0,0.0,0.0,0.0,0.0,0.63
1167,-0.0355,0.1620991826057434,2.0765108663292647e-05,5351715.0,140.25,129.75,153.5,0.0,140.25,129.75,153.5,0.6875,0.125,0.6875,0.125,0.75,0.37560685351490974,0.29858363047242165,0.0,0.0,0.0,0.0,0.0,0.63
1168,0.0601,0.7245015501976013,2.0735337898183985e-05,5356737.0,161.625,129.75,180.75,0.0625,158.33333587646484,129.75,178.25,0.3125,0.125,0.3125,0.125,0.75,2.9654359947890043,2.421327820746228,0.0,0.0,0.0,0.0,0.0,0.63
1169,0.1003,0.01633473113179207,2.070556713307532e-05,5360785.0,125.75,104.25,179.5,0.0625,118.3125,104.25,152.75,0.625,0.14433756470680237,0.625,0.14433756470680237,0.75,1.480764728039503,1.1196114188060164,0.0,0.0,0.0,0.0,0.0,0.63
1170,0.0045,0.028337053954601288,2.0675796367966656e-05,5364368.0,92.6875,89.5,98.0,0.0,92.6875,89.5,98.0,1.0,0.0,1.0,0.0,1.0,0.22614894807338715,0.0268437669146806,0.0,0.0,0.0,0.0,0.0,0.63
1171,0.0154,1.5225553512573242,2.0646025602857994e-05,5368657.0,128.0625,122.0,135.5,0.0,128.0625,122.0,135.5,0.6875,0.26933756470680237,0.6875,0.26933756470680237,0.5,0.43545808643102646,0.3411389673128724,0.0,0.0,0.0,0.0,0.0,0.63
1172,0.194,10.148067474365234,2.0616254837749333e-05,5374070.0,180.0625,140.0,228.0,0.125,167.375,140.0,202.75,0.75,0.39433756470680237,0.75,0.39433756470680237,0.25,2.882199265062809,2.5289691323414445,0.0,0.0,0.0,0.0,0.0,0.63
1173,0.0055,0.01440358441323042,2.0586484072640668e-05,5377474.0,85.75,77.5,101.0,0.0,85.75,77.5,101.0,1.0,0.0,1.0,0.0,1.0,0.2773680314421654,0.15227018622681499,0.0,0.0,0.0,0.0,0.0,0.63
1174,0.0986,1.3783506155014038,2.0556713307532006e-05,5383341.0,193.9375,142.25,232.0,0.3125,171.3125,142.25,200.0,0.125,0.14433756470680237,0.125,0.14433756470680237,0.75,3.085756003856659,2.6231309473514557,0.0,0.0,0.0,0.0,0.0,0.63
1175,0.1125,2.751732587814331,2.052694254242334e-05,5388301.0,131.25,91.5,174.0,0.0625,126.70833587646484,91.5,173.75,0.375,0.39433756470680237,0.375,0.39433756470680237,0.25,3.831729009747505,3.496111661195755,0.0,0.0,0.0,0.0,0.0,0.63
1176,0.0751,3.6988449096679688,2.0497171777314677e-05,5392982.0,136.0625,116.5,155.0,0.125,122.25,116.5,130.0,0.8125,0.125,0.8125,0.125,0.75,0.8052013553678989,0.6648336704820395,0.0,0.0,0.0,0.0,0.0,0.63
1177,0.3153,8.549469947814941,2.0467401012206015e-05,5397328.0,131.875,105.5,170.75,0.1875,118.33333396911621,105.5,129.75,0.375,0.39433756470680237,0.375,0.39433756470680237,0.25,5.854055285453796,4.350348681211472,0.0,0.0,0.0,0.0,0.0,0.63
1178,0.0038,0.009929686784744263,2.043763024709735e-05,5401505.0,117.3125,110.0,125.75,0.0,117.3125,110.0,125.75,1.0,0.0,1.0,0.0,1.0,0.1884222775697708,0.06032321695238352,0.0,0.0,0.0,0.0,0.0,0.63
1179,0.1228,3.57102370262146,2.040785948198869e-05,5405698.0,126.8125,110.75,147.75,0.0,126.8125,110.75,147.75,0.8125,0.26933756470680237,0.8125,0.26933756470680237,0.5,2.5140198171138763,1.5711218398064375,0.0,0.0,0.0,0.0,0.0,0.63
1180,0.1696,3.84264874458313,2.0378088716880024e-05,5409558.0,105.5,89.75,139.75,0.0,105.5,89.75,139.75,0.875,0.14433756470680237,0.875,0.14433756470680237,0.75,3.055295594036579,1.632644370663911,0.0,0.0,0.0,0.0,0.0,0.63
1181,0.0471,3.790177822113037,2.0348317951771362e-05,5413755.0,128.5625,116.25,150.75,0.0625,124.70833587646484,116.25,138.25,0.875,0.14433756470680237,0.875,0.14433756470680237,0.75,1.5222422815859318,0.8045103317126632,0.0,0.0,0.0,0.0,0.0,0.63
1182,0.2204,5.27508020401001,2.0318547186662698e-05,5418169.0,152.625,94.0,225.25,0.125,135.89583587646484,94.0,193.0,0.0625,0.125,0.0625,0.125,0.75,11.357747074216604,5.611803915351629,0.0,0.0,0.0,0.0,0.0,0.64
1183,0.0243,0.023255720734596252,2.0288776421554033e-05,5422844.0,138.6875,129.5,143.25,0.0,138.6875,129.5,143.25,0.9375,0.125,0.9375,0.125,0.75,0.7091442458331585,0.3453203644603491,0.0,0.0,0.0,0.0,0.0,0.64
1184,0.4052,4.082075119018555,2.025900565644537e-05,5427198.0,143.875,104.25,205.5,0.1875,123.33333587646484,104.25,137.0,0.375,0.14433756470680237,0.375,0.14433756470680237,0.75,8.57820450514555,3.9557958729565144,0.0,0.0,0.0,0.0,0.0,0.64
1185,0.3104,2.8727691173553467,2.022923489133671e-05,5432340.0,179.875,113.25,217.5,0.4375,130.33333587646484,113.25,156.5,0.375,0.25,0.375,0.25,0.5,8.885774850845337,3.9098097812384367,0.0,0.0,0.0,0.0,0.0,0.64
1186,0.248,0.1675116866827011,2.0199464126228045e-05,5436950.0,131.375,96.5,158.5,0.0,131.375,96.5,158.5,0.6875,0.26933756470680237,0.6875,0.26933756470680237,0.5,3.4875045865774155,1.7622429132461548,0.0,0.0,0.0,0.0,0.0,0.64
1187,0.1331,2.8777778148651123,2.0169693361119384e-05,5441407.0,132.3125,107.75,146.75,0.1875,129.3125,107.75,142.75,0.5625,0.125,0.5625,0.125,0.75,6.883199006319046,2.902503240853548,0.0,0.0,0.0,0.0,0.0,0.64
1188,0.2942,6.309294700622559,2.013992259601072e-05,5445548.0,126.8125,100.5,186.25,0.125,111.54166793823242,100.5,130.75,0.6875,0.125,0.6875,0.125,0.75,9.668176010251045,4.15376178920269,0.0,0.0,0.0,0.0,0.0,0.64
1189,0.2505,2.599778652191162,2.0110151830902054e-05,5449818.0,130.125,108.0,173.0,0.0625,122.39583587646484,108.0,144.25,0.75,0.28867512941360474,0.75,0.28867512941360474,0.5,5.832965422421694,2.14380557090044,0.0,0.0,0.0,0.0,0.0,0.64
1190,0.1604,6.780989646911621,2.0080381065793392e-05,5454095.0,136.3125,113.25,173.25,0.0625,127.91666793823242,113.25,140.75,0.625,0.14433756470680237,0.625,0.14433756470680237,0.75,3.5670380853116512,1.631823554635048,0.0,0.0,0.0,0.0,0.0,0.64
1191,0.2612,4.604033470153809,2.0050610300684727e-05,5458853.0,147.625,117.25,180.5,0.1875,134.41666793823242,117.25,156.25,0.25,0.25,0.25,0.25,0.5,12.32566249370575,5.163262069225311,0.0,0.0,0.0,0.0,0.0,0.64
1192,0.2165,13.776220321655273,2.0020839535576066e-05,5462892.0,112.9375,93.5,147.25,0.0625,103.16666793823242,93.5,114.0,0.8125,0.26933756470680237,0.8125,0.26933756470680237,0.5,5.002084735780954,1.9731211587786674,0.0,0.0,0.0,0.0,0.0,0.64
1193,0.5518,2.705392599105835,1.99910687704674e-05,5467370.0,132.375,89.75,190.25,0.0625,124.16666793823242,89.75,163.0,0.375,0.14433756470680237,0.375,0.14433756470680237,0.75,17.849698565900326,6.756276968866587,0.0,0.0,0.0,0.0,0.0,0.64
1194,0.633,4.774541854858398,1.996129800535874e-05,5472736.0,201.125,118.25,253.25,0.375,146.83333587646484,118.25,181.75,0.1875,0.26933756470680237,0.1875,0.26933756470680237,0.5,20.51471257209778,7.709169387817383,0.0,0.0,0.0,0.0,0.0,0.64
1195,0.5154,10.248550415039062,1.9931527240250075e-05,5476866.0,123.875,90.5,162.5,0.0625,120.79166793823242,90.5,161.0,0.75,0.25,0.75,0.25,0.5,6.758761361241341,3.0542617440223694,0.0,0.0,0.0,0.0,0.0,0.64
1196,0.226,2.038684368133545,1.990175647514141e-05,5480688.0,107.875,82.0,128.75,0.125,92.0,82.0,102.0,0.5625,0.125,0.5625,0.125,0.75,5.576046608388424,2.1186749786138535,0.0,0.0,0.0,0.0,0.0,0.64
1197,0.4056,7.80232572555542,1.987198571003275e-05,5485568.0,170.75,87.0,233.25,0.25,138.25,87.0,180.5,0.0,0.0,0.0,0.0,1.0,20.166996955871582,7.8991920948028564,0.0,0.0,0.0,0.0,0.0,0.64
1198,0.6611,3.6945385932922363,1.9842214944924087e-05,5490274.0,154.125,93.75,223.75,0.1875,134.87500381469727,93.75,175.75,0.375,0.5386751294136047,0.375,0.5386751294136047,0.0,13.828832626342773,5.696260631084442,0.0,0.0,0.0,0.0,0.0,0.64
1199,0.1836,5.632828712463379,1.9812444179815422e-05,5494134.0,108.25,99.5,125.75,0.0,108.25,99.5,125.75,0.8125,0.26933756470680237,0.8125,0.26933756470680237,0.5,3.8556693345308304,1.4346006475389004,0.0,0.0,0.0,0.0,0.0,0.64
1200,0.1279,1.2687880992889404,1.978267341470676e-05,5498566.0,117.0,98.0,137.25,0.125,107.1875,98.0,121.0,0.5,0.25,0.5,0.25,0.5,2.8739136792719364,1.337184451520443,0.0,0.0,0.0,0.0,0.0,0.65
1201,0.3566,5.220707893371582,1.9752902649598096e-05,5502695.0,119.3125,92.25,168.5,0.125,103.85416793823242,92.25,122.0,0.75,0.28867512941360474,0.75,0.28867512941360474,0.5,5.603656530380249,2.5061092153191566,0.0,0.0,0.0,0.0,0.0,0.65
1202,0.3869,9.110420227050781,1.972313188448943e-05,5507191.0,159.25,105.75,199.25,0.1875,140.39583587646484,105.75,179.0,0.25,0.0,0.25,0.0,1.0,18.941785529255867,6.763396345078945,0.0,0.0,0.0,0.0,0.0,0.65
1203,0.5586,9.39038372039795,1.969336111938077e-05,5512108.0,158.0625,108.0,224.0,0.25,134.35416793823242,108.0,157.75,0.3125,0.26933756470680237,0.3125,0.26933756470680237,0.5,18.398365378379822,7.216978549957275,0.0,0.0,0.0,0.0,0.0,0.65
1204,0.7252,4.547034740447998,1.9663590354272105e-05,5516830.0,147.375,99.0,216.25,0.1875,119.375,99.0,151.5,0.25,0.39433756470680237,0.25,0.39433756470680237,0.25,22.15208113193512,8.170044660568237,0.0,0.0,0.0,0.0,0.0,0.65
1205,0.3396,20.532737731933594,1.9633819589163443e-05,5521061.0,120.1875,79.25,200.25,0.125,102.54166793823242,79.25,147.5,0.125,0.25,0.125,0.25,0.5,12.626365900039673,5.160619616508484,0.0,0.0,0.0,0.0,0.0,0.65
1206,0.497,5.01818323135376,1.960404882405478e-05,5525932.0,157.6875,91.0,222.0,0.1875,129.72916793823242,91.0,168.25,0.125,0.14433756470680237,0.125,0.14433756470680237,0.75,17.820314168930054,6.811007857322693,0.0,0.0,0.0,0.0,0.0,0.65
1207,0.5385,5.92681884765625,1.9574278058946117e-05,5530932.0,165.25,116.75,232.5,0.125,159.375,116.75,223.25,0.1875,0.26933756470680237,0.1875,0.26933756470680237,0.5,18.2426278591156,7.17195725440979,0.0,0.0,0.0,0.0,0.0,0.65
1208,0.3662,2.9381847381591797,1.9544507293837452e-05,5535507.0,144.4375,102.0,198.25,0.125,130.75000381469727,102.0,166.25,0.375,0.25,0.375,0.25,0.5,13.241515278816223,5.782083094120026,0.0,0.0,0.0,0.0,0.0,0.65
1209,0.2225,4.797515392303467,1.9514736528728787e-05,5540450.0,153.9375,97.25,188.0,0.25,129.6875,97.25,167.25,0.375,0.39433756470680237,0.375,0.39433756470680237,0.25,12.10055473446846,5.65694123506546,0.0,0.0,0.0,0.0,0.0,0.65
1210,0.1861,1.7791489362716675,1.9484965763620126e-05,5544793.0,107.9375,78.0,160.75,0.125,91.64583587646484,78.0,115.25,0.5625,0.125,0.5625,0.125,0.75,4.101108595728874,1.9516324643045664,0.0,0.0,0.0,0.0,0.0,0.65
1211,0.3981,2.8032846450805664,1.9455194998511464e-05,5548795.0,126.125,87.25,172.25,0.0625,118.52083587646484,87.25,154.5,0.625,0.25,0.625,0.25,0.5,6.466215740889311,3.1191285476088524,0.0,0.0,0.0,0.0,0.0,0.65
1212,0.2115,5.553771018981934,1.94254242334028e-05,5554142.0,189.6875,164.0,218.5,0.125,182.37500381469727,164.0,195.75,0.3125,0.125,0.3125,0.125,0.75,10.044375773519278,4.9332194328308105,0.0,0.0,0.0,0.0,0.0,0.65
1213,0.0048,0.02048991248011589,1.9395653468294138e-05,5558131.0,109.8125,109.5,110.25,0.0,109.8125,109.5,110.25,0.9375,0.125,0.9375,0.125,0.75,0.24124442040920258,0.048683314584195614,0.0,0.0,0.0,0.0,0.0,0.65
1214,0.038,0.013332313857972622,1.9365882703185473e-05,5562068.0,105.8125,100.5,114.5,0.0,105.8125,100.5,114.5,0.75,0.0,0.75,0.0,1.0,1.8470798879861832,0.9192375391721725,0.0,0.0,0.0,0.0,0.0,0.65
1215,0.0038,0.622447669506073,1.9336111938076808e-05,5566080.0,112.25,110.25,117.25,0.0,112.25,110.25,117.25,0.5625,0.125,0.5625,0.125,0.75,0.18774839490652084,0.07320118136703968,0.0,0.0,0.0,0.0,0.0,0.65
1216,0.0212,0.05489477142691612,1.9306341172968147e-05,5570624.0,129.75,118.75,144.5,0.0625,125.10416793823242,118.75,131.5,0.75,0.0,0.75,0.0,1.0,0.9632508680224419,0.6049662507139146,0.0,0.0,0.0,0.0,0.0,0.65
1217,-0.0015,0.8132277131080627,1.9276570407859482e-05,5574764.0,121.5,113.75,133.0,0.0,121.5,113.75,133.0,0.6875,0.125,0.6875,0.125,0.75,0.19425606355071068,0.09170688316226006,0.0,0.0,0.0,0.0,0.0,0.65
1218,0.0042,0.016199221834540367,1.924679964275082e-05,5578738.0,103.875,103.25,104.25,0.0,103.875,103.25,104.25,1.0,0.0,1.0,0.0,1.0,0.20924372225999832,0.06303018517792225,0.0,0.0,0.0,0.0,0.0,0.65
1219,0.137,3.6692569255828857,1.9217028877642156e-05,5583631.0,144.3125,128.75,171.5,0.0625,137.83333587646484,128.75,155.0,0.625,0.14433756470680237,0.625,0.14433756470680237,0.75,1.2037019692361355,0.9532029209658504,0.0,0.0,0.0,0.0,0.0,0.66
1220,0.0523,1.7806848287582397,1.9187258112533494e-05,5587942.0,128.6875,114.25,141.0,0.0,128.6875,114.25,141.0,0.875,0.25,0.875,0.25,0.5,0.2402762770652771,0.08258514292538166,0.0,0.0,0.0,0.0,0.0,0.66
1221,-0.027,1.7574440240859985,1.915748734742483e-05,5591416.0,79.125,74.0,82.25,0.0,79.125,74.0,82.25,0.9375,0.125,0.9375,0.125,0.75,0.2800739109516144,0.08743315748870373,0.0,0.0,0.0,0.0,0.0,0.66
1222,0.1314,1.5057530403137207,1.9127716582316164e-05,5595577.0,130.3125,114.0,149.75,0.0,130.3125,114.0,149.75,0.625,0.14433756470680237,0.625,0.14433756470680237,0.75,3.9639017209410667,2.643430016003549,0.0,0.0,0.0,0.0,0.0,0.66
1223,0.2234,3.6276535987854004,1.9097945817207503e-05,5599818.0,124.5625,103.5,158.75,0.0625,113.39583396911621,103.5,122.5,0.8125,0.125,0.8125,0.125,0.75,2.8074813075363636,2.038815576583147,0.0,0.0,0.0,0.0,0.0,0.66
1224,-0.0778,1.791145920753479,1.906817505209884e-05,5603860.0,114.875,85.75,136.0,0.0625,110.72916793823242,85.75,125.0,0.6875,0.125,0.6875,0.125,0.75,2.462804727256298,1.593529924750328,0.0,0.0,0.0,0.0,0.0,0.66
1225,0.0057,0.027059176936745644,1.9038404286990177e-05,5607115.0,78.1875,73.75,84.0,0.0,78.1875,73.75,84.0,1.0,0.0,1.0,0.0,1.0,0.2843589186668396,0.149955153465271,0.0,0.0,0.0,0.0,0.0,0.66
1226,0.1319,0.03988194465637207,1.9008633521881515e-05,5611071.0,107.0,98.75,128.5,0.0,107.0,98.75,128.5,0.75,0.25,0.75,0.25,0.5,0.9532874450087547,0.5549513706937432,0.0,0.0,0.0,0.0,0.0,0.66
1227,0.2362,3.5292065143585205,1.897886275677285e-05,5616907.0,200.0,157.75,239.25,0.375,175.75,157.75,189.25,0.0625,0.125,0.0625,0.125,0.75,8.78425657749176,5.392643213272095,0.0,0.0,0.0,0.0,0.0,0.66
1228,0.0044,0.016337376087903976,1.8949091991664185e-05,5621306.0,126.6875,119.5,130.5,0.0,126.6875,119.5,130.5,1.0,0.0,1.0,0.0,1.0,0.21901378221809864,0.0649283891543746,0.0,0.0,0.0,0.0,0.0,0.66
1229,0.0522,1.7718987464904785,1.8919321226555524e-05,5625368.0,92.875,82.75,118.0,0.0625,84.60416793823242,82.75,86.25,0.75,0.0,0.75,0.0,1.0,2.380646362900734,1.5979501232504845,0.0,0.0,0.0,0.0,0.0,0.66
1230,0.0642,0.043874651193618774,1.888955046144686e-05,5629462.0,113.625,110.0,119.75,0.0,113.625,110.0,119.75,0.9375,0.125,0.9375,0.125,0.75,1.1627620793879032,0.6839914536103606,0.0,0.0,0.0,0.0,0.0,0.66
1231,-0.0274,0.894669771194458,1.8859779696338198e-05,5634234.0,146.5,140.0,151.5,0.0,146.5,140.0,151.5,0.875,0.14433756470680237,0.875,0.14433756470680237,0.75,0.1682827975600958,0.05710564088076353,0.0,0.0,0.0,0.0,0.0,0.66
1232,-0.0109,1.8648574352264404,1.8830008931229533e-05,5638170.0,101.0,92.75,107.25,0.0,101.0,92.75,107.25,0.6875,0.125,0.6875,0.125,0.75,0.36408092454075813,0.21644752379506826,0.0,0.0,0.0,0.0,0.0,0.66
1233,0.0563,0.013346313498914242,1.880023816612087e-05,5643043.0,136.0625,113.5,155.75,0.125,126.9375,113.5,141.5,0.75,0.0,0.75,0.0,1.0,2.469578117132187,1.5411832658573985,0.0,0.0,0.0,0.0,0.0,0.66
1234,0.017,6.83206844329834,1.8770467401012207e-05,5647692.0,145.8125,119.0,171.0,0.125,133.25,119.0,146.0,0.625,0.25,0.625,0.25,0.5,2.0204723961651325,1.3862726874649525,0.0,0.0,0.0,0.0,0.0,0.66
1235,0.0144,0.012317351065576077,1.874069663590354e-05,5651717.0,91.0625,88.0,93.75,0.0,91.0625,88.0,93.75,1.0,0.0,1.0,0.0,1.0,0.7741789408028126,0.5276933456771076,0.0,0.0,0.0,0.0,0.0,0.66
1236,0.006,0.032055605202913284,1.871092587079488e-05,5655433.0,94.25,89.0,101.25,0.0,94.25,89.0,101.25,1.0,0.0,1.0,0.0,1.0,0.2968006581068039,0.1319032395258546,0.0,0.0,0.0,0.0,0.0,0.66
1237,0.1189,2.4360015392303467,1.868115510568622e-05,5659541.0,127.75,111.25,162.75,0.0625,118.47916793823242,111.25,127.25,0.625,0.39433756470680237,0.625,0.39433756470680237,0.25,2.6869770735502243,2.193832501769066,0.0,0.0,0.0,0.0,0.0,0.66
1238,0.022,0.018462669104337692,1.8651384340577554e-05,5663410.0,98.5625,82.25,116.25,0.0,98.5625,82.25,116.25,0.8125,0.125,0.8125,0.125,0.75,0.7353911176323891,0.45947777666151524,0.0,0.0,0.0,0.0,0.0,0.67
1239,0.2889,1.7923794984817505,1.8621613575468892e-05,5667765.0,123.4375,99.25,162.0,0.0625,115.5,99.25,131.0,0.6875,0.375,0.6875,0.375,0.25,2.1049010530114174,1.5872450806200504,0.0,0.0,0.0,0.0,0.0,0.67
1240,0.0075,0.35090091824531555,1.8591842810360228e-05,5671289.0,92.0,86.75,102.0,0.0,92.0,86.75,102.0,0.75,0.0,0.75,0.0,1.0,0.36978717893362045,0.39689754880964756,0.0,0.0,0.0,0.0,0.0,0.67
1241,0.1212,1.9650603532791138,1.8562072045251563e-05,5674937.0,95.0,78.75,118.75,0.0,95.0,78.75,118.75,0.8125,0.26933756470680237,0.8125,0.26933756470680237,0.5,0.907119482755661,0.609412919729948,0.0,0.0,0.0,0.0,0.0,0.67
1242,0.0537,4.833090782165527,1.85323012801429e-05,5678897.0,94.25,70.75,122.75,0.0,94.25,70.75,122.75,0.625,0.14433756470680237,0.625,0.14433756470680237,0.75,1.4819653183221817,1.0912842024117708,0.0,0.0,0.0,0.0,0.0,0.67
1243,0.059,0.9044512510299683,1.8502530515034236e-05,5683033.0,115.25,93.0,139.25,0.0,115.25,93.0,139.25,0.75,0.25,0.75,0.25,0.5,2.712574001401663,1.9231795854866505,0.0,0.0,0.0,0.0,0.0,0.67
1244,-0.0005,0.03459817171096802,1.8472759749925575e-05,5686541.0,89.5,87.25,91.0,0.0,89.5,87.25,91.0,0.8125,0.125,0.8125,0.125,0.75,0.20890843495726585,0.05566903669387102,0.0,0.0,0.0,0.0,0.0,0.67
1245,0.2532,7.471165180206299,1.844298898481691e-05,5691120.0,139.1875,126.0,170.25,0.0625,137.75,126.0,165.25,0.875,0.25,0.875,0.25,0.5,2.2089243568480015,1.1544464803300798,0.0,0.0,0.0,0.0,0.0,0.67
1246,0.0052,0.12764769792556763,1.841321821970825e-05,5695345.0,130.5625,126.0,140.25,0.0,130.5625,126.0,140.25,1.0,0.0,1.0,0.0,1.0,0.25958456099033356,0.20095908176153898,0.0,0.0,0.0,0.0,0.0,0.67
1247,0.0996,1.1874289512634277,1.8383447454599584e-05,5699140.0,100.4375,96.0,110.0,0.0,100.4375,96.0,110.0,0.6875,0.125,0.6875,0.125,0.75,2.0084894225001335,1.100843950174749,0.0,0.0,0.0,0.0,0.0,0.67
1248,0.1653,0.047317713499069214,1.835367668949092e-05,5702865.0,103.8125,90.5,131.5,0.0,103.8125,90.5,131.5,0.6875,0.125,0.6875,0.125,0.75,5.726121839135885,2.2925078608095646,0.0,0.0,0.0,0.0,0.0,0.67
1249,0.0836,3.1574487686157227,1.8323905924382257e-05,5707166.0,130.3125,119.0,152.0,0.0,130.3125,119.0,152.0,0.5,0.0,0.5,0.0,1.0,4.2061976827681065,2.088075952604413,0.0,0.0,0.0,0.0,0.0,0.67
1250,0.0045,0.031530920416116714,1.8294135159273596e-05,5711683.0,126.5625,124.25,130.25,0.0,126.5625,124.25,130.25,1.0,0.0,1.0,0.0,1.0,0.226369209587574,0.05323493108153343,0.0,0.0,0.0,0.0,0.0,0.67
1251,0.1287,8.777833938598633,1.826436439416493e-05,5716410.0,152.4375,103.75,179.75,0.125,144.25000381469727,103.75,176.75,0.4375,0.125,0.4375,0.125,0.75,7.289316728711128,3.4424699246883392,0.0,0.0,0.0,0.0,0.0,0.67
1252,0.074,2.181619644165039,1.823459362905627e-05,5720924.0,127.625,95.75,150.25,0.125,113.9375,95.75,123.25,0.625,0.25,0.625,0.25,0.5,3.1727479994297028,1.513518936932087,0.0,0.0,0.0,0.0,0.0,0.67
1253,0.0202,0.02285975217819214,1.8204822863947605e-05,5725402.0,121.625,118.25,123.5,0.0,121.625,118.25,123.5,0.9375,0.125,0.9375,0.125,0.75,1.821588646620512,0.7183931339532137,0.0,0.0,0.0,0.0,0.0,0.67
1254,0.0186,3.137441396713257,1.817505209883894e-05,5729517.0,121.1875,112.0,133.0,0.0,121.1875,112.0,133.0,0.9375,0.125,0.9375,0.125,0.75,0.5581236556172371,0.3475743094459176,0.0,0.0,0.0,0.0,0.0,0.67
1255,0.2139,6.419926166534424,1.814528133373028e-05,5734068.0,139.6875,124.75,170.25,0.0625,131.1875,124.75,138.25,0.6875,0.125,0.6875,0.125,0.75,2.040701750665903,0.9739095866680145,0.0,0.0,0.0,0.0,0.0,0.67
1256,0.1165,0.9749082922935486,1.8115510568621614e-05,5739106.0,154.625,96.75,208.5,0.25,127.06250190734863,96.75,161.75,0.3125,0.125,0.3125,0.125,0.75,7.558792784810066,3.478542950004339,0.0,0.0,0.0,0.0,0.0,0.68
1257,0.1293,0.02665122039616108,1.8085739803512952e-05,5743302.0,119.5,104.25,136.25,0.0,119.5,104.25,136.25,0.6875,0.125,0.6875,0.125,0.75,2.113792262971401,0.8270822241902351,0.0,0.0,0.0,0.0,0.0,0.68
1258,0.1751,5.2513322830200195,1.8055969038404287e-05,5748490.0,177.25,156.75,208.0,0.125,168.4375,156.75,179.25,0.6875,0.375,0.6875,0.375,0.25,4.721569359302521,1.6574666807428002,0.0,0.0,0.0,0.0,0.0,0.68
1259,0.1969,5.193048477172852,1.8026198273295626e-05,5753283.0,153.8125,124.25,197.75,0.125,142.47916793823242,124.25,155.0,0.5625,0.375,0.5625,0.375,0.25,5.924363285303116,2.369138393551111,0.0,0.0,0.0,0.0,0.0,0.68
1260,0.1536,1.814210057258606,1.799642750818696e-05,5757881.0,140.625,121.75,163.75,0.0625,136.39583587646484,121.75,152.25,0.9375,0.125,0.9375,0.125,0.75,4.096002623438835,1.670088417828083,0.0,0.0,0.0,0.0,0.0,0.68
1261,0.1614,8.439482688903809,1.7966656743078296e-05,5762374.0,129.3125,111.25,158.5,0.0625,123.54166793823242,111.25,137.25,0.5,0.39433756470680237,0.5,0.39433756470680237,0.25,5.110908582806587,2.1270887553691864,0.0,0.0,0.0,0.0,0.0,0.68
1262,0.3126,3.5834736824035645,1.7936885977969635e-05,5767067.0,143.0625,114.75,185.25,0.125,132.5,114.75,165.25,0.6875,0.375,0.6875,0.375,0.25,8.057747576385736,2.5235160551965237,0.0,0.0,0.0,0.0,0.0,0.68
1263,0.1965,5.6747918128967285,1.7907115212860973e-05,5771656.0,120.5625,96.5,156.0,0.0625,112.4375,96.5,130.5,0.625,0.14433756470680237,0.625,0.14433756470680237,0.75,10.438928101211786,3.201567465439439,0.0,0.0,0.0,0.0,0.0,0.68
1264,0.1125,1.2132115364074707,1.7877344447752308e-05,5776683.0,148.4375,133.25,159.25,0.125,142.25,133.25,153.0,0.75,0.25,0.75,0.25,0.5,5.793848579749465,1.6773696951568127,0.0,0.0,0.0,0.0,0.0,0.68
1265,0.106,2.763101816177368,1.7847573682643647e-05,5780750.0,125.1875,97.0,154.25,0.125,110.1875,97.0,126.25,0.5625,0.125,0.5625,0.125,0.75,3.7273350954055786,1.211535468697548,0.0,0.0,0.0,0.0,0.0,0.68
1266,0.6536,1.6534712314605713,1.7817802917534982e-05,5785304.0,150.625,98.75,199.75,0.1875,127.66666793823242,98.75,159.75,0.5,0.39433756470680237,0.5,0.39433756470680237,0.25,14.517514325678349,4.176260221749544,0.0,0.0,0.0,0.0,0.0,0.68
1267,0.6153,2.886234760284424,1.7788032152426317e-05,5790303.0,171.4375,114.0,221.0,0.3125,140.0,114.0,174.75,0.5,0.28867512941360474,0.5,0.28867512941360474,0.5,15.27033805847168,4.396638084203005,0.0,0.0,0.0,0.0,0.0,0.68
1268,0.333,3.8029086589813232,1.7758261387317656e-05,5794768.0,138.0625,126.5,156.25,0.3125,68.0,62.5,76.25,0.375,0.14433756470680237,0.375,0.14433756470680237,0.75,11.224114365875721,3.294328633695841,0.0,0.0,0.0,0.0,0.0,0.68
1269,0.3835,2.8167028427124023,1.772849062220899e-05,5799138.0,126.875,96.5,173.0,0.125,111.60416984558105,96.5,130.75,0.625,0.14433756470680237,0.625,0.14433756470680237,0.75,13.91839499026537,4.1337526850402355,0.0,0.0,0.0,0.0,0.0,0.68
1270,0.1065,3.1205267906188965,1.769871985710033e-05,5802924.0,101.375,91.5,124.0,0.0,101.375,91.5,124.0,0.875,0.14433756470680237,0.875,0.14433756470680237,0.75,2.517437782138586,0.7739085964858532,0.0,0.0,0.0,0.0,0.0,0.68
1271,0.3877,5.554210662841797,1.7668949091991664e-05,5808151.0,183.6875,155.75,198.75,0.375,109.5,91.75,127.25,0.5625,0.125,0.5625,0.125,0.75,13.841997470706701,4.468291196972132,0.0,0.0,0.0,0.0,0.0,0.68
1272,0.4541,2.231414794921875,1.7639178326883003e-05,5812276.0,121.0625,88.5,169.75,0.125,102.8125,88.5,136.5,0.6875,0.26933756470680237,0.6875,0.26933756470680237,0.5,10.611944518983364,3.2615370620042086,0.0,0.0,0.0,0.0,0.0,0.68
1273,0.593,4.804240703582764,1.7609407561774338e-05,5817682.0,175.875,131.25,237.25,0.125,161.3125,131.25,212.5,0.1875,0.26933756470680237,0.1875,0.26933756470680237,0.5,21.214168161153793,6.322076991200447,0.0,0.0,0.0,0.0,0.0,0.68
1274,0.1296,3.5510919094085693,1.7579636796665673e-05,5822098.0,137.25,100.25,185.75,0.125,122.25000381469727,100.25,151.0,0.5,0.0,0.5,0.0,1.0,4.802814684808254,1.8808791004121304,0.0,0.0,0.0,0.0,0.0,0.68
1275,0.0624,0.07140635699033737,1.7549866031557012e-05,5825550.0,82.5,76.75,89.5,0.0,82.5,76.75,89.5,0.75,0.0,0.75,0.0,1.0,3.125792659819126,1.073274351656437,0.0,0.0,0.0,0.0,0.0,0.69
1276,0.1135,1.908076524734497,1.752009526644835e-05,5830528.0,170.125,141.75,199.25,0.1875,159.70833587646484,141.75,184.75,0.5625,0.125,0.5625,0.125,0.75,6.5162013582885265,2.6815025843679905,0.0,0.0,0.0,0.0,0.0,0.69
1277,0.5016,5.160778045654297,1.7490324501339686e-05,5835324.0,144.5,104.5,212.75,0.1875,115.04166793823242,104.5,135.75,0.4375,0.125,0.4375,0.125,0.75,9.868420667946339,3.6696955263614655,0.0,0.0,0.0,0.0,0.0,0.69
1278,-0.0293,1.4010077714920044,1.746055373623102e-05,5839107.0,101.9375,73.75,118.0,0.0,101.9375,73.75,118.0,0.625,0.25,0.625,0.25,0.5,3.0679708123207092,1.3161364644765854,0.0,0.0,0.0,0.0,0.0,0.69
1279,0.4038,6.009701728820801,1.743078297112236e-05,5843845.0,142.875,124.25,178.75,0.0,142.875,124.25,178.75,0.25,0.25,0.25,0.25,0.5,10.338796837255359,4.002960687503219,0.0,0.0,0.0,0.0,0.0,0.69
1280,0.0572,2.095811367034912,1.7401012206013694e-05,5848081.0,129.5,113.25,149.75,0.0,129.5,113.25,149.75,0.5625,0.125,0.5625,0.125,0.75,2.9570942409336567,1.4906347431242466,0.0,0.0,0.0,0.0,0.0,0.69
1281,0.0247,0.08062980324029922,1.737124144090503e-05,5852393.0,137.5,131.0,141.75,0.0625,137.0625,131.0,140.25,0.9375,0.125,0.9375,0.125,0.75,0.964327409863472,0.6137869469821453,0.0,0.0,0.0,0.0,0.0,0.69
1282,0.0049,0.027328820899128914,1.7341470675796368e-05,5856058.0,94.3125,92.75,95.25,0.0,94.3125,92.75,95.25,1.0,0.0,1.0,0.0,1.0,0.2427883855998516,0.10169296525418758,0.0,0.0,0.0,0.0,0.0,0.69
1283,0.3751,7.875547885894775,1.7311699910687707e-05,5860757.0,146.6875,115.75,192.5,0.0625,142.33333587646484,115.75,187.75,0.6875,0.41367512941360474,0.6875,0.41367512941360474,0.25,6.412469699978828,2.7098553143441677,0.0,0.0,0.0,0.0,0.0,0.69
1284,0.0914,0.7397248148918152,1.7281929145579042e-05,5864751.0,116.375,106.75,132.75,0.0625,112.83333587646484,106.75,119.0,0.6875,0.125,0.6875,0.125,0.75,2.170862838625908,0.9285634998232126,0.0,0.0,0.0,0.0,0.0,0.69
1285,0.0109,1.7590203285217285,1.725215838047038e-05,5868585.0,99.375,85.75,117.5,0.0,99.375,85.75,117.5,0.625,0.25,0.625,0.25,0.5,1.8725103437900543,0.8652484230697155,0.0,0.0,0.0,0.0,0.0,0.69
1286,0.1141,1.4598625898361206,1.7222387615361715e-05,5872549.0,116.5,91.75,150.0,0.0,116.5,91.75,150.0,0.5,0.0,0.5,0.0,1.0,4.287884335964918,1.7890185173600912,0.0,0.0,0.0,0.0,0.0,0.69
1287,0.3064,4.446139335632324,1.719261685025305e-05,5876394.0,103.8125,80.0,139.5,0.0,103.8125,80.0,139.5,0.75,0.28867512941360474,0.75,0.28867512941360474,0.5,4.949105221778154,2.1533021181821823,0.0,0.0,0.0,0.0,0.0,0.69
1288,0.1861,0.058974623680114746,1.716284608514439e-05,5881443.0,169.0625,122.25,199.75,0.25,135.33333587646484,122.25,143.25,0.5,0.0,0.5,0.0,1.0,9.14737193658948,3.189653029665351,0.0,0.0,0.0,0.0,0.0,0.69
1289,0.3287,10.166604995727539,1.7133075320035728e-05,5885329.0,108.125,92.25,142.75,0.0,108.125,92.25,142.75,0.875,0.25,0.875,0.25,0.5,4.381540857255459,1.4985560402274132,0.0,0.0,0.0,0.0,0.0,0.69
1290,0.0055,2.9442367553710938,1.7103304554927063e-05,5889936.0,135.1875,113.25,145.75,0.1875,118.125,113.25,123.0,0.6875,0.125,0.6875,0.125,0.75,2.6410087943077087,1.069481821730733,0.0,0.0,0.0,0.0,0.0,0.69
1291,0.0043,0.10082193464040756,1.7073533789818398e-05,5893878.0,106.375,98.75,114.75,0.0,106.375,98.75,114.75,1.0,0.0,1.0,0.0,1.0,0.21248184889554977,0.19830574840307236,0.0,0.0,0.0,0.0,0.0,0.69
1292,0.1875,1.8684395551681519,1.7043763024709736e-05,5898820.0,163.375,125.5,183.5,0.3125,131.5,125.5,138.5,0.375,0.14433756470680237,0.375,0.14433756470680237,0.75,10.675705686211586,4.187772735953331,0.0,0.0,0.0,0.0,0.0,0.69
1293,0.1287,0.019422072917222977,1.701399225960107e-05,5902561.0,105.5625,85.5,123.75,0.0625,99.83333587646484,85.5,120.75,0.75,0.0,0.75,0.0,1.0,6.4349736869335175,2.365237347781658,0.0,0.0,0.0,0.0,0.0,0.69
1294,0.186,2.524757146835327,1.6984221494492407e-05,5906914.0,123.0625,103.0,170.5,0.0625,114.0625,103.0,136.5,0.625,0.25,0.625,0.25,0.5,4.509978394955397,2.2426773943006992,0.0,0.0,0.0,0.0,0.0,0.7
1295,0.3307,0.22737634181976318,1.695445072938375e-05,5911178.0,124.0,97.25,152.5,0.125,111.0,97.25,129.0,0.8125,0.26933756470680237,0.8125,0.26933756470680237,0.5,4.8048047088086605,2.164649974554777,0.0,0.0,0.0,0.0,0.0,0.7
1296,0.3391,4.585617542266846,1.6924679964275084e-05,5915435.0,126.0625,96.5,176.5,0.125,109.37500381469727,96.5,119.0,0.8125,0.26933756470680237,0.8125,0.26933756470680237,0.5,4.385906778275967,2.1545363403856754,0.0,0.0,0.0,0.0,0.0,0.7
1297,-0.0028,0.661344587802887,1.689490919916642e-05,5919598.0,108.1875,101.0,115.0,0.0,108.1875,101.0,115.0,0.4375,0.125,0.4375,0.125,0.75,0.29183900356292725,0.24322546273469925,0.0,0.0,0.0,0.0,0.0,0.7
1298,0.0635,1.7114166021347046,1.6865138434057757e-05,5924579.0,152.3125,132.0,167.0,0.125,144.625,132.0,155.0,0.6875,0.125,0.6875,0.125,0.75,4.519116345793009,1.9162223376333714,0.0,0.0,0.0,0.0,0.0,0.7
1299,0.1395,0.03150549903512001,1.6835367668949093e-05,5928479.0,114.0,104.0,118.0,0.1875,105.375,104.0,106.5,0.75,0.0,0.75,0.0,1.0,6.969226982444525,2.659622486680746,0.0,0.0,0.0,0.0,0.0,0.7
1300,0.0033,0.017378587275743484,1.6805596903840428e-05,5932978.0,132.4375,126.25,143.75,0.0,132.4375,126.25,143.75,0.5,0.0,0.5,0.0,1.0,0.163771852850914,0.12983185425400734,0.0,0.0,0.0,0.0,0.0,0.7
1301,0.033,0.014421300031244755,1.6775826138731766e-05,5937464.0,134.375,118.75,153.75,0.0,134.375,118.75,153.75,0.5625,0.125,0.5625,0.125,0.75,1.6591962240636349,1.039543278515339,0.0,0.0,0.0,0.0,0.0,0.7
1302,0.2541,0.008004175499081612,1.6746055373623105e-05,5941722.0,128.875,113.75,163.75,0.0625,118.29166793823242,113.75,125.75,0.875,0.14433756470680237,0.875,0.14433756470680237,0.75,3.737078931182623,1.5946087399497628,0.0,0.0,0.0,0.0,0.0,0.7
1303,-0.0373,9.795489311218262,1.671628460851444e-05,5946183.0,124.5625,113.25,138.75,0.0,124.5625,113.25,138.75,0.8125,0.26933756470680237,0.8125,0.26933756470680237,0.5,2.73765179887414,1.3347087670117617,0.0,0.0,0.0,0.0,0.0,0.7
1304,0.004,0.020517857745289803,1.6686513843405775e-05,5949643.0,81.25,78.75,82.5,0.0,81.25,78.75,82.5,1.0,0.0,1.0,0.0,1.0,0.19758527353405952,0.15267707407474518,0.0,0.0,0.0,0.0,0.0,0.7
1305,0.3112,3.5937063694000244,1.6656743078297114e-05,5954409.0,150.875,114.25,194.75,0.0625,146.16666793823242,114.25,176.5,0.375,0.25,0.375,0.25,0.5,12.221667610108852,5.163048684597015,0.0,0.0,0.0,0.0,0.0,0.7
1306,0.1255,2.18202805519104,1.662697231318845e-05,5958686.0,123.0625,105.25,140.75,0.0625,118.04166793823242,105.25,126.0,0.75,0.25,0.75,0.25,0.5,2.3251842707395554,1.1922841891646385,0.0,0.0,0.0,0.0,0.0,0.7
1307,0.0531,0.01569988764822483,1.6597201548079784e-05,5962808.0,121.875,112.5,129.5,0.0,121.875,112.5,129.5,0.9375,0.125,0.9375,0.125,0.75,1.7641861736774445,0.7277285978198051,0.0,0.0,0.0,0.0,0.0,0.7
1308,0.1417,2.6843276023864746,1.6567430782971126e-05,5968107.0,163.1875,137.25,177.0,0.125,155.375,137.25,172.75,0.75,0.28867512941360474,0.75,0.28867512941360474,0.5,3.6504506710916758,1.6440093014389277,0.0,0.0,0.0,0.0,0.0,0.7
1309,0.1242,1.5902879238128662,1.653766001786246e-05,5972746.0,147.1875,102.0,179.25,0.0625,142.0625,102.0,172.25,0.6875,0.375,0.6875,0.375,0.25,4.883650630712509,1.9732145182788372,0.0,0.0,0.0,0.0,0.0,0.7
1310,0.4598,3.8855526447296143,1.6507889252753796e-05,5977670.0,165.25,99.25,215.5,0.375,116.58333396911621,99.25,129.0,0.3125,0.125,0.3125,0.125,0.75,16.252855505794287,6.074534565210342,0.0,0.0,0.0,0.0,0.0,0.7
1311,0.3415,3.7818024158477783,1.6478118487645135e-05,5982085.0,131.1875,100.5,175.25,0.125,118.50000381469727,100.5,143.75,0.6875,0.26933756470680237,0.6875,0.26933756470680237,0.5,9.229192927479744,3.6902991607785225,0.0,0.0,0.0,0.0,0.0,0.7
1312,0.5337,0.026557976379990578,1.644834772253647e-05,5986021.0,110.75,84.5,159.25,0.0625,101.625,84.5,137.25,0.8125,0.26933756470680237,0.8125,0.26933756470680237,0.5,7.3152423575520515,2.6305891796946526,0.0,0.0,0.0,0.0,0.0,0.71
1313,0.4282,6.9711809158325195,1.6418576957427805e-05,5990763.0,146.625,118.25,196.5,0.125,136.95833587646484,118.25,170.75,0.5625,0.375,0.5625,0.375,0.25,9.958069905638695,3.6153668761253357,0.0,0.0,0.0,0.0,0.0,0.71
1314,0.2613,6.718308448791504,1.6388806192319144e-05,5994505.0,106.875,86.25,132.75,0.0,106.875,86.25,132.75,0.75,0.39433756470680237,0.75,0.39433756470680237,0.25,7.7535644099116325,2.780660405755043,0.0,0.0,0.0,0.0,0.0,0.71
1315,0.4602,4.399374961853027,1.6359035427210482e-05,5999277.0,157.75,119.0,202.25,0.1875,136.875,119.0,155.75,0.5625,0.375,0.5625,0.375,0.25,12.880808211863041,4.3614137172698975,0.0,0.0,0.0,0.0,0.0,0.71
1316,0.5878,6.948792934417725,1.6329264662101817e-05,6003299.0,111.125,86.5,170.5,0.125,91.64583396911621,86.5,98.0,0.875,0.25,0.875,0.25,0.5,6.729291021823883,2.2333609871566296,0.0,0.0,0.0,0.0,0.0,0.71
1317,0.0024,2.035550355911255,1.6299493896993152e-05,6007078.0,102.4375,93.0,109.75,0.0,102.4375,93.0,109.75,0.6875,0.26933756470680237,0.6875,0.26933756470680237,0.5,1.944390419870615,1.1634585708379745,0.0,0.0,0.0,0.0,0.0,0.71
1318,0.5651,4.552534103393555,1.626972313188449e-05,6011690.0,146.75,92.25,203.0,0.125,132.97916793823242,92.25,179.75,0.4375,0.26933756470680237,0.4375,0.26933756470680237,0.5,18.330248437821865,4.734360620379448,0.0,0.0,0.0,0.0,0.0,0.71
1319,0.6044,2.7796709537506104,1.6239952366775826e-05,6017266.0,194.25,181.5,210.5,0.5,66.25,53.5,82.5,0.375,0.39433756470680237,0.375,0.39433756470680237,0.25,24.441375732421875,6.17307710647583,0.0,0.0,0.0,0.0,0.0,0.71
1320,0.637,7.020912170410156,1.621018160166716e-05,6022387.0,170.8125,107.25,223.25,0.3125,137.0625,107.25,173.0,0.375,0.39433756470680237,0.375,0.39433756470680237,0.25,22.72570252418518,5.732473909854889,0.0,0.0,0.0,0.0,0.0,0.71
1321,0.598,8.279031753540039,1.6180410836558503e-05,6028297.0,221.125,185.0,256.0,0.6875,69.83333587646484,57.0,81.75,0.0625,0.125,0.0625,0.125,0.75,28.149455547332764,6.519413352012634,0.0,0.0,0.0,0.0,0.0,0.71
1322,0.5162,6.725000858306885,1.6150640071449838e-05,6033498.0,185.0625,129.75,224.0,0.4375,136.70833587646484,129.75,150.0,0.3125,0.125,0.3125,0.125,0.75,20.173785749822855,5.437098801136017,0.0,0.0,0.0,0.0,0.0,0.71
1323,0.2293,3.5886311531066895,1.6120869306341173e-05,6038674.0,167.0,123.5,220.75,0.1875,149.0833396911621,123.5,180.5,0.4375,0.26933756470680237,0.4375,0.26933756470680237,0.5,10.82378639280796,2.698257729411125,0.0,0.0,0.0,0.0,0.0,0.71
1324,0.293,0.01526689063757658,1.6091098541232512e-05,6043835.0,165.8125,140.0,184.5,0.1875,152.3125,140.0,166.5,0.6875,0.26933756470680237,0.6875,0.26933756470680237,0.5,9.980450425297022,2.466855440288782,0.0,0.0,0.0,0.0,0.0,0.71
1325,0.5299,6.615860939025879,1.6061327776123847e-05,6048756.0,163.5625,139.0,201.25,0.25,145.22916793823242,139.0,148.25,0.6875,0.125,0.6875,0.125,0.75,12.572334297001362,3.662457963451743,0.0,0.0,0.0,0.0,0.0,0.71
1326,0.1163,2.9606356620788574,1.6031557011015182e-05,6053258.0,133.625,81.0,181.5,0.125,118.16666984558105,81.0,139.5,0.5,0.25,0.5,0.25,0.5,8.857618384063244,2.696678936481476,0.0,0.0,0.0,0.0,0.0,0.71
1327,0.2467,0.503570020198822,1.600178624590652e-05,6058098.0,154.5,97.0,193.25,0.25,121.6875,97.0,145.5,0.5,0.0,0.5,0.0,1.0,11.78036318719387,3.8770327903330326,0.0,0.0,0.0,0.0,0.0,0.71
1328,0.1076,2.505680799484253,1.597201548079786e-05,6062758.0,144.75,124.0,158.75,0.1875,135.5625,124.0,146.5,0.625,0.14433756470680237,0.625,0.14433756470680237,0.75,4.187129013240337,1.535151794552803,0.0,0.0,0.0,0.0,0.0,0.71
1329,0.1409,5.142272472381592,1.5942244715689194e-05,6067115.0,139.5625,133.5,143.25,0.1875,134.5,133.5,136.5,0.75,0.0,0.75,0.0,1.0,7.022909812629223,2.2317847656086087,0.0,0.0,0.0,0.0,0.0,0.71
1330,0.1361,5.728864669799805,1.591247395058053e-05,6070818.0,87.6875,77.75,99.75,0.0,87.6875,77.75,99.75,0.625,0.25,0.625,0.25,0.5,1.5146047472953796,0.6669564470648766,0.0,0.0,0.0,0.0,0.0,0.71
1331,0.0244,0.7590785622596741,1.5882703185471868e-05,6075402.0,143.0,133.0,152.25,0.125,134.375,133.0,135.25,0.75,0.0,0.75,0.0,1.0,1.2209577113389969,0.43883349746465683,0.0,0.0,0.0,0.0,0.0,0.72
1332,0.3221,3.4764926433563232,1.5852932420363203e-05,6080924.0,189.375,134.5,223.5,0.5,93.0625,70.5,114.75,0.375,0.14433756470680237,0.375,0.14433756470680237,0.75,14.2877431884408,5.362113576382399,0.0,0.0,0.0,0.0,0.0,0.72
1333,0.2326,0.03442760556936264,1.582316165525454e-05,6085207.0,122.6875,107.25,154.5,0.0,122.6875,107.25,154.5,0.75,0.25,0.75,0.25,0.5,4.998493988066912,2.1842806935310364,0.0,0.0,0.0,0.0,0.0,0.72
1334,0.0459,1.022304892539978,1.579339089014588e-05,6089714.0,139.1875,120.25,163.25,0.125,131.25000381469727,120.25,141.75,0.625,0.14433756470680237,0.625,0.14433756470680237,0.75,1.7316287159919739,0.7747981604188681,0.0,0.0,0.0,0.0,0.0,0.72
1335,0.0035,0.021368423476815224,1.5763620125037215e-05,6094012.0,127.875,126.5,129.75,0.0,127.875,126.5,129.75,1.0,0.0,1.0,0.0,1.0,0.1769963689148426,0.06692657619714737,0.0,0.0,0.0,0.0,0.0,0.72
1336,-0.0854,1.2065709829330444,1.573384935992855e-05,6097954.0,106.875,91.25,115.5,0.0,106.875,91.25,115.5,0.9375,0.125,0.9375,0.125,0.75,0.23518558591604233,0.08413650281727314,0.0,0.0,0.0,0.0,0.0,0.72
1337,0.005,0.0481543131172657,1.570407859481989e-05,6101932.0,91.625,84.25,101.25,0.0,91.625,84.25,101.25,0.5,0.0,0.5,0.0,1.0,0.2520139813423157,0.13752810843288898,0.0,0.0,0.0,0.0,0.0,0.72
1338,0.0422,0.026686720550060272,1.5674307829711224e-05,6105719.0,100.1875,85.5,126.75,0.0625,91.89583396911621,85.5,97.5,0.75,0.0,0.75,0.0,1.0,1.8656776957213879,1.0413531512022018,0.0,0.0,0.0,0.0,0.0,0.72
1339,0.0049,0.01980038359761238,1.564453706460256e-05,6109425.0,90.375,83.75,93.0,0.0,90.375,83.75,93.0,1.0,0.0,1.0,0.0,1.0,0.24664146453142166,0.07037926092743874,0.0,0.0,0.0,0.0,0.0,0.72
1340,0.1644,1.137460708618164,1.5614766299493898e-05,6115355.0,198.875,175.5,209.25,0.4375,120.4375,111.5,126.0,0.25,0.39433756470680237,0.25,0.39433756470680237,0.25,5.64106709510088,3.030405417084694,0.0,0.0,0.0,0.0,0.0,0.72
1341,0.1311,3.6882669925689697,1.5584995534385236e-05,6119661.0,129.625,109.75,149.75,0.0,129.625,109.75,149.75,0.875,0.14433756470680237,0.875,0.14433756470680237,0.75,2.0836463794112206,1.0278880894184113,0.0,0.0,0.0,0.0,0.0,0.72
1342,-0.0386,2.9714956283569336,1.555522476927657e-05,6123309.0,90.25,78.5,98.5,0.0,90.25,78.5,98.5,0.25,0.28867512941360474,0.25,0.28867512941360474,0.5,0.28541671112179756,0.11055370233952999,0.0,0.0,0.0,0.0,0.0,0.72
1343,0.1156,0.15404479205608368,1.5525454004167907e-05,6126853.0,94.5,81.25,107.75,0.0,94.5,81.25,107.75,0.9375,0.125,0.9375,0.125,0.75,1.6754034347832203,0.8509002644568682,0.0,0.0,0.0,0.0,0.0,0.72
1344,0.0034,0.03969132527709007,1.5495683239059245e-05,6130894.0,107.3125,105.25,108.5,0.0,107.3125,105.25,108.5,1.0,0.0,1.0,0.0,1.0,0.16910478845238686,0.048049962148070335,0.0,0.0,0.0,0.0,0.0,0.72
1345,0.1653,2.928744316101074,1.546591247395058e-05,6135181.0,125.9375,94.5,171.75,0.0625,113.7916669845581,94.5,126.75,0.6875,0.26933756470680237,0.6875,0.26933756470680237,0.5,1.961939588189125,1.0615457650274038,0.0,0.0,0.0,0.0,0.0,0.72
1346,0.4758,0.025871293619275093,1.5436141708841916e-05,6140038.0,141.5625,125.5,173.0,0.1875,139.6875,125.5,170.5,0.6875,0.125,0.6875,0.125,0.75,8.020501501858234,3.568123834207654,0.0,0.0,0.0,0.0,0.0,0.72
1347,0.0048,0.0669080838561058,1.5406370943733258e-05,6143953.0,118.9375,115.25,126.5,0.0,118.9375,115.25,126.5,1.0,0.0,1.0,0.0,1.0,0.23909670487046242,0.14722997974604368,0.0,0.0,0.0,0.0,0.0,0.72
1348,0.0696,0.8220446705818176,1.5376600178624593e-05,6148950.0,152.3125,116.0,171.0,0.1875,136.5625,116.0,150.0,0.4375,0.125,0.4375,0.125,0.75,3.4408062025904655,1.8440361134707928,0.0,0.0,0.0,0.0,0.0,0.72
1349,0.0156,0.012313613668084145,1.5346829413515928e-05,6153205.0,130.9375,120.0,138.0,0.0,130.9375,120.0,138.0,0.875,0.14433756470680237,0.875,0.14433756470680237,0.75,2.3898990340530872,1.1289505064487457,0.0,0.0,0.0,0.0,0.0,0.72
1350,0.2204,1.6504886150360107,1.5317058648407266e-05,6158434.0,167.5625,137.75,198.5,0.1875,153.6458339691162,137.75,171.75,0.375,0.25,0.375,0.25,0.5,3.7514090165495872,1.8304543625563383,0.0,0.0,0.0,0.0,0.0,0.73
1351,0.0033,0.04734162241220474,1.52872878832986e-05,6163048.0,129.125,120.0,139.0,0.0,129.125,120.0,139.0,0.75,0.0,0.75,0.0,1.0,0.16586834378540516,0.10013794340193272,0.0,0.0,0.0,0.0,0.0,0.73
1352,0.2698,6.944694519042969,1.5257517118189937e-05,6167607.0,146.9375,121.5,189.75,0.125,133.95833587646484,121.5,148.75,0.5,0.25,0.5,0.25,0.5,4.719369567930698,1.720055378973484,0.0,0.0,0.0,0.0,0.0,0.73
1353,0.1354,3.904226779937744,1.5227746353081273e-05,6172317.0,148.125,143.0,150.75,0.25,84.125,79.0,86.75,0.5625,0.125,0.5625,0.125,0.75,5.593089144676924,2.2511678375303745,0.0,0.0,0.0,0.0,0.0,0.73
1354,-0.021,6.126497745513916,1.5197975587972612e-05,6176429.0,102.75,76.5,131.0,0.0625,96.02083587646484,76.5,130.25,0.8125,0.125,0.8125,0.125,0.75,4.502833753824234,1.5714239440858364,0.0,0.0,0.0,0.0,0.0,0.73
1355,0.1156,0.045681875199079514,1.5168204822863949e-05,6180627.0,119.625,103.5,131.0,0.0,119.625,103.5,131.0,0.8125,0.125,0.8125,0.125,0.75,2.9945340864360332,1.3608272038400173,0.0,0.0,0.0,0.0,0.0,0.73
1356,0.2596,6.922731399536133,1.5138434057755286e-05,6185219.0,140.75,120.5,181.5,0.125,128.10416793823242,120.5,133.0,0.75,0.25,0.75,0.25,0.5,3.370760925114155,1.2830555215477943,0.0,0.0,0.0,0.0,0.0,0.73
1357,0.3142,1.5146517753601074,1.510866329264662e-05,6189902.0,151.6875,113.25,164.75,0.1875,114.375,113.25,115.0,0.5625,0.125,0.5625,0.125,0.75,6.436827372759581,2.141985789872706,0.0,0.0,0.0,0.0,0.0,0.73
1358,0.0394,1.2732008695602417,1.5078892527537958e-05,6195258.0,179.75,170.25,205.75,0.3125,107.60416793823242,106.25,109.25,0.25,0.0,0.25,0.0,1.0,1.6611278466880322,0.81332834251225,0.0,0.0,0.0,0.0,0.0,0.73
1359,0.199,2.8568661212921143,1.5049121762429295e-05,6199881.0,133.4375,103.25,160.0,0.0625,126.75,103.25,150.0,0.6875,0.26933756470680237,0.6875,0.26933756470680237,0.5,7.518033973872662,2.7791369184851646,0.0,0.0,0.0,0.0,0.0,0.73
1360,0.0581,3.5837481021881104,1.5019350997320633e-05,6203792.0,108.6875,89.5,144.75,0.0625,98.33333396911621,89.5,108.25,0.5625,0.125,0.5625,0.125,0.75,5.194075085222721,2.2402093820273876,0.0,0.0,0.0,0.0,0.0,0.73
1361,0.3073,2.081390142440796,1.498958023221197e-05,6208471.0,146.4375,123.25,208.75,0.125,126.41666793823242,123.25,129.25,0.6875,0.125,0.6875,0.125,0.75,5.470604665577412,1.8433576673269272,0.0,0.0,0.0,0.0,0.0,0.73
1362,0.161,3.6992344856262207,1.4959809467103305e-05,6213392.0,155.3125,105.75,203.25,0.125,134.3125,105.75,163.75,0.375,0.14433756470680237,0.375,0.14433756470680237,0.75,10.383300736546516,4.213706519454718,0.0,0.0,0.0,0.0,0.0,0.73
1363,0.0039,0.032753799110651016,1.4930038701994642e-05,6217571.0,114.4375,104.0,133.75,0.0,114.4375,104.0,133.75,1.0,0.0,1.0,0.0,1.0,0.19646929949522018,0.07981340773403645,0.0,0.0,0.0,0.0,0.0,0.73
1364,0.0447,1.5400407314300537,1.4900267936885979e-05,6221788.0,122.0625,105.75,136.0,0.0,122.0625,105.75,136.0,0.5,0.0,0.5,0.0,1.0,2.233833182603121,0.8333181701600552,0.0,0.0,0.0,0.0,0.0,0.73
1365,0.0046,0.07080095261335373,1.4870497171777314e-05,6226186.0,116.125,111.5,120.25,0.0,116.125,111.5,120.25,0.9375,0.125,0.9375,0.125,0.75,0.2314041629433632,0.21416315995156765,0.0,0.0,0.0,0.0,0.0,0.73
1366,-0.1018,1.9285175800323486,1.484072640666865e-05,6230479.0,128.3125,102.25,149.0,0.0,128.3125,102.25,149.0,0.5625,0.26933756470680237,0.5625,0.26933756470680237,0.5,0.26612184196710587,0.13212943822145462,0.0,0.0,0.0,0.0,0.0,0.73
1367,0.0578,1.8366297483444214,1.481095564155999e-05,6234637.0,141.875,116.0,171.5,0.0625,134.58333587646484,116.0,149.75,0.8125,0.125,0.8125,0.125,0.75,2.16583414375782,1.0343513563275337,0.0,0.0,0.0,0.0,0.0,0.73
1368,0.0048,0.10264339298009872,1.4781184876451326e-05,6238773.0,113.0,103.5,121.75,0.0,113.0,103.5,121.75,1.0,0.0,1.0,0.0,1.0,0.24331901967525482,0.08981396909803152,0.0,0.0,0.0,0.0,0.0,0.74
1369,-0.0678,1.467972755432129,1.4751414111342663e-05,6243041.0,121.0,75.25,152.0,0.125,99.1875,75.25,110.75,0.6875,0.125,0.6875,0.125,0.75,4.501590378582478,1.6782692316919565,0.0,0.0,0.0,0.0,0.0,0.74
1370,-0.0122,0.048393361270427704,1.4721643346233998e-05,6247242.0,120.3125,115.0,123.25,0.0,120.3125,115.0,123.25,0.9375,0.125,0.9375,0.125,0.75,0.23346298187971115,0.08691428788006306,0.0,0.0,0.0,0.0,0.0,0.74
1371,0.2614,3.0747194290161133,1.4691872581125335e-05,6251609.0,130.6875,112.5,166.5,0.0625,121.60416793823242,112.5,131.5,0.625,0.14433756470680237,0.625,0.14433756470680237,0.75,7.11996453255415,2.5987458592280746,0.0,0.0,0.0,0.0,0.0,0.74
1372,-0.0134,0.4040665924549103,1.4662101816016672e-05,6255415.0,113.375,88.5,156.75,0.0625,102.9375,88.5,115.0,0.375,0.14433756470680237,0.375,0.14433756470680237,0.75,5.324336960911751,1.7766796462237835,0.0,0.0,0.0,0.0,0.0,0.74
1373,0.0035,0.96856290102005,1.463233105090801e-05,6259595.0,114.0,112.75,117.0,0.0,114.0,112.75,117.0,0.6875,0.125,0.6875,0.125,0.75,0.17599107697606087,0.05720546841621399,0.0,0.0,0.0,0.0,0.0,0.74
1374,0.0943,1.3490071296691895,1.4602560285799347e-05,6263840.0,123.3125,112.25,141.25,0.0,123.3125,112.25,141.25,0.6875,0.125,0.6875,0.125,0.75,2.028754498809576,0.8054545409977436,0.0,0.0,0.0,0.0,0.0,0.74
1375,0.0531,0.33121511340141296,1.4572789520690682e-05,6268091.0,129.1875,109.75,147.25,0.0625,124.54166793823242,109.75,137.25,0.3125,0.125,0.3125,0.125,0.75,1.554988868534565,0.6659124474972486,0.0,0.0,0.0,0.0,0.0,0.74
1376,0.1403,1.6472258567810059,1.4543018755582019e-05,6272654.0,131.1875,104.5,159.25,0.0625,125.9375,104.5,149.0,0.5,0.25,0.5,0.25,0.5,2.253845412284136,0.9352604001760483,0.0,0.0,0.0,0.0,0.0,0.74
1377,0.0865,1.2040554285049438,1.4513247990473356e-05,6276254.0,95.25,88.25,109.25,0.0,95.25,88.25,109.25,0.9375,0.125,0.9375,0.125,0.75,0.23471767827868462,0.06470116786658764,0.0,0.0,0.0,0.0,0.0,0.74
1378,0.0518,0.011067141778767109,1.4483477225364691e-05,6280238.0,113.5,82.25,128.25,0.1875,88.0,82.25,94.25,0.75,0.0,0.75,0.0,1.0,2.735261805355549,1.4732229225337505,0.0,0.0,0.0,0.0,0.0,0.74
1379,0.0353,0.01400317344814539,1.4453706460256028e-05,6283654.0,88.0,82.75,93.5,0.0,88.0,82.75,93.5,0.875,0.14433756470680237,0.875,0.14433756470680237,0.75,1.6450699344277382,0.8736120536923409,0.0,0.0,0.0,0.0,0.0,0.74
1380,0.086,3.06740665435791,1.4423935695147366e-05,6287267.0,90.3125,79.75,95.0,0.0,90.3125,79.75,95.0,0.8125,0.125,0.8125,0.125,0.75,0.5244655087590218,0.26000595558434725,0.0,0.0,0.0,0.0,0.0,0.74
1381,0.0053,0.07371059060096741,1.4394164930038703e-05,6291743.0,117.5,113.5,126.25,0.0,117.5,113.5,126.25,1.0,0.0,1.0,0.0,1.0,0.26432619616389275,0.058016806840896606,0.0,0.0,0.0,0.0,0.0,0.74
1382,0.0045,0.04607953131198883,1.436439416493004e-05,6295617.0,102.125,97.25,108.0,0.0,102.125,97.25,108.0,1.0,0.0,1.0,0.0,1.0,0.2262113131582737,0.05630614794790745,0.0,0.0,0.0,0.0,0.0,0.74
1383,-0.0203,1.3265501260757446,1.4334623399821375e-05,6299696.0,119.9375,108.75,129.0,0.0,119.9375,108.75,129.0,0.9375,0.125,0.9375,0.125,0.75,0.6079693920910358,0.27129158936440945,0.0,0.0,0.0,0.0,0.0,0.74
1384,0.0837,4.521021842956543,1.4304852634712712e-05,6305092.0,181.75,141.5,210.75,0.125,176.0625,141.5,201.75,0.4375,0.26933756470680237,0.4375,0.26933756470680237,0.5,1.865039836615324,1.3789322338998318,0.0,0.0,0.0,0.0,0.0,0.74
1385,0.111,0.02897159941494465,1.4275081869604049e-05,6308850.0,102.125,90.25,128.0,0.0625,93.66666793823242,90.25,100.0,0.8125,0.125,0.8125,0.125,0.75,1.5592447593808174,0.7397682694718242,0.0,0.0,0.0,0.0,0.0,0.74
1386,0.0045,0.101949542760849,1.4245311104495387e-05,6312905.0,108.1875,101.0,112.25,0.0,108.1875,101.0,112.25,1.0,0.0,1.0,0.0,1.0,0.2249695137143135,0.06904618535190821,0.0,0.0,0.0,0.0,0.0,0.74
1387,-0.0553,1.7199747562408447,1.4215540339386724e-05,6317122.0,110.5625,88.5,142.0,0.0,110.5625,88.5,142.0,0.625,0.25,0.625,0.25,0.5,0.2790323607623577,0.24652701150625944,0.0,0.0,0.0,0.0,0.0,0.75
1388,0.1208,3.2639920711517334,1.418576957427806e-05,6322039.0,142.8125,120.5,162.0,0.0625,138.64583587646484,120.5,150.75,0.6875,0.26933756470680237,0.6875,0.26933756470680237,0.5,0.8055010885000229,0.4538486283272505,0.0,0.0,0.0,0.0,0.0,0.75
1389,0.0886,0.022160127758979797,1.4155998809169396e-05,6325929.0,104.875,88.25,129.5,0.0,104.875,88.25,129.5,0.3125,0.125,0.3125,0.125,0.75,1.311069704592228,0.7115798899903893,0.0,0.0,0.0,0.0,0.0,0.75
1390,0.1239,0.019285162910819054,1.4126228044060733e-05,6330101.0,127.75,110.75,135.0,0.125,121.1875,110.75,131.75,0.75,0.0,0.75,0.0,1.0,6.222554709762335,2.7154826940968633,0.0,0.0,0.0,0.0,0.0,0.75
1391,0.0272,1.2245079278945923,1.4096457278952068e-05,6334127.0,113.875,103.75,141.5,0.0,113.875,103.75,141.5,0.625,0.14433756470680237,0.625,0.14433756470680237,0.75,1.752689803019166,0.9505104646086693,0.0,0.0,0.0,0.0,0.0,0.75
1392,0.1236,2.3486881256103516,1.4066686513843405e-05,6338332.0,135.3125,118.25,162.75,0.0625,129.47916793823242,118.25,144.75,0.8125,0.125,0.8125,0.125,0.75,3.516938593238592,1.6622129622846842,0.0,0.0,0.0,0.0,0.0,0.75
1393,0.0775,0.5330907702445984,1.4036915748734744e-05,6342346.0,114.375,94.75,125.5,0.1875,99.5625,94.75,105.75,0.75,0.0,0.75,0.0,1.0,3.7846444472670555,2.3165201684460044,0.0,0.0,0.0,0.0,0.0,0.75
1394,0.035,1.3110742568969727,1.400714498362608e-05,6346809.0,120.9375,110.75,139.25,0.0,120.9375,110.75,139.25,0.75,0.0,0.75,0.0,1.0,1.6808589808642864,1.1638035215437412,0.0,0.0,0.0,0.0,0.0,0.75
1395,0.0053,0.07929137349128723,1.3977374218517417e-05,6351107.0,123.625,117.0,137.75,0.0625,119.35416793823242,117.0,121.25,0.75,0.0,0.75,0.0,1.0,0.2620568200945854,0.16630546376109123,0.0,0.0,0.0,0.0,0.0,0.75
1396,0.0266,0.01445629820227623,1.3947603453408752e-05,6354788.0,90.5625,90.0,91.25,0.0,90.5625,90.0,91.25,0.9375,0.125,0.9375,0.125,0.75,1.0497730933129787,0.5404823450371623,0.0,0.0,0.0,0.0,0.0,0.75
1397,0.0058,1.0156458616256714,1.391783268830009e-05,6359438.0,142.625,121.25,172.0,0.0,142.625,121.25,172.0,0.6875,0.125,0.6875,0.125,0.75,1.3438396528363228,0.8166866917163134,0.0,0.0,0.0,0.0,0.0,0.75
1398,0.0676,1.8818873167037964,1.3888061923191426e-05,6364014.0,138.0,108.0,157.75,0.125,124.0625,108.0,136.75,0.5,0.28867512941360474,0.5,0.28867512941360474,0.5,3.0233833976089954,1.9897611010819674,0.0,0.0,0.0,0.0,0.0,0.75
1399,0.0053,0.02992221899330616,1.3858291158082765e-05,6367685.0,92.1875,91.25,93.5,0.0,92.1875,91.25,93.5,1.0,0.0,1.0,0.0,1.0,0.2630855590105057,0.08380342740565538,0.0,0.0,0.0,0.0,0.0,0.75
1400,0.0039,0.0192441176623106,1.3828520392974102e-05,6371895.0,117.125,108.0,121.75,0.0,117.125,108.0,121.75,1.0,0.0,1.0,0.0,1.0,0.19515728205442429,0.07792440243065357,0.0,0.0,0.0,0.0,0.0,0.75
1401,0.0097,1.1990635395050049,1.3798749627865437e-05,6375668.0,98.8125,94.75,101.25,0.0,98.8125,94.75,101.25,0.625,0.14433756470680237,0.625,0.14433756470680237,0.75,0.25393763929605484,0.1428144215606153,0.0,0.0,0.0,0.0,0.0,0.75
1402,0.0044,0.07949554920196533,1.3768978862756774e-05,6379933.0,127.3125,121.5,134.75,0.0,127.3125,121.5,134.75,0.75,0.0,0.75,0.0,1.0,0.21777676045894623,0.1343226507306099,0.0,0.0,0.0,0.0,0.0,0.75
1403,0.2589,5.547635078430176,1.373920809764811e-05,6384302.0,118.0625,98.0,151.25,0.0,118.0625,98.0,151.25,0.9375,0.125,0.9375,0.125,0.75,1.568124819546938,1.1853358782827854,0.0,0.0,0.0,0.0,0.0,0.75
1404,0.1388,1.1693581342697144,1.3709437332539446e-05,6388907.0,147.3125,121.0,167.5,0.125,134.4375,121.0,148.0,0.6875,0.26933756470680237,0.6875,0.26933756470680237,0.5,1.5408528111875057,1.0676758801564574,0.0,0.0,0.0,0.0,0.0,0.75
1405,0.0948,1.6677038669586182,1.3679666567430786e-05,6392747.0,100.0,74.5,137.75,0.0625,89.41666793823242,74.5,97.75,0.5,0.25,0.5,0.25,0.5,2.7757336981594563,1.6258798986673355,0.0,0.0,0.0,0.0,0.0,0.75
1406,0.0187,0.5777216553688049,1.3649895802322121e-05,6396693.0,112.375,103.5,119.5,0.125,105.25,103.5,107.0,0.75,0.0,0.75,0.0,1.0,0.8566750437021255,0.621400997042656,0.0,0.0,0.0,0.0,0.0,0.76
1407,0.0451,1.7516179084777832,1.3620125037213458e-05,6401335.0,137.875,130.5,147.5,0.0625,135.20833587646484,130.5,141.75,0.5625,0.125,0.5625,0.125,0.75,1.2173544391989708,0.7841534335166216,0.0,0.0,0.0,0.0,0.0,0.76
1408,0.0031,0.007085604127496481,1.3590354272104795e-05,6405723.0,132.0,117.25,137.25,0.0,132.0,117.25,137.25,1.0,0.0,1.0,0.0,1.0,0.15658213570713997,0.05970214959233999,0.0,0.0,0.0,0.0,0.0,0.76
1409,0.1621,5.201634407043457,1.356058350699613e-05,6409766.0,116.4375,95.25,138.25,0.0,116.4375,95.25,138.25,0.6875,0.26933756470680237,0.6875,0.26933756470680237,0.5,2.9965316485613585,2.1781358839944005,0.0,0.0,0.0,0.0,0.0,0.76
1410,0.006,1.5205320119857788,1.3530812741887467e-05,6413452.0,95.875,93.0,97.75,0.0,95.875,93.0,97.75,0.8125,0.125,0.8125,0.125,0.75,0.21970369294285774,0.10807079076766968,0.0,0.0,0.0,0.0,0.0,0.76
1411,-0.153,1.4681957960128784,1.3501041976778803e-05,6418589.0,159.0625,104.75,187.0,0.0,159.0625,104.75,187.0,0.4375,0.41367512941360474,0.4375,0.41367512941360474,0.25,1.786081476137042,0.9659655969589949,0.0,0.0,0.0,0.0,0.0,0.76
1412,0.0641,2.2115440368652344,1.3471271211670142e-05,6423033.0,134.5,107.75,149.0,0.1875,114.625,107.75,122.5,0.0625,0.125,0.0625,0.125,0.75,2.773937128484249,2.1077786162495613,0.0,0.0,0.0,0.0,0.0,0.76
1413,0.029,0.928981602191925,1.3441500446561479e-05,6427837.0,155.25,138.5,182.25,0.125,146.47916793823242,138.5,158.75,0.3125,0.125,0.3125,0.125,0.75,2.3596316128969193,1.6920234384015203,0.0,0.0,0.0,0.0,0.0,0.76
1414,0.0509,0.6448366045951843,1.3411729681452814e-05,6432589.0,148.0,127.0,161.0,0.1875,137.3125,127.0,146.75,0.25,0.0,0.25,0.0,1.0,2.6030613854527473,1.495552665553987,0.0,0.0,0.0,0.0,0.0,0.76
1415,0.4846,10.186532020568848,1.338195891634415e-05,6437074.0,143.0625,101.75,190.5,0.1875,127.3125,101.75,169.5,0.6875,0.375,0.6875,0.375,0.25,3.2413652054965496,2.1409470457583666,0.0,0.0,0.0,0.0,0.0,0.76
1416,0.0331,0.06446798145771027,1.3352188151235488e-05,6440954.0,106.25,100.5,115.5,0.0,106.25,100.5,115.5,0.9375,0.125,0.9375,0.125,0.75,0.21514292806386948,0.112434396520257,0.0,0.0,0.0,0.0,0.0,0.76
1417,0.0733,0.16399554908275604,1.3322417386126823e-05,6445455.0,132.5625,116.5,147.25,0.125,120.6875,116.5,125.5,0.75,0.0,0.75,0.0,1.0,3.6669567860662937,2.4037307612597942,0.0,0.0,0.0,0.0,0.0,0.76
1418,0.3539,10.704106330871582,1.3292646621018163e-05,6448948.0,86.5625,67.25,128.25,0.0625,74.75,67.25,82.0,0.9375,0.125,0.9375,0.125,0.75,1.6102750338613987,1.0303596816956997,0.0,0.0,0.0,0.0,0.0,0.76
1419,0.103,0.016884656623005867,1.3262875855909498e-05,6453370.0,131.375,99.25,173.0,0.0625,123.5,99.25,149.0,0.5,0.0,0.5,0.0,1.0,4.730335857719183,2.8332044295966625,0.0,0.0,0.0,0.0,0.0,0.76
1420,0.0101,0.06770242005586624,1.3233105090800835e-05,6458139.0,146.0625,136.0,152.0,0.25,82.0625,72.0,88.0,0.75,0.0,0.75,0.0,1.0,0.5057110860943794,0.5250551495701075,0.0,0.0,0.0,0.0,0.0,0.76
1421,-0.0186,2.459401845932007,1.3203334325692172e-05,6462115.0,103.0,98.5,107.25,0.0,103.0,98.5,107.25,0.875,0.14433756470680237,0.875,0.14433756470680237,0.75,0.2496921606361866,0.2101842202246189,0.0,0.0,0.0,0.0,0.0,0.76
1422,0.1894,6.854240894317627,1.3173563560583507e-05,6467413.0,154.125,110.5,196.5,0.0625,146.47916793823242,110.5,172.25,0.3125,0.375,0.3125,0.375,0.25,4.184800386428833,2.7045703642070293,0.0,0.0,0.0,0.0,0.0,0.76
1423,0.0035,0.024632595479488373,1.3143792795474844e-05,6471921.0,136.75,131.5,142.0,0.0,136.75,131.5,142.0,0.75,0.0,0.75,0.0,1.0,0.17384712398052216,0.07594709657132626,0.0,0.0,0.0,0.0,0.0,0.76
1424,-0.0025,1.0777490139007568,1.311402203036618e-05,6475883.0,107.625,104.25,110.75,0.0,107.625,104.25,110.75,0.875,0.14433756470680237,0.875,0.14433756470680237,0.75,0.20551594346761703,0.0871974304318428,0.0,0.0,0.0,0.0,0.0,0.77
1425,0.1911,1.3072254657745361,1.3084251265257519e-05,6481095.0,168.0,150.75,209.5,0.125,158.20833587646484,150.75,172.25,0.5625,0.26933756470680237,0.5625,0.26933756470680237,0.5,3.213019609451294,2.0666615292429924,0.0,0.0,0.0,0.0,0.0,0.77
1426,0.082,2.5570878982543945,1.3054480500148856e-05,6485154.0,123.9375,104.25,144.0,0.0,123.9375,104.25,144.0,0.625,0.25,0.625,0.25,0.5,2.582131028175354,1.6778639554977417,0.0,0.0,0.0,0.0,0.0,0.77
1427,0.0649,3.100193500518799,1.3024709735040191e-05,6490280.0,159.625,119.5,210.25,0.125,145.0625,119.5,182.0,0.125,0.14433756470680237,0.125,0.14433756470680237,0.75,6.007456906139851,4.35913784429431,0.0,0.0,0.0,0.0,0.0,0.77
1428,0.0871,1.5968372821807861,1.2994938969931528e-05,6494631.0,119.9375,115.5,130.5,0.0,119.9375,115.5,130.5,0.5,0.25,0.5,0.25,0.5,1.0769847109913826,0.6023308038711548,0.0,0.0,0.0,0.0,0.0,0.77
1429,0.0078,0.9381005167961121,1.2965168204822865e-05,6498582.0,103.6875,102.5,105.5,0.0,103.6875,102.5,105.5,0.9375,0.125,0.9375,0.125,0.75,0.2131144255399704,0.14036300778388977,0.0,0.0,0.0,0.0,0.0,0.77
1430,0.0504,6.623067855834961,1.29353974397142e-05,6502221.0,90.1875,79.5,120.5,0.0,90.1875,79.5,120.5,0.625,0.14433756470680237,0.625,0.14433756470680237,0.75,2.0502082780003548,1.179742494598031,0.0,0.0,0.0,0.0,0.0,0.77
1431,0.0035,0.012871220707893372,1.2905626674605538e-05,6506052.0,108.1875,102.75,114.25,0.0,108.1875,102.75,114.25,1.0,0.0,1.0,0.0,1.0,0.1739476379007101,0.08567825518548489,0.0,0.0,0.0,0.0,0.0,0.77
1432,0.1603,2.377626657485962,1.2875855909496875e-05,6510863.0,153.4375,103.25,180.25,0.125,145.4375,103.25,179.5,0.375,0.39433756470680237,0.375,0.39433756470680237,0.25,5.370598062872887,3.7986538484692574,0.0,0.0,0.0,0.0,0.0,0.77
1433,0.083,3.5856544971466064,1.2846085144388212e-05,6515383.0,138.75,123.75,158.25,0.0625,132.79166793823242,123.75,141.25,0.8125,0.125,0.8125,0.125,0.75,2.5359755493700504,1.8276654854416847,0.0,0.0,0.0,0.0,0.0,0.77
1434,-0.0483,0.010772323235869408,1.2816314379279547e-05,6518341.0,61.125,58.0,68.5,0.0,61.125,58.0,68.5,0.875,0.14433756470680237,0.875,0.14433756470680237,0.75,0.31054967641830444,0.24714155867695808,0.0,0.0,0.0,0.0,0.0,0.77
1435,0.1187,2.260664939880371,1.2786543614170884e-05,6522630.0,119.5625,89.25,149.5,0.0625,113.64583587646484,89.25,140.5,0.4375,0.125,0.4375,0.125,0.75,3.0177067071199417,2.194485552608967,0.0,0.0,0.0,0.0,0.0,0.77
1436,-0.0042,2.429636001586914,1.2756772849062221e-05,6527751.0,161.8125,112.5,213.25,0.0,161.8125,112.5,213.25,0.375,0.39433756470680237,0.375,0.39433756470680237,0.25,3.6947239339351654,2.7661533672362566,0.0,0.0,0.0,0.0,0.0,0.77
1437,0.0074,0.02249334752559662,1.2727002083953556e-05,6532278.0,125.6875,105.75,140.5,0.0,125.6875,105.75,140.5,0.75,0.0,0.75,0.0,1.0,0.3680981621146202,0.38149454444646835,0.0,0.0,0.0,0.0,0.0,0.77
1438,0.0039,0.009783408604562283,1.2697231318844896e-05,6536202.0,103.0,99.25,105.5,0.0,103.0,99.25,105.5,1.0,0.0,1.0,0.0,1.0,0.19261213019490242,0.13852889835834503,0.0,0.0,0.0,0.0,0.0,0.77
1439,0.04,1.4578001499176025,1.2667460553736232e-05,6540460.0,114.375,95.0,141.25,0.0625,107.02083587646484,95.0,115.0,0.75,0.0,0.75,0.0,1.0,1.922235805541277,1.259679388254881,0.0,0.0,0.0,0.0,0.0,0.77
1440,-0.0972,6.094642162322998,1.2637689788627568e-05,6544878.0,131.375,87.25,164.0,0.0625,124.39583587646484,87.25,158.25,0.5625,0.375,0.5625,0.375,0.25,3.290259674191475,2.3883600309491158,0.0,0.0,0.0,0.0,0.0,0.77
1441,0.1525,0.03383438661694527,1.2607919023518905e-05,6548825.0,109.4375,97.5,128.5,0.0,109.4375,97.5,128.5,0.875,0.14433756470680237,0.875,0.14433756470680237,0.75,2.7174233719706535,1.4491963610053062,0.0,0.0,0.0,0.0,0.0,0.77
1442,0.0659,4.21663761138916,1.257814825841024e-05,6553411.0,133.875,115.75,157.25,0.0,133.875,115.75,157.25,0.625,0.14433756470680237,0.625,0.14433756470680237,0.75,3.4449378065764904,2.232648901641369,0.0,0.0,0.0,0.0,0.0,0.77
1443,0.1559,1.7745814323425293,1.2548377493301577e-05,6558284.0,141.3125,111.5,179.25,0.25,119.72916793823242,111.5,129.75,0.375,0.14433756470680237,0.375,0.14433756470680237,0.75,7.045760378241539,4.2476437874138355,0.0,0.0,0.0,0.0,0.0,0.78
1444,0.2908,1.6628621816635132,1.2518606728192916e-05,6562133.0,111.3125,92.5,145.75,0.0,111.3125,92.5,145.75,0.75,0.25,0.75,0.25,0.5,2.257795751094818,1.5219534933567047,0.0,0.0,0.0,0.0,0.0,0.78
1445,0.0205,0.6272143721580505,1.2488835963084251e-05,6565925.0,110.75,100.25,122.0,0.0,110.75,100.25,122.0,0.875,0.14433756470680237,0.875,0.14433756470680237,0.75,0.9988879263401031,0.601377185434103,0.0,0.0,0.0,0.0,0.0,0.78
1446,0.1205,3.1448183059692383,1.245906519797559e-05,6569944.0,113.6875,106.0,125.25,0.0,113.6875,106.0,125.25,0.8125,0.26933756470680237,0.8125,0.26933756470680237,0.5,0.6577034182846546,0.673679530620575,0.0,0.0,0.0,0.0,0.0,0.78
1447,0.3004,5.477200984954834,1.2429294432866925e-05,6574530.0,130.125,100.0,180.0,0.0625,120.33333396911621,100.0,141.0,0.4375,0.125,0.4375,0.125,0.75,4.016553871333599,2.6379820685833693,0.0,0.0,0.0,0.0,0.0,0.78
1448,0.3142,8.238118171691895,1.2399523667758261e-05,6579298.0,146.75,112.5,187.75,0.1875,129.7708339691162,112.5,148.5,0.625,0.25,0.625,0.25,0.5,3.659212738275528,2.360435077920556,0.0,0.0,0.0,0.0,0.0,0.78
1449,0.013,2.5671138763427734,1.23697529026496e-05,6583830.0,144.5,122.25,176.25,0.0625,139.08333587646484,122.25,159.25,0.6875,0.375,0.6875,0.375,0.25,2.4704900085926056,1.741694126278162,0.0,0.0,0.0,0.0,0.0,0.78
1450,0.4994,12.164593696594238,1.2339982137540935e-05,6588363.0,143.8125,108.0,193.25,0.125,121.75,108.0,150.0,0.375,0.39433756470680237,0.375,0.39433756470680237,0.25,6.1350600849837065,3.4872389025986195,0.0,0.0,0.0,0.0,0.0,0.78
1451,0.2434,7.782672882080078,1.2310211372432272e-05,6592290.0,109.4375,83.5,145.25,0.125,91.625,83.5,109.75,0.6875,0.125,0.6875,0.125,0.75,5.145970389246941,2.757600475102663,0.0,0.0,0.0,0.0,0.0,0.78
1452,0.004,0.01622476428747177,1.2280440607323609e-05,6596650.0,126.5,122.25,131.25,0.0,126.5,122.25,131.25,1.0,0.0,1.0,0.0,1.0,0.19877345487475395,0.10333863645792007,0.0,0.0,0.0,0.0,0.0,0.78
1453,0.2674,3.129901170730591,1.2250669842214946e-05,6601924.0,170.875,138.75,212.0,0.25,150.75000381469727,138.75,165.75,0.4375,0.26933756470680237,0.4375,0.26933756470680237,0.5,11.2403784096241,5.889321707189083,0.0,0.0,0.0,0.0,0.0,0.78
1454,0.0033,0.05657943710684776,1.2220899077106282e-05,6606231.0,130.1875,123.5,135.5,0.0,130.1875,123.5,135.5,0.75,0.0,0.75,0.0,1.0,0.16312439180910587,0.14578461647033691,0.0,0.0,0.0,0.0,0.0,0.78
1455,0.4575,7.299548149108887,1.2191128311997618e-05,6610781.0,141.375,118.25,196.25,0.125,125.64583396911621,118.25,136.5,0.8125,0.375,0.8125,0.375,0.25,4.8211711049079895,1.9160056747496128,0.0,0.0,0.0,0.0,0.0,0.78
1456,0.0248,0.03216752037405968,1.2161357546888956e-05,6615260.0,138.9375,123.5,163.75,0.0625,136.4375,123.5,155.5,0.75,0.0,0.75,0.0,1.0,1.240158386528492,0.6573791913688183,0.0,0.0,0.0,0.0,0.0,0.78
1457,0.1918,2.355313301086426,1.2131586781780293e-05,6620148.0,161.0,128.5,203.0,0.125,147.3125,128.5,179.25,0.5,0.25,0.5,0.25,0.5,7.476229231804609,3.4002235773950815,0.0,0.0,0.0,0.0,0.0,0.78
1458,0.1301,4.698575973510742,1.2101816016671628e-05,6624594.0,124.625,79.75,140.5,0.1875,81.3125,79.75,82.75,0.5,0.0,0.5,0.0,1.0,6.635487694293261,2.7125761210918427,0.0,0.0,0.0,0.0,0.0,0.78
1459,0.0933,0.030245613306760788,1.2072045251562967e-05,6628134.0,90.5,72.5,114.75,0.0,90.5,72.5,114.75,0.75,0.0,0.75,0.0,1.0,3.1180433854460716,1.698537927120924,0.0,0.0,0.0,0.0,0.0,0.78
1460,0.1076,1.9233956336975098,1.2042274486454302e-05,6633511.0,170.5625,136.25,193.25,0.25,152.9375,136.25,161.0,0.5,0.25,0.5,0.25,0.5,8.61244061589241,4.0767579562962055,0.0,0.0,0.0,0.0,0.0,0.78
1461,-0.0429,0.024637924507260323,1.2012503721345639e-05,6636927.0,80.25,71.0,88.75,0.0,80.25,71.0,88.75,0.9375,0.125,0.9375,0.125,0.75,0.34805379807949066,0.2878750152885914,0.0,0.0,0.0,0.0,0.0,0.78
1462,0.0444,0.037431299686431885,1.1982732956236977e-05,6640919.0,111.25,96.25,120.25,0.0,111.25,96.25,120.25,0.8125,0.125,0.8125,0.125,0.75,2.5669574551284313,1.6215181071311235,0.0,0.0,0.0,0.0,0.0,0.79
1463,0.1104,2.1104888916015625,1.1952962191128312e-05,6645601.0,157.625,129.25,181.0,0.1875,152.64583587646484,129.25,174.25,0.6875,0.125,0.6875,0.125,0.75,4.955661781132221,2.1283331140875816,0.0,0.0,0.0,0.0,0.0,0.79
1464,0.3078,7.217590808868408,1.1923191426019649e-05,6649715.0,124.875,99.0,175.25,0.0625,119.27083587646484,99.0,158.0,0.6875,0.125,0.6875,0.125,0.75,4.843118820339441,1.9978100955486298,0.0,0.0,0.0,0.0,0.0,0.79
1465,0.3155,1.458553433418274,1.1893420660910986e-05,6654430.0,146.6875,122.25,189.75,0.1875,127.02083396911621,122.25,133.5,0.6875,0.125,0.6875,0.125,0.75,4.057702288031578,1.5909635592252016,0.0,0.0,0.0,0.0,0.0,0.79
1466,0.0564,6.713964939117432,1.1863649895802323e-05,6659082.0,145.0,118.5,175.5,0.125,135.5625,118.5,151.25,0.5625,0.125,0.5625,0.125,0.75,6.194307439029217,2.663380304351449,0.0,0.0,0.0,0.0,0.0,0.79
1467,-0.0467,1.8320263624191284,1.183387913069366e-05,6663454.0,117.5,104.5,129.5,0.0,117.5,104.5,129.5,0.3125,0.125,0.3125,0.125,0.75,0.23815806955099106,0.1710693472996354,0.0,0.0,0.0,0.0,0.0,0.79
1468,0.3884,4.572203636169434,1.1804108365584995e-05,6668860.0,201.875,132.5,256.0,0.4375,164.5,132.5,197.25,0.25,0.25,0.25,0.25,0.5,13.177661299705505,5.880184054374695,0.0,0.0,0.0,0.0,0.0,0.79
1469,0.0778,2.2863309383392334,1.1774337600476333e-05,6672871.0,106.1875,93.25,118.0,0.0,106.1875,93.25,118.0,0.5625,0.41367512941360474,0.5625,0.41367512941360474,0.25,0.9683330059051514,0.5329769067466259,0.0,0.0,0.0,0.0,0.0,0.79
1470,0.1045,2.3332760334014893,1.174456683536767e-05,6678133.0,172.125,156.25,194.75,0.125,165.43750381469727,156.25,171.5,0.5625,0.125,0.5625,0.125,0.75,4.816355120390654,2.427361661568284,0.0,0.0,0.0,0.0,0.0,0.79
1471,0.0279,0.01439396757632494,1.1714796070259005e-05,6682486.0,128.0625,114.75,133.5,0.1875,115.6875,114.75,117.0,0.75,0.0,0.75,0.0,1.0,1.3594355657696724,0.7253213841468096,0.0,0.0,0.0,0.0,0.0,0.79
1472,0.414,2.688403844833374,1.1685025305150344e-05,6686334.0,107.75,87.5,159.0,0.0625,96.8125,87.5,115.75,0.8125,0.26933756470680237,0.8125,0.26933756470680237,0.5,3.0169757828116417,1.6389346364885569,0.0,0.0,0.0,0.0,0.0,0.79
1473,0.5001,4.31330680847168,1.1655254540041679e-05,6691236.0,162.375,103.0,234.75,0.1875,142.0625,103.0,201.5,0.5625,0.375,0.5625,0.375,0.25,9.90061604976654,5.496520698070526,0.0,0.0,0.0,0.0,0.0,0.79
1474,0.049,1.3110010623931885,1.1625483774933016e-05,6695165.0,110.8125,101.5,127.25,0.0,110.8125,101.5,127.25,0.6875,0.26933756470680237,0.6875,0.26933756470680237,0.5,2.8406712040305138,1.4631456322968006,0.0,0.0,0.0,0.0,0.0,0.79
1475,0.1937,0.06527360528707504,1.1595713009824354e-05,6698785.0,95.25,79.5,120.5,0.0,95.25,79.5,120.5,0.9375,0.125,0.9375,0.125,0.75,1.7511897012591362,0.7447554469108582,0.0,0.0,0.0,0.0,0.0,0.79
1476,0.1511,6.745123863220215,1.156594224471569e-05,6703314.0,126.0625,92.25,154.75,0.0,126.0625,92.25,154.75,0.5,0.5386751294136047,0.5,0.5386751294136047,0.0,6.050757348537445,2.289732351899147,0.0,0.0,0.0,0.0,0.0,0.79
1477,0.1211,8.581119537353516,1.1536171479607026e-05,6708099.0,146.5625,115.75,189.75,0.0625,139.83333587646484,115.75,181.0,0.4375,0.26933756470680237,0.4375,0.26933756470680237,0.5,8.461503449827433,3.5016078874468803,0.0,0.0,0.0,0.0,0.0,0.79
1478,0.0042,0.04019415006041527,1.1506400714498363e-05,6712488.0,129.8125,120.25,138.0,0.0,129.8125,120.25,138.0,0.75,0.0,0.75,0.0,1.0,0.21006912738084793,0.14732845313847065,0.0,0.0,0.0,0.0,0.0,0.79
1479,0.4241,9.097426414489746,1.14766299493897e-05,6716563.0,127.9375,103.75,162.75,0.25,105.54166793823242,103.75,106.75,0.75,0.25,0.75,0.25,0.5,7.071035444736481,2.636645555496216,0.0,0.0,0.0,0.0,0.0,0.79
1480,0.208,5.214508533477783,1.1446859184281037e-05,6721232.0,132.8125,107.0,157.75,0.125,119.375,107.0,135.25,0.5625,0.26933756470680237,0.5625,0.26933756470680237,0.5,7.404880300164223,3.141900412738323,0.0,0.0,0.0,0.0,0.0,0.8
1481,0.508,2.2357633113861084,1.1417088419172372e-05,6726001.0,161.3125,125.25,216.25,0.375,132.3333339691162,125.25,140.5,0.5625,0.375,0.5625,0.375,0.25,5.660025170072913,2.5824488196521997,0.0,0.0,0.0,0.0,0.0,0.8
1482,0.0233,2.0625574588775635,1.138731765406371e-05,6730193.0,127.25,114.5,134.25,0.1875,121.4375,114.5,126.5,0.5625,0.125,0.5625,0.125,0.75,3.007371671497822,1.3526686988770962,0.0,0.0,0.0,0.0,0.0,0.8
1483,0.2299,0.04023587703704834,1.1357546888955047e-05,6735087.0,148.125,123.25,177.25,0.125,138.1875,123.25,162.25,0.6875,0.125,0.6875,0.125,0.75,3.3259201496839523,1.4105165507644415,0.0,0.0,0.0,0.0,0.0,0.8
1484,0.1565,5.6387810707092285,1.1327776123846383e-05,6739523.0,140.25,124.0,169.25,0.0625,133.375,124.0,142.75,0.9375,0.125,0.9375,0.125,0.75,1.6343596614897251,0.6953211985528469,0.0,0.0,0.0,0.0,0.0,0.8
1485,0.0755,4.30881929397583,1.1298005358737721e-05,6743543.0,98.75,90.0,113.75,0.0,98.75,90.0,113.75,0.8125,0.26933756470680237,0.8125,0.26933756470680237,0.5,2.1924307830631733,0.8968543075025082,0.0,0.0,0.0,0.0,0.0,0.8
1486,0.321,2.9059805870056152,1.1268234593629056e-05,6747780.0,125.3125,98.25,163.0,0.1875,102.66666793823242,98.25,106.75,0.75,0.25,0.75,0.25,0.5,5.701765656471252,1.9917170219123363,0.0,0.0,0.0,0.0,0.0,0.8
1487,0.3065,0.027050349861383438,1.1238463828520393e-05,6752407.0,143.9375,92.0,185.25,0.125,123.0,92.0,152.5,0.3125,0.125,0.3125,0.125,0.75,9.824017189443111,3.728048764169216,0.0,0.0,0.0,0.0,0.0,0.8
1488,0.0985,1.0849782228469849,1.120869306341173e-05,6756838.0,137.9375,106.0,187.25,0.125,123.56250381469727,106.0,144.5,0.75,0.0,0.75,0.0,1.0,4.606292337179184,1.7462932541966438,0.0,0.0,0.0,0.0,0.0,0.8
1489,0.1128,1.979686975479126,1.1178922298303067e-05,6761688.0,160.875,130.25,176.0,0.1875,135.375,130.25,142.0,0.625,0.14433756470680237,0.625,0.14433756470680237,0.75,5.5511447340250015,1.7154147550463676,0.0,0.0,0.0,0.0,0.0,0.8
1490,0.2883,4.528263568878174,1.1149151533194404e-05,6766916.0,169.0,145.75,186.0,0.3125,101.20833587646484,81.75,113.25,0.4375,0.125,0.4375,0.125,0.75,11.588023975491524,4.162398308515549,0.0,0.0,0.0,0.0,0.0,0.8
1491,0.3156,1.9080045223236084,1.111938076808574e-05,6771610.0,152.375,93.75,178.5,0.3125,107.3125,93.75,121.25,0.1875,0.375,0.1875,0.375,0.25,11.927049711346626,4.142811972647905,0.0,0.0,0.0,0.0,0.0,0.8
1492,0.1656,3.610151529312134,1.1089610002977077e-05,6775442.0,104.25,86.5,124.5,0.0,104.25,86.5,124.5,0.75,0.28867512941360474,0.75,0.28867512941360474,0.5,4.624378092586994,1.7351710814982653,0.0,0.0,0.0,0.0,0.0,0.8
1493,0.1159,0.03408573567867279,1.1059839237868414e-05,6779604.0,121.625,96.75,153.0,0.0625,112.83333396911621,96.75,124.75,0.875,0.14433756470680237,0.875,0.14433756470680237,0.75,2.139420263469219,0.8501051031053066,0.0,0.0,0.0,0.0,0.0,0.8
1494,0.0044,0.12650363147258759,1.1030068472759751e-05,6783678.0,120.125,109.75,127.5,0.0,120.125,109.75,127.5,1.0,0.0,1.0,0.0,1.0,0.21946469694375992,0.14433228597044945,0.0,0.0,0.0,0.0,0.0,0.8
1495,0.0637,1.8154375553131104,1.1000297707651088e-05,6788230.0,143.5,128.5,153.25,0.125,136.0625,128.5,141.75,0.8125,0.125,0.8125,0.125,0.75,2.289290204644203,0.919431546702981,0.0,0.0,0.0,0.0,0.0,0.8
1496,0.1139,0.019363878294825554,1.0970526942542423e-05,6792782.0,148.0,130.25,160.0,0.125,139.375,130.25,147.5,0.75,0.0,0.75,0.0,1.0,5.722233593463898,1.9982060492038727,0.0,0.0,0.0,0.0,0.0,0.8
1497,0.2212,6.165205001831055,1.094075617743376e-05,6796731.0,110.0625,97.5,137.5,0.0625,101.47916793823242,97.5,106.0,0.9375,0.125,0.9375,0.125,0.75,2.1415952555835247,1.0297939144074917,0.0,0.0,0.0,0.0,0.0,0.8
1498,0.7565,6.069013595581055,1.0910985412325098e-05,6801290.0,137.4375,95.5,218.5,0.1875,111.31250095367432,95.5,138.5,0.5625,0.375,0.5625,0.375,0.25,9.094220966100693,3.1681306064128876,0.0,0.0,0.0,0.0,0.0,0.8
1499,0.2654,4.622472763061523,1.0881214647216433e-05,6806577.0,167.6875,131.25,198.25,0.3125,95.60416793823242,67.25,127.0,0.5625,0.26933756470680237,0.5625,0.26933756470680237,0.5,5.996056996285915,1.9454470053315163,0.0,0.0,0.0,0.0,0.0,0.81
1500,0.2977,5.638011455535889,1.085144388210777e-05,6810987.0,129.875,113.75,165.5,0.0625,120.25,113.75,128.0,0.875,0.25,0.875,0.25,0.5,3.0502496287226677,1.2968094293028116,0.0,0.0,0.0,0.0,0.0,0.81
1501,0.0062,0.034748632460832596,1.0821673116999107e-05,6814933.0,102.125,98.0,105.5,0.0,102.125,98.0,105.5,0.9375,0.125,0.9375,0.125,0.75,0.9345973655581474,0.4161468856036663,0.0,0.0,0.0,0.0,0.0,0.81
1502,0.3487,7.837193965911865,1.0791902351890444e-05,6819634.0,140.5625,113.75,192.25,0.125,125.79166793823242,113.75,139.0,0.8125,0.26933756470680237,0.8125,0.26933756470680237,0.5,4.85880109295249,1.8165147248655558,0.0,0.0,0.0,0.0,0.0,0.81
1503,0.3548,6.00034761428833,1.076213158678178e-05,6823780.0,118.375,91.25,178.5,0.125,100.52083396911621,91.25,113.75,0.625,0.25,0.625,0.25,0.5,8.499556377530098,2.508679412305355,0.0,0.0,0.0,0.0,0.0,0.81
1504,1.0358,9.57413101196289,1.0732360821673118e-05,6828668.0,173.75,112.75,215.0,0.375,129.9375,112.75,143.0,0.4375,0.5193375647068024,0.4375,0.5193375647068024,0.0,29.876124382019043,7.582071781158447,0.0,0.0,0.0,0.0,0.0,0.81
1505,-0.1311,2.9561736583709717,1.0702590056564454e-05,6832437.0,91.8125,68.0,112.0,0.0,91.8125,68.0,112.0,0.875,0.25,0.875,0.25,0.5,1.303889200091362,0.6080037336796522,0.0,0.0,0.0,0.0,0.0,0.81
1506,0.4057,5.349001884460449,1.0672819291455791e-05,6836765.0,139.0,98.5,169.5,0.125,129.125,98.5,168.25,0.5625,0.26933756470680237,0.5625,0.26933756470680237,0.5,13.87888579070568,3.8839421421289444,0.0,0.0,0.0,0.0,0.0,0.81
1507,0.926,7.044361114501953,1.0643048526347128e-05,6841359.0,147.875,94.0,218.5,0.25,115.00000381469727,94.0,141.25,0.625,0.39433756470680237,0.625,0.39433756470680237,0.25,18.102806329727173,4.6690678820014,0.0,0.0,0.0,0.0,0.0,0.81
1508,0.2683,6.9946088790893555,1.0613277761238465e-05,6846550.0,167.4375,128.75,186.25,0.1875,135.5625,128.75,143.75,0.5625,0.125,0.5625,0.125,0.75,12.694271359592676,3.1905739828944206,0.0,0.0,0.0,0.0,0.0,0.81
1509,0.6865,13.875040054321289,1.05835069961298e-05,6851323.0,146.0625,62.0,211.25,0.3125,102.20833396911621,62.0,145.75,0.3125,0.125,0.3125,0.125,0.75,28.117283582687378,6.549549698829651,0.0,0.0,0.0,0.0,0.0,0.81
1510,-0.0139,1.6034767627716064,1.0553736231021137e-05,6855731.0,131.75,98.5,161.25,0.0625,125.02083587646484,98.5,146.75,0.4375,0.26933756470680237,0.4375,0.26933756470680237,0.5,6.419726341962814,1.4057871028780937,0.0,0.0,0.0,0.0,0.0,0.81
1511,0.1451,0.19621483981609344,1.0523965465912475e-05,6859607.0,114.25,95.0,126.75,0.0625,110.5,95.0,123.25,0.75,0.0,0.75,0.0,1.0,7.255234062671661,1.627601571381092,0.0,0.0,0.0,0.0,0.0,0.81
1512,0.5684,10.082894325256348,1.049419470080381e-05,6865169.0,195.375,113.5,239.75,0.4375,160.375,113.5,204.75,0.0,0.0,0.0,0.0,1.0,27.294188976287842,6.763686895370483,0.0,0.0,0.0,0.0,0.0,0.81
1513,0.4847,1.3128496408462524,1.0464423935695147e-05,6869873.0,140.75,97.25,211.0,0.1875,117.43750190734863,97.25,145.75,0.5,0.25,0.5,0.25,0.5,13.07463875412941,3.435438871383667,0.0,0.0,0.0,0.0,0.0,0.81
1514,0.0046,0.017051788046956062,1.0434653170586484e-05,6873846.0,101.0625,93.0,114.75,0.0,101.0625,93.0,114.75,1.0,0.0,1.0,0.0,1.0,0.22986451722681522,0.13621395267546177,0.0,0.0,0.0,0.0,0.0,0.81
1515,0.7906,5.81473445892334,1.0404882405477821e-05,6878991.0,165.0625,103.0,252.5,0.25,130.31250381469727,103.0,165.5,0.4375,0.5193375647068024,0.4375,0.5193375647068024,0.0,21.24659776687622,4.9088380336761475,0.0,0.0,0.0,0.0,0.0,0.81
1516,0.2431,4.909148216247559,1.0375111640369158e-05,6883915.0,157.5,109.75,183.0,0.3125,116.5,109.75,127.5,0.5,0.0,0.5,0.0,1.0,12.611083984375,3.8513772264122963,0.0,0.0,0.0,0.0,0.0,0.81
1517,0.1407,0.0346522256731987,1.0345340875260495e-05,6887864.0,108.5625,86.0,136.0,0.0625,99.66666793823242,86.0,109.0,0.625,0.14433756470680237,0.625,0.14433756470680237,0.75,5.264038283377886,1.34219117090106,0.0,0.0,0.0,0.0,0.0,0.82
1518,0.2916,0.026602882891893387,1.0315570110151832e-05,6892019.0,134.9375,110.75,150.25,0.1875,114.875,110.75,123.5,0.6875,0.125,0.6875,0.125,0.75,12.02196305245161,3.1678943671286106,0.0,0.0,0.0,0.0,0.0,0.82
1519,0.0124,1.8404747247695923,1.0285799345043169e-05,6896327.0,119.0,113.5,125.75,0.0,119.0,113.5,125.75,0.8125,0.26933756470680237,0.8125,0.26933756470680237,0.5,0.8903622962534428,0.38420182652771473,0.0,0.0,0.0,0.0,0.0,0.82
1520,0.0051,0.0530475378036499,1.0256028579934505e-05,6899843.0,86.5,85.25,88.25,0.0,86.5,85.25,88.25,1.0,0.0,1.0,0.0,1.0,0.25744080543518066,0.12044222094118595,0.0,0.0,0.0,0.0,0.0,0.82
1521,0.6894,3.2182562351226807,1.0226257814825842e-05,6904577.0,166.625,120.75,218.75,0.3125,134.625,120.75,148.5,0.5625,0.26933756470680237,0.5625,0.26933756470680237,0.5,17.659963242709637,4.839815013110638,0.0,0.0,0.0,0.0,0.0,0.82
1522,0.0816,2.848921298980713,1.0196487049717177e-05,6908425.0,102.25,93.0,121.25,0.0,102.25,93.0,121.25,0.75,0.0,0.75,0.0,1.0,3.8772355020046234,1.2835731450468302,0.0,0.0,0.0,0.0,0.0,0.82
1523,0.1436,0.016818268224596977,1.0166716284608514e-05,6913083.0,167.375,151.5,197.0,0.25,156.22916793823242,151.5,158.75,0.5625,0.125,0.5625,0.125,0.75,6.923696855083108,2.1684998385608196,0.0,0.0,0.0,0.0,0.0,0.82
1524,0.1605,0.015591393224895,1.0136945519499853e-05,6917649.0,141.375,125.75,148.25,0.125,136.4375,125.75,146.0,0.8125,0.125,0.8125,0.125,0.75,5.257467120885849,1.6447149440646172,0.0,0.0,0.0,0.0,0.0,0.82
1525,0.0054,0.03962477296590805,1.0107174754391188e-05,6921003.0,81.875,80.25,82.75,0.0,81.875,80.25,82.75,1.0,0.0,1.0,0.0,1.0,0.26833706721663475,0.09099596738815308,0.0,0.0,0.0,0.0,0.0,0.82
1526,0.2152,7.262100696563721,1.0077403989282525e-05,6926154.0,168.6875,136.25,198.5,0.1875,147.3125,136.25,170.0,0.5,0.0,0.5,0.0,1.0,10.83370602503419,3.8662004489451647,0.0,0.0,0.0,0.0,0.0,0.82
1527,0.0683,0.011940368451178074,1.0047633224173862e-05,6929916.0,102.375,89.25,109.5,0.125,95.75,89.25,102.5,0.8125,0.125,0.8125,0.125,0.75,0.5935094021260738,0.21607552468776703,0.0,0.0,0.0,0.0,0.0,0.82
1528,0.2337,2.5515143871307373,1.0017862459065198e-05,6933967.0,123.9375,106.0,161.0,0.0625,114.9375,106.0,128.75,0.8125,0.26933756470680237,0.8125,0.26933756470680237,0.5,4.629125952720642,1.842300372198224,0.0,0.0,0.0,0.0,0.0,0.82
1529,0.208,8.729883193969727,9.988091693956535e-06,6938379.0,129.0,109.75,147.5,0.0,129.0,109.75,147.5,0.1875,0.26933756470680237,0.1875,0.26933756470680237,0.5,6.073013687506318,1.7987339310348034,0.0,0.0,0.0,0.0,0.0,0.82
1530,0.0048,0.11096371710300446,9.958320928847872e-06,6942259.0,109.5,102.75,120.5,0.0,109.5,102.75,120.5,0.75,0.0,0.75,0.0,1.0,0.23790542408823967,0.11495151184499264,0.0,0.0,0.0,0.0,0.0,0.82
1531,0.1199,1.5713809728622437,9.928550163739209e-06,6947082.0,155.4375,147.25,161.25,0.125,153.3125,147.25,159.25,0.6875,0.125,0.6875,0.125,0.75,6.524881575256586,2.490738060325384,0.0,0.0,0.0,0.0,0.0,0.82
1532,0.0665,4.919660568237305,9.898779398630546e-06,6951336.0,116.625,68.0,155.25,0.125,92.3125,68.0,108.75,0.4375,0.125,0.4375,0.125,0.75,10.801928825676441,3.5033912882208824,0.0,0.0,0.0,0.0,0.0,0.82
1533,0.5481,1.9645206928253174,9.869008633521883e-06,6956329.0,158.3125,108.5,226.5,0.25,124.02083587646484,108.5,138.5,0.375,0.5,0.375,0.5,0.0,8.318047404289246,2.913378020748496,0.0,0.0,0.0,0.0,0.0,0.82
1534,0.27,5.344399452209473,9.83923786841322e-06,6961432.0,177.1875,152.75,186.0,0.4375,91.25,88.75,92.75,0.5,0.0,0.5,0.0,1.0,13.261027157306671,4.170442093163729,0.0,0.0,0.0,0.0,0.0,0.82
1535,0.0245,5.767424583435059,9.809467103304555e-06,6966422.0,156.625,126.25,193.5,0.0625,151.08333587646484,126.25,172.25,0.5625,0.375,0.5625,0.375,0.25,4.447699595242739,1.4162533953785896,0.0,0.0,0.0,0.0,0.0,0.82
1536,0.5041,3.2235963344573975,9.779696338195891e-06,6971200.0,149.375,117.0,191.25,0.125,136.125,117.0,165.25,0.625,0.39433756470680237,0.625,0.39433756470680237,0.25,8.949020572006702,3.0057840049266815,0.0,0.0,0.0,0.0,0.0,0.83
1537,0.2331,0.021663065999746323,9.74992557308723e-06,6976024.0,163.5,152.25,179.25,0.25,99.5,88.25,115.25,0.625,0.14433756470680237,0.625,0.14433756470680237,0.75,6.598812028765678,2.294392667710781,0.0,0.0,0.0,0.0,0.0,0.83
1538,0.2653,6.267044544219971,9.720154807978565e-06,6979749.0,104.3125,86.25,131.5,0.0625,95.625,86.25,102.5,0.9375,0.125,0.9375,0.125,0.75,4.169399980455637,1.117942774668336,0.0,0.0,0.0,0.0,0.0,0.83
1539,0.0803,3.114694833755493,9.690384042869902e-06,6983861.0,113.75,99.75,134.0,0.0625,107.85416793823242,99.75,121.0,0.5625,0.125,0.5625,0.125,0.75,4.104167774319649,1.4280489273369312,0.0,0.0,0.0,0.0,0.0,0.83
1540,0.4615,7.598927974700928,9.660613277761239e-06,6987839.0,119.625,89.0,179.5,0.0625,110.89583396911621,89.0,156.25,0.625,0.39433756470680237,0.625,0.39433756470680237,0.25,8.685807336121798,2.7393075078725815,0.0,0.0,0.0,0.0,0.0,0.83
1541,0.1344,0.04390537366271019,9.630842512652576e-06,6991125.0,79.625,57.75,118.25,0.0625,70.33333396911621,57.75,86.25,0.625,0.14433756470680237,0.625,0.14433756470680237,0.75,2.8134661577641964,0.9731785617768764,0.0,0.0,0.0,0.0,0.0,0.83
1542,0.1371,2.4103903770446777,9.601071747543912e-06,6995767.0,140.125,114.75,176.0,0.125,128.58333587646484,114.75,148.0,0.4375,0.125,0.4375,0.125,0.75,6.744162507355213,2.666584588587284,0.0,0.0,0.0,0.0,0.0,0.83
1543,0.1963,6.768966197967529,9.57130098243525e-06,7000384.0,138.5625,101.75,155.5,0.1875,109.5,101.75,116.75,0.75,0.0,0.75,0.0,1.0,9.856363404542208,3.053714193403721,0.0,0.0,0.0,0.0,0.0,0.83
1544,0.5286,2.4965062141418457,9.541530217326586e-06,7005677.0,189.0625,160.25,225.5,0.4375,104.75,96.25,115.0,0.5,0.25,0.5,0.25,0.5,15.778177190572023,4.649723891168833,0.0,0.0,0.0,0.0,0.0,0.83
1545,0.0044,0.07976654171943665,9.511759452217921e-06,7009487.0,108.375,101.0,111.25,0.0,108.375,101.0,111.25,1.0,0.0,1.0,0.0,1.0,0.22108178585767746,0.13874012511223555,0.0,0.0,0.0,0.0,0.0,0.83
1546,0.0042,0.020994149148464203,9.48198868710926e-06,7013427.0,113.5,99.25,126.25,0.0,113.5,99.25,126.25,1.0,0.0,1.0,0.0,1.0,0.2112954594194889,0.20756158791482449,0.0,0.0,0.0,0.0,0.0,0.83
1547,0.219,4.6775288581848145,9.452217922000597e-06,7017922.0,148.4375,123.0,184.75,0.25,134.5,123.0,149.5,0.5,0.0,0.5,0.0,1.0,11.080169796943665,3.7618333250284195,0.0,0.0,0.0,0.0,0.0,0.83
1548,0.0331,0.6863251328468323,9.422447156891932e-06,7022087.0,126.3125,111.0,139.5,0.0,126.3125,111.0,139.5,0.5625,0.125,0.5625,0.125,0.75,0.9281639903783798,0.36270391196012497,0.0,0.0,0.0,0.0,0.0,0.83
1549,0.0296,2.028210401535034,9.39267639178327e-06,7026359.0,119.75,109.75,123.25,0.125,117.1875,109.75,123.0,0.8125,0.125,0.8125,0.125,0.75,1.9749530479311943,0.8315030485391617,0.0,0.0,0.0,0.0,0.0,0.83
1550,0.243,3.8586487770080566,9.362905626674605e-06,7031221.0,157.125,114.75,208.0,0.1875,129.9583339691162,114.75,143.75,0.375,0.25,0.375,0.25,0.5,6.507464662194252,2.5074362345039845,0.0,0.0,0.0,0.0,0.0,0.83
1551,0.2996,4.673810958862305,9.333134861565942e-06,7035483.0,131.625,105.25,156.5,0.0625,127.39583587646484,105.25,153.25,0.5625,0.26933756470680237,0.5625,0.26933756470680237,0.5,11.148739293217659,3.6994561813771725,0.0,0.0,0.0,0.0,0.0,0.83
1552,0.4068,0.9520094990730286,9.303364096457279e-06,7040261.0,166.625,114.25,196.25,0.25,135.64583587646484,114.25,153.25,0.375,0.25,0.375,0.25,0.5,11.420929983258247,3.9390097185969353,0.0,0.0,0.0,0.0,0.0,0.83
1553,0.0006,1.6466106176376343,9.273593331348616e-06,7044542.0,124.0625,114.25,136.0,0.0,124.0625,114.25,136.0,0.75,0.25,0.75,0.25,0.5,0.4317528083920479,0.2849830724298954,0.0,0.0,0.0,0.0,0.0,0.83
1554,0.0047,0.023826099932193756,9.243822566239953e-06,7048564.0,117.125,110.0,123.5,0.0,117.125,110.0,123.5,0.5,0.0,0.5,0.0,1.0,0.23308049887418747,0.1305139809846878,0.0,0.0,0.0,0.0,0.0,0.83
1555,0.4065,5.130652904510498,9.21405180113129e-06,7053313.0,141.0625,104.75,176.5,0.0625,136.3125,104.75,174.75,0.4375,0.5580126941204071,0.4375,0.5580126941204071,0.0,10.984466135501862,4.196871489286423,0.0,0.0,0.0,0.0,0.0,0.84
1556,0.0395,2.589179754257202,9.184281036022626e-06,7058000.0,136.6875,124.75,144.25,0.0,136.6875,124.75,144.25,0.8125,0.125,0.8125,0.125,0.75,0.18726841360330582,0.20093066804111004,0.0,0.0,0.0,0.0,0.0,0.84
1557,0.0847,0.03664885833859444,9.154510270913963e-06,7062321.0,128.0625,109.25,145.25,0.125,112.4375,109.25,115.25,0.75,0.0,0.75,0.0,1.0,4.2232586443424225,1.7189620863646269,0.0,0.0,0.0,0.0,0.0,0.84
1558,0.0898,1.3280457258224487,9.124739505805298e-06,7067167.0,154.375,144.25,163.25,0.125,146.9375,144.25,149.0,0.8125,0.125,0.8125,0.125,0.75,2.7039331421256065,1.0042096935212612,0.0,0.0,0.0,0.0,0.0,0.84
1559,0.2066,1.855851650238037,9.094968740696637e-06,7071972.0,160.5625,128.0,198.75,0.125,148.75,128.0,165.5,0.4375,0.125,0.4375,0.125,0.75,4.909066759049892,1.8373026996850967,0.0,0.0,0.0,0.0,0.0,0.84
1560,0.2098,1.5102792978286743,9.065197975587974e-06,7076974.0,159.875,128.25,189.5,0.1875,143.1875,128.25,159.75,0.5625,0.125,0.5625,0.125,0.75,6.783491056412458,2.8381293788552284,0.0,0.0,0.0,0.0,0.0,0.84
1561,0.2256,4.653988838195801,9.035427210479309e-06,7081591.0,155.5625,125.5,191.25,0.125,144.95833587646484,125.5,164.25,0.5,0.25,0.5,0.25,0.5,9.698595181107521,3.274745022878051,0.0,0.0,0.0,0.0,0.0,0.84
1562,0.4561,5.343574523925781,9.005656445370648e-06,7086367.0,160.75,104.25,205.0,0.25,124.625,104.25,152.5,0.3125,0.125,0.3125,0.125,0.75,15.963116563856602,5.763199903070927,0.0,0.0,0.0,0.0,0.0,0.84
1563,0.1088,6.260914325714111,8.975885680261983e-06,7090711.0,137.25,96.0,154.0,0.1875,115.3125,96.0,124.75,0.75,0.25,0.75,0.25,0.5,6.42848464846611,2.242867462337017,0.0,0.0,0.0,0.0,0.0,0.84
1564,0.3217,5.314791679382324,8.94611491515332e-06,7095399.0,132.75,110.25,177.25,0.0625,125.08333587646484,110.25,151.75,0.5625,0.26933756470680237,0.5625,0.26933756470680237,0.5,9.590122163295746,3.2378231920301914,0.0,0.0,0.0,0.0,0.0,0.84
1565,0.407,3.3714494705200195,8.916344150044656e-06,7100529.0,179.375,145.5,208.25,0.3125,163.79166793823242,145.5,191.25,0.375,0.25,0.375,0.25,0.5,14.588015779852867,4.822518952190876,0.0,0.0,0.0,0.0,0.0,0.84
1566,0.1738,1.9169199466705322,8.886573384935993e-06,7105963.0,173.625,152.25,198.0,0.3125,104.66666793823242,88.25,126.75,0.5,0.25,0.5,0.25,0.5,8.880591336637735,3.283311039209366,0.0,0.0,0.0,0.0,0.0,0.84
1567,0.4112,1.3839305639266968,8.85680261982733e-06,7111103.0,170.0,125.25,227.0,0.25,147.70833587646484,125.25,175.0,0.3125,0.125,0.3125,0.125,0.75,15.517014525830746,5.783668726682663,0.0,0.0,0.0,0.0,0.0,0.84
1568,0.1013,1.792842984199524,8.827031854718667e-06,7116018.0,152.4375,128.25,190.25,0.125,140.25000381469727,128.25,160.25,0.5,0.0,0.5,0.0,1.0,5.019641671329737,1.6724663600325584,0.0,0.0,0.0,0.0,0.0,0.84
1569,0.1095,3.676300287246704,8.797261089610004e-06,7120986.0,161.75,142.0,182.25,0.0625,158.25,142.0,181.25,0.5,0.0,0.5,0.0,1.0,5.465787500143051,2.0730777140706778,0.0,0.0,0.0,0.0,0.0,0.84
1570,0.1844,3.4917423725128174,8.76749032450134e-06,7125592.0,141.375,138.5,145.25,0.25,77.375,74.5,81.25,0.6875,0.125,0.6875,0.125,0.75,6.818865271285176,2.3395049814134836,0.0,0.0,0.0,0.0,0.0,0.84
1571,-0.0099,3.218376398086548,8.737719559392676e-06,7129975.0,127.9375,115.25,153.5,0.0625,123.0,115.25,134.5,0.4375,0.26933756470680237,0.4375,0.26933756470680237,0.5,5.773241400718689,1.9453156031668186,0.0,0.0,0.0,0.0,0.0,0.84
1572,0.2011,7.417306900024414,8.707948794284014e-06,7134199.0,133.25,101.75,161.25,0.125,124.50000381469727,101.75,151.0,0.5,0.0,0.5,0.0,1.0,9.820734210312366,3.6916297785937786,0.0,0.0,0.0,0.0,0.0,0.84
1573,0.0109,0.0335807129740715,8.678178029175351e-06,7138050.0,103.1875,96.0,107.25,0.0,103.1875,96.0,107.25,0.75,0.0,0.75,0.0,1.0,0.5403850600123405,0.15396628342568874,0.0,0.0,0.0,0.0,0.0,0.85
1574,0.2311,4.877679824829102,8.648407264066686e-06,7142207.0,125.5625,114.75,150.0,0.0625,120.14583587646484,114.75,129.0,0.8125,0.26933756470680237,0.8125,0.26933756470680237,0.5,5.375851064920425,2.2194042205810547,0.0,0.0,0.0,0.0,0.0,0.85
1575,0.3232,4.651691436767578,8.618636498958025e-06,7146721.0,136.125,105.0,176.75,0.125,119.4375,105.0,147.0,0.5,0.28867512941360474,0.5,0.28867512941360474,0.5,3.690551109611988,1.7884296085685492,0.0,0.0,0.0,0.0,0.0,0.85
1576,0.3241,3.017320156097412,8.58886573384936e-06,7151700.0,171.4375,134.75,230.75,0.25,151.2708339691162,134.75,172.5,0.1875,0.26933756470680237,0.1875,0.26933756470680237,0.5,8.618075124919415,3.650971882045269,0.0,0.0,0.0,0.0,0.0,0.85
1577,0.0035,0.01031341403722763,8.559094968740697e-06,7156589.0,146.5625,136.75,165.5,0.0,146.5625,136.75,165.5,1.0,0.0,1.0,0.0,1.0,0.177937351167202,0.08914520032703876,0.0,0.0,0.0,0.0,0.0,0.85
1578,0.2216,2.5813660621643066,8.529324203632034e-06,7161186.0,143.3125,119.5,176.5,0.0625,139.22916793823242,119.5,175.25,0.6875,0.125,0.6875,0.125,0.75,4.69738220050931,2.0229893885552883,0.0,0.0,0.0,0.0,0.0,0.85
1579,0.0042,0.018904689699411392,8.49955343852337e-06,7165090.0,114.5,110.5,118.25,0.0,114.5,110.5,118.25,1.0,0.0,1.0,0.0,1.0,0.2124575674533844,0.0911422036588192,0.0,0.0,0.0,0.0,0.0,0.85
1580,0.1593,4.239431858062744,8.469782673414707e-06,7169533.0,144.9375,122.75,162.25,0.125,131.4375,122.75,136.75,0.5,0.28867512941360474,0.5,0.28867512941360474,0.5,3.010679118335247,1.3516541104763746,0.0,0.0,0.0,0.0,0.0,0.85
1581,0.0269,0.8696362972259521,8.440011908306044e-06,7172941.0,78.25,71.5,89.5,0.0,78.25,71.5,89.5,0.75,0.0,0.75,0.0,1.0,1.2816314175724983,0.7215074859559536,0.0,0.0,0.0,0.0,0.0,0.85
1582,0.3044,5.53009033203125,8.410241143197381e-06,7177070.0,114.8125,89.5,139.75,0.0625,110.72916793823242,89.5,136.0,0.6875,0.125,0.6875,0.125,0.75,9.697848714888096,3.394351303577423,0.0,0.0,0.0,0.0,0.0,0.85
1583,0.2817,1.6364800930023193,8.380470378088718e-06,7181920.0,173.125,129.75,223.0,0.125,162.97916793823242,129.75,196.0,0.5625,0.375,0.5625,0.375,0.25,8.183227598667145,3.0490062832832336,0.0,0.0,0.0,0.0,0.0,0.85
1584,0.0651,2.934767007827759,8.350699612980053e-06,7186328.0,131.25,116.5,145.75,0.0625,128.08333587646484,116.5,135.0,0.6875,0.125,0.6875,0.125,0.75,1.0220125876367092,0.4905890394002199,0.0,0.0,0.0,0.0,0.0,0.85
1585,0.3025,1.917983055114746,8.320928847871391e-06,7191338.0,171.625,130.0,216.25,0.25,145.125,130.0,165.25,0.625,0.39433756470680237,0.625,0.39433756470680237,0.25,8.805678769946098,3.5796185210347176,0.0,0.0,0.0,0.0,0.0,0.85
1586,0.2233,2.0075411796569824,8.291158082762728e-06,7196168.0,152.625,128.0,164.75,0.125,144.125,128.0,162.0,0.8125,0.125,0.8125,0.125,0.75,5.965325471013784,2.1873928364366293,0.0,0.0,0.0,0.0,0.0,0.85
1587,0.1782,4.727484703063965,8.261387317654063e-06,7200071.0,119.6875,90.25,136.25,0.125,106.9375,90.25,124.5,0.625,0.14433756470680237,0.625,0.14433756470680237,0.75,7.9213594645261765,2.8234575912356377,0.0,0.0,0.0,0.0,0.0,0.85
1588,0.0434,1.714045763015747,8.231616552545402e-06,7204065.0,117.375,109.5,133.25,0.0,117.375,109.5,133.25,0.75,0.0,0.75,0.0,1.0,1.9854529052972794,0.6508630886673927,0.0,0.0,0.0,0.0,0.0,0.85
1589,0.054,0.03249942511320114,8.201845787436737e-06,7208426.0,142.0625,129.0,172.0,0.0625,132.8333339691162,129.0,136.5,1.0,0.0,1.0,0.0,1.0,2.161990972235799,0.8221904784440994,0.0,0.0,0.0,0.0,0.0,0.85
1590,0.1626,2.807318687438965,8.172075022328074e-06,7213497.0,164.6875,124.75,218.75,0.1875,148.875,124.75,188.0,0.5625,0.125,0.5625,0.125,0.75,7.919059194624424,2.8105919510126114,0.0,0.0,0.0,0.0,0.0,0.85
1591,0.0041,0.022019438445568085,8.14230425721941e-06,7217755.0,122.625,114.75,133.5,0.0,122.625,114.75,133.5,1.0,0.0,1.0,0.0,1.0,0.20343899354338646,0.11157872900366783,0.0,0.0,0.0,0.0,0.0,0.85
1592,0.1762,0.05751454457640648,8.112533492110748e-06,7221741.0,96.875,86.0,110.75,0.0,96.875,86.0,110.75,0.6875,0.125,0.6875,0.125,0.75,3.278461806476116,1.025124702602625,0.0,0.0,0.0,0.0,0.0,0.86
1593,0.168,4.124760150909424,8.082762727002084e-06,7226312.0,134.9375,119.5,171.0,0.0625,124.58333396911621,119.5,131.0,0.5625,0.125,0.5625,0.125,0.75,4.00734593346715,1.4714564317837358,0.0,0.0,0.0,0.0,0.0,0.86
1594,0.2058,4.0131754875183105,8.052991961893421e-06,7230829.0,132.3125,109.75,173.5,0.0625,122.83333396911621,109.75,137.25,0.6875,0.26933756470680237,0.6875,0.26933756470680237,0.5,3.008196387439966,1.1201185751706362,0.0,0.0,0.0,0.0,0.0,0.86
1595,0.7154,6.0870137214660645,8.023221196784758e-06,7234898.0,123.8125,81.25,210.0,0.1875,95.27083587646484,81.25,116.0,0.6875,0.41367512941360474,0.6875,0.41367512941360474,0.25,9.44916819036007,3.598884928971529,0.0,0.0,0.0,0.0,0.0,0.86
1596,0.3912,3.6731033325195312,7.993450431676095e-06,7239799.0,175.3125,150.0,220.25,0.3125,157.79166984558105,150.0,169.75,0.375,0.14433756470680237,0.375,0.14433756470680237,0.75,16.56389805674553,5.638475574553013,0.0,0.0,0.0,0.0,0.0,0.86
1597,0.2212,1.4442378282546997,7.96367966656743e-06,7244443.0,158.5,125.75,174.0,0.1875,150.02083587646484,125.75,169.25,0.5625,0.125,0.5625,0.125,0.75,7.028340481221676,2.6696208864450455,0.0,0.0,0.0,0.0,0.0,0.86
1598,0.1429,4.932660102844238,7.933908901458769e-06,7249254.0,147.4375,121.75,197.25,0.0,147.4375,121.75,197.25,0.4375,0.125,0.4375,0.125,0.75,6.060737757012248,2.3080236725509167,0.0,0.0,0.0,0.0,0.0,0.86
1599,0.1661,0.014610257931053638,7.904138136350104e-06,7252477.0,77.6875,73.0,88.0,0.0,77.6875,73.0,88.0,0.6875,0.125,0.6875,0.125,0.75,2.6917918398976326,0.8717404566705227,0.0,0.0,0.0,0.0,0.0,0.86
1600,0.4808,4.032483100891113,7.87436737124144e-06,7256669.0,122.25,93.25,162.5,0.1875,97.91666793823242,93.25,102.5,0.8125,0.26933756470680237,0.8125,0.26933756470680237,0.5,8.997745655477047,2.8307365737855434,0.0,0.0,0.0,0.0,0.0,0.86
1601,0.1957,2.3191230297088623,7.84459660613278e-06,7261351.0,144.875,118.0,177.0,0.1875,126.1875,118.0,131.75,0.6875,0.125,0.6875,0.125,0.75,5.36171405762434,2.3225110583007336,0.0,0.0,0.0,0.0,0.0,0.86
1602,0.1372,0.020023539662361145,7.814825841024114e-06,7266081.0,133.125,115.5,147.75,0.0,133.125,115.5,147.75,0.75,0.0,0.75,0.0,1.0,6.84107493981719,2.5565239349380136,0.0,0.0,0.0,0.0,0.0,0.86
1603,0.0044,0.034074682742357254,7.785055075915451e-06,7269874.0,105.3125,104.5,106.5,0.0,105.3125,104.5,106.5,1.0,0.0,1.0,0.0,1.0,0.21799815818667412,0.0963593889027834,0.0,0.0,0.0,0.0,0.0,0.86
1604,-0.1389,2.2758705615997314,7.755284310806788e-06,7274287.0,121.5625,81.25,156.25,0.0,121.5625,81.25,156.25,0.5625,0.26933756470680237,0.5625,0.26933756470680237,0.5,3.5154770612716675,1.0854447260499,0.0,0.0,0.0,0.0,0.0,0.86
1605,0.1182,1.6689167022705078,7.725513545698125e-06,7279310.0,159.6875,147.25,179.25,0.125,153.6666717529297,147.25,160.25,0.5625,0.26933756470680237,0.5625,0.26933756470680237,0.5,1.8772266320884228,0.7101371996104717,0.0,0.0,0.0,0.0,0.0,0.86
1606,0.0595,0.06695347279310226,7.695742780589462e-06,7283478.0,116.25,107.5,119.75,0.1875,111.75,107.5,113.75,0.6875,0.125,0.6875,0.125,0.75,4.900555610656738,1.7882768232375383,0.0,0.0,0.0,0.0,0.0,0.86
1607,0.0444,1.4882720708847046,7.665972015480797e-06,7287858.0,135.5,134.0,136.5,0.25,71.5,70.0,72.5,0.75,0.0,0.75,0.0,1.0,2.217848189175129,0.9677439462393522,0.0,0.0,0.0,0.0,0.0,0.86
1608,0.027,0.8158186078071594,7.636201250372135e-06,7292001.0,118.9375,106.5,133.0,0.0625,115.35416793823242,106.5,129.0,0.75,0.0,0.75,0.0,1.0,1.3484396003186703,0.6439499240368605,0.0,0.0,0.0,0.0,0.0,0.86
1609,0.2084,0.031832341104745865,7.606430485263471e-06,7296049.0,104.75,88.25,137.0,0.0625,94.5,88.25,100.5,0.5625,0.125,0.5625,0.125,0.75,6.098132584244013,2.412615295499563,0.0,0.0,0.0,0.0,0.0,0.86
1610,0.036,0.0493759959936142,7.576659720154808e-06,7299619.0,92.125,89.5,98.0,0.0,92.125,89.5,98.0,0.8125,0.125,0.8125,0.125,0.75,1.9571892470121384,0.6833623554557562,0.0,0.0,0.0,0.0,0.0,0.86
1611,0.0042,0.08233194053173065,7.546888955046146e-06,7303388.0,111.5625,97.75,121.5,0.0,111.5625,97.75,121.5,0.75,0.0,0.75,0.0,1.0,0.2082391157746315,0.10903660394251347,0.0,0.0,0.0,0.0,0.0,0.87
1612,0.1581,2.6597607135772705,7.517118189937482e-06,7307645.0,110.3125,97.25,136.0,0.0625,102.375,97.25,106.0,0.875,0.25,0.875,0.25,0.5,1.4724373519420624,0.7227137144654989,0.0,0.0,0.0,0.0,0.0,0.87
1613,0.2695,5.5699782371521,7.487347424828818e-06,7312072.0,139.1875,105.25,172.25,0.0625,133.20833587646484,105.25,160.75,0.6875,0.125,0.6875,0.125,0.75,9.066517073661089,3.0815120488405228,0.0,0.0,0.0,0.0,0.0,0.87
1614,0.0377,1.5849865674972534,7.4575766597201556e-06,7316708.0,138.75,122.0,156.5,0.0625,133.95833587646484,122.0,148.0,0.5,0.0,0.5,0.0,1.0,2.000614009797573,0.7098332531750202,0.0,0.0,0.0,0.0,0.0,0.87
1615,0.1565,0.5669296979904175,7.427805894611492e-06,7321802.0,163.375,149.5,192.0,0.125,154.06250381469727,149.5,157.75,0.5,0.0,0.5,0.0,1.0,7.842110188677907,3.0099171213805676,0.0,0.0,0.0,0.0,0.0,0.87
1616,0.1573,2.03477144241333,7.398035129502828e-06,7326513.0,131.1875,109.0,169.75,0.0625,127.47916793823242,109.0,155.75,0.6875,0.26933756470680237,0.6875,0.26933756470680237,0.5,1.6724338456988335,0.9287898056209087,0.0,0.0,0.0,0.0,0.0,0.87
1617,0.0962,4.991018295288086,7.368264364394166e-06,7331114.0,140.3125,129.5,154.25,0.0,140.3125,129.5,154.25,0.875,0.14433756470680237,0.875,0.14433756470680237,0.75,2.403393242508173,1.2502179285511374,0.0,0.0,0.0,0.0,0.0,0.87
1618,0.005,0.016752349212765694,7.338493599285502e-06,7334537.0,85.1875,84.0,86.25,0.0,85.1875,84.0,86.25,1.0,0.0,1.0,0.0,1.0,0.24920785799622536,0.09469130448997021,0.0,0.0,0.0,0.0,0.0,0.87
1619,0.1976,1.4641767740249634,7.308722834176839e-06,7338016.0,81.9375,76.25,94.75,0.0,81.9375,76.25,94.75,0.8125,0.26933756470680237,0.8125,0.26933756470680237,0.5,2.4581526666879654,0.9367585778236389,0.0,0.0,0.0,0.0,0.0,0.87
1620,0.058,4.042407512664795,7.278952069068175e-06,7341950.0,94.125,88.75,101.5,0.0,94.125,88.75,101.5,0.9375,0.125,0.9375,0.125,0.75,2.2162177488207817,0.9086177907884121,0.0,0.0,0.0,0.0,0.0,0.87
1621,-0.0238,0.698832094669342,7.249181303959513e-06,7346614.0,133.75,123.0,143.0,0.0,133.75,123.0,143.0,0.875,0.25,0.875,0.25,0.5,0.7547664269804955,0.41894589737057686,0.0,0.0,0.0,0.0,0.0,0.87
1622,-0.0161,0.04385119676589966,7.219410538850849e-06,7350725.0,120.4375,109.0,126.5,0.0,120.4375,109.0,126.5,0.875,0.14433756470680237,0.875,0.14433756470680237,0.75,1.8571896143257618,0.6151991626247764,0.0,0.0,0.0,0.0,0.0,0.87
1623,0.2561,2.4568281173706055,7.189639773742185e-06,7355127.0,138.875,111.25,181.5,0.0625,131.0625,111.25,158.75,0.375,0.25,0.375,0.25,0.5,8.923509009182453,3.4899184554815292,0.0,0.0,0.0,0.0,0.0,0.87
1624,0.0711,2.4179840087890625,7.159869008633522e-06,7359442.0,129.6875,108.25,143.75,0.125,118.6875,108.25,130.0,0.75,0.0,0.75,0.0,1.0,3.159734647721052,1.2543137166649103,0.0,0.0,0.0,0.0,0.0,0.87
1625,0.1185,0.021996470168232918,7.130098243524859e-06,7363164.0,100.375,83.25,114.0,0.0,100.375,83.25,114.0,0.75,0.0,0.75,0.0,1.0,5.941874124109745,2.37840692140162,0.0,0.0,0.0,0.0,0.0,0.87
1626,0.3487,4.8131232261657715,7.100327478416195e-06,7367812.0,142.25,106.75,213.5,0.0625,134.22916793823242,106.75,182.5,0.6875,0.375,0.6875,0.375,0.25,3.995006013661623,1.4643841590732336,0.0,0.0,0.0,0.0,0.0,0.87
1627,0.3022,6.150391578674316,7.070556713307533e-06,7371764.0,105.5,91.75,126.5,0.0,105.5,91.75,126.5,0.8125,0.375,0.8125,0.375,0.25,5.751937262713909,1.8595157004892826,0.0,0.0,0.0,0.0,0.0,0.87
1628,-0.0381,2.6791460514068604,7.040785948198869e-06,7376105.0,127.0625,96.25,147.5,0.125,118.75,96.25,137.0,0.3125,0.26933756470680237,0.3125,0.26933756470680237,0.5,8.218705378472805,3.176698200404644,0.0,0.0,0.0,0.0,0.0,0.87
1629,0.2847,3.836785078048706,7.011015183090206e-06,7380373.0,128.75,105.0,168.5,0.125,115.9375,105.0,124.75,0.625,0.14433756470680237,0.625,0.14433756470680237,0.75,6.898065507411957,2.24955615401268,0.0,0.0,0.0,0.0,0.0,0.88
1630,0.1646,0.04885039106011391,6.981244417981543e-06,7384670.0,123.8125,111.25,148.75,0.0,123.8125,111.25,148.75,0.9375,0.125,0.9375,0.125,0.75,1.139881893992424,0.5784212872385979,0.0,0.0,0.0,0.0,0.0,0.88
1631,0.3452,4.548548221588135,6.951473652872879e-06,7389403.0,143.3125,97.0,189.25,0.1875,125.29166793823242,97.0,157.75,0.5625,0.5193375647068024,0.5625,0.5193375647068024,0.0,8.140609085559845,3.465625450015068,0.0,0.0,0.0,0.0,0.0,0.88
1632,0.0436,1.0030568838119507,6.921702887764215e-06,7393832.0,124.0625,112.0,148.0,0.0,124.0625,112.0,148.0,0.9375,0.125,0.9375,0.125,0.75,0.22060011699795723,0.19415123388171196,0.0,0.0,0.0,0.0,0.0,0.88
1633,0.451,1.4989609718322754,6.891932122655552e-06,7398641.0,150.3125,118.0,196.25,0.125,135.72916793823242,118.0,158.25,0.6875,0.26933756470680237,0.6875,0.26933756470680237,0.5,10.912699773907661,3.241134397685528,0.0,0.0,0.0,0.0,0.0,0.88
1634,0.0901,2.8651299476623535,6.86216135754689e-06,7403301.0,135.75,116.5,151.25,0.125,124.8125,116.5,135.5,0.5,0.0,0.5,0.0,1.0,4.507725682109594,1.581923931837082,0.0,0.0,0.0,0.0,0.0,0.88
1635,-0.0096,2.0179529190063477,6.832390592438226e-06,7408041.0,157.75,149.75,171.75,0.1875,156.8125,149.75,170.5,0.5625,0.125,0.5625,0.125,0.75,3.4864855483174324,1.3811599276959896,0.0,0.0,0.0,0.0,0.0,0.88
1636,0.2332,3.7385854721069336,6.802619827329562e-06,7412156.0,124.6875,107.0,161.75,0.0625,115.33333396911621,107.0,128.5,0.625,0.14433756470680237,0.625,0.14433756470680237,0.75,4.726525757461786,1.4422477316111326,0.0,0.0,0.0,0.0,0.0,0.88
1637,0.1145,4.369672775268555,6.7728490622208995e-06,7416484.0,133.5,115.75,161.0,0.0,133.5,115.75,161.0,0.75,0.0,0.75,0.0,1.0,5.044353548437357,1.6885266825556755,0.0,0.0,0.0,0.0,0.0,0.88
1638,0.1612,5.094204425811768,6.743078297112236e-06,7420999.0,131.9375,109.25,154.25,0.125,116.0,109.25,125.5,0.6875,0.125,0.6875,0.125,0.75,8.124927684664726,2.985007582232356,0.0,0.0,0.0,0.0,0.0,0.88
1639,0.3873,4.973930358886719,6.713307532003572e-06,7426074.0,159.1875,125.5,192.75,0.0625,154.22916793823242,125.5,191.5,0.25,0.39433756470680237,0.25,0.39433756470680237,0.25,12.804815471172333,4.62051784992218,0.0,0.0,0.0,0.0,0.0,0.88
1640,0.0618,1.3311594724655151,6.68353676689491e-06,7430255.0,120.8125,115.25,133.5,0.0,120.8125,115.25,133.5,0.875,0.25,0.875,0.25,0.5,0.1869618073105812,0.1602809801697731,0.0,0.0,0.0,0.0,0.0,0.88
1641,-0.0001,2.7162282466888428,6.653766001786246e-06,7434831.0,129.75,93.75,168.75,0.0625,120.04166793823242,93.75,133.5,0.625,0.39433756470680237,0.625,0.39433756470680237,0.25,5.39689701423049,1.8463902585208416,0.0,0.0,0.0,0.0,0.0,0.88
1642,0.3594,0.0468909926712513,6.623995236677583e-06,7439557.0,133.625,104.0,171.75,0.1875,116.91666793823242,104.0,133.0,0.6875,0.125,0.6875,0.125,0.75,6.174167010933161,2.2431492432951927,0.0,0.0,0.0,0.0,0.0,0.88
1643,0.1713,5.724547386169434,6.5942244715689205e-06,7443480.0,125.6875,95.0,137.0,0.1875,99.4375,95.0,102.0,0.75,0.0,0.75,0.0,1.0,8.62079674564302,2.623657524585724,0.0,0.0,0.0,0.0,0.0,0.88
1644,-0.0758,0.015044678002595901,6.5644537064602565e-06,7447547.0,124.4375,103.5,136.5,0.0,124.4375,103.5,136.5,0.9375,0.125,0.9375,0.125,0.75,0.16601518355309963,0.13853182271122932,0.0,0.0,0.0,0.0,0.0,0.88
1645,0.1935,0.0471017062664032,6.5346829413515925e-06,7450953.0,82.875,68.25,110.0,0.0,82.875,68.25,110.0,0.8125,0.125,0.8125,0.125,0.75,4.002558257430792,1.4889731165021658,0.0,0.0,0.0,0.0,0.0,0.88
1646,0.0522,1.8503574132919312,6.504912176242929e-06,7455108.0,114.1875,111.75,116.0,0.0,114.1875,111.75,116.0,0.875,0.14433756470680237,0.875,0.14433756470680237,0.75,2.1956909261643887,0.7957288846373558,0.0,0.0,0.0,0.0,0.0,0.88
1647,0.0043,0.031299661844968796,6.475141411134267e-06,7459171.0,116.4375,113.75,121.25,0.0,116.4375,113.75,121.25,0.75,0.0,0.75,0.0,1.0,0.21300871670246124,0.1194497924298048,0.0,0.0,0.0,0.0,0.0,0.88
1648,0.1715,4.958773612976074,6.445370646025603e-06,7464073.0,161.125,128.0,185.5,0.125,155.375,128.0,181.5,0.4375,0.41367512941360474,0.4375,0.41367512941360474,0.25,5.551382593810558,2.2222798578441143,0.0,0.0,0.0,0.0,0.0,0.89
1649,0.4132,2.8024773597717285,6.415599880916939e-06,7468836.0,145.6875,103.75,202.0,0.1875,113.5625,103.75,127.25,0.625,0.14433756470680237,0.625,0.14433756470680237,0.75,9.443145990371704,3.1616664454340935,0.0,0.0,0.0,0.0,0.0,0.89
1650,0.2844,3.599313259124756,6.385829115808277e-06,7473378.0,143.375,118.0,177.25,0.125,132.1666717529297,118.0,146.5,0.75,0.28867512941360474,0.75,0.28867512941360474,0.5,4.923558957874775,1.726506307721138,0.0,0.0,0.0,0.0,0.0,0.89
1651,0.4332,1.2730870246887207,6.3560583506996135e-06,7478446.0,166.75,108.25,225.0,0.25,133.25000190734863,108.25,153.75,0.3125,0.125,0.3125,0.125,0.75,16.33497454971075,5.657471247017384,0.0,0.0,0.0,0.0,0.0,0.89
1652,0.4354,3.2932968139648438,6.3262875855909495e-06,7483424.0,166.625,117.5,216.0,0.25,127.83333396911621,117.5,139.25,0.625,0.4330126941204071,0.625,0.4330126941204071,0.25,11.732449229806662,3.977059945464134,0.0,0.0,0.0,0.0,0.0,0.89
1653,0.2096,4.037779331207275,6.296516820482287e-06,7487459.0,122.1875,105.5,152.75,0.0625,115.29166793823242,105.5,132.0,0.6875,0.125,0.6875,0.125,0.75,4.059233993291855,1.3904108181595802,0.0,0.0,0.0,0.0,0.0,0.89
1654,0.2104,0.01969756931066513,6.266746055373623e-06,7492321.0,147.875,130.0,168.75,0.125,143.875,130.0,163.0,0.625,0.14433756470680237,0.625,0.14433756470680237,0.75,8.552237797528505,2.9669253695756197,0.0,0.0,0.0,0.0,0.0,0.89
1655,0.5389,9.328521728515625,6.23697529026496e-06,7497579.0,181.375,141.75,218.0,0.375,105.29167175292969,77.75,141.75,0.3125,0.125,0.3125,0.125,0.75,20.903103783726692,5.95678373426199,0.0,0.0,0.0,0.0,0.0,0.89
1656,0.1139,5.595215797424316,6.207204525156297e-06,7502212.0,149.5625,115.5,193.0,0.25,133.66666793823242,115.5,140.75,0.4375,0.125,0.4375,0.125,0.75,12.820730220526457,4.047977168112993,0.0,0.0,0.0,0.0,0.0,0.89
1657,0.5958,14.439151763916016,6.177433760047634e-06,7507240.0,161.25,103.25,238.75,0.25,128.2083339691162,103.25,153.0,0.5625,0.26933756470680237,0.5625,0.26933756470680237,0.5,13.660746347159147,4.178002022206783,0.0,0.0,0.0,0.0,0.0,0.89
1658,0.2221,6.699186325073242,6.14766299493897e-06,7510953.0,108.8125,78.75,131.25,0.125,99.75,78.75,124.5,0.6875,0.125,0.6875,0.125,0.75,5.126053065061569,1.7782900035381317,0.0,0.0,0.0,0.0,0.0,0.89
1659,0.0518,1.7546932697296143,6.1178922298303066e-06,7515495.0,140.875,123.5,164.0,0.0625,135.54166793823242,123.5,145.5,0.3125,0.125,0.3125,0.125,0.75,1.7914628572762012,0.8516966365277767,0.0,0.0,0.0,0.0,0.0,0.89
1660,0.4877,4.281022071838379,6.088121464721644e-06,7520111.0,149.75,71.0,220.5,0.25,115.54166793823242,71.0,152.5,0.25,0.0,0.25,0.0,1.0,23.37374759092927,7.346192568540573,0.0,0.0,0.0,0.0,0.0,0.89
1661,0.3381,3.7070202827453613,6.05835069961298e-06,7524783.0,155.0,116.5,218.0,0.1875,134.0,116.5,145.5,0.4375,0.125,0.4375,0.125,0.75,7.9547935500741005,2.4990644566714764,0.0,0.0,0.0,0.0,0.0,0.89
1662,0.2244,2.334575891494751,6.028579934504317e-06,7529654.0,158.1875,124.25,176.0,0.1875,148.08333587646484,124.25,170.75,0.5625,0.26933756470680237,0.5625,0.26933756470680237,0.5,7.400993332266808,2.4902032241225243,0.0,0.0,0.0,0.0,0.0,0.89
1663,0.6176,6.377070903778076,5.998809169395653e-06,7534324.0,157.125,117.5,233.0,0.1875,135.25000190734863,117.5,156.75,0.5625,0.26933756470680237,0.5625,0.26933756470680237,0.5,12.988801121711731,4.6233209148049355,0.0,0.0,0.0,0.0,0.0,0.89
1664,0.1756,5.751835823059082,5.969038404286991e-06,7538639.0,130.1875,108.25,139.75,0.0625,127.91666793823242,108.25,139.25,0.75,0.0,0.75,0.0,1.0,8.488224178552628,2.5612000320106745,0.0,0.0,0.0,0.0,0.0,0.89
1665,0.1176,2.7175209522247314,5.939267639178328e-06,7542654.0,115.9375,82.25,153.0,0.0625,107.75,82.25,126.75,0.5625,0.41367512941360474,0.5625,0.41367512941360474,0.25,8.990780163556337,3.3265353813767433,0.0,0.0,0.0,0.0,0.0,0.89
1666,0.3858,5.223328113555908,5.909496874069664e-06,7547227.0,155.0625,86.25,226.75,0.25,120.3125,86.25,142.75,0.375,0.39433756470680237,0.375,0.39433756470680237,0.25,19.248526334762573,5.7237235605716705,0.0,0.0,0.0,0.0,0.0,0.89
1667,0.1556,0.07863202691078186,5.8797261089610004e-06,7551293.0,120.875,98.75,145.0,0.0625,113.41666793823242,98.75,122.25,0.75,0.0,0.75,0.0,1.0,7.754737824201584,2.6427295953035355,0.0,0.0,0.0,0.0,0.0,0.9
1668,0.5857,4.14289665222168,5.849955343852337e-06,7556788.0,200.4375,135.0,256.0,0.25,181.9166717529297,135.0,226.0,0.1875,0.26933756470680237,0.1875,0.26933756470680237,0.5,22.620423316955566,7.616352200508118,0.0,0.0,0.0,0.0,0.0,0.9
1669,0.1285,5.4333391189575195,5.820184578743674e-06,7560970.0,120.375,92.25,144.0,0.0625,114.375,92.25,142.75,0.625,0.14433756470680237,0.625,0.14433756470680237,0.75,8.513452280312777,2.903857719153166,0.0,0.0,0.0,0.0,0.0,0.9
1670,0.2098,2.284477949142456,5.790413813635011e-06,7565850.0,141.0,102.0,177.25,0.1875,122.95833587646484,102.0,146.5,0.75,0.0,0.75,0.0,1.0,10.336741920560598,3.470268115401268,0.0,0.0,0.0,0.0,0.0,0.9
1671,0.0892,3.8746044635772705,5.760643048526347e-06,7570053.0,118.6875,100.75,144.5,0.0625,111.25,100.75,119.75,0.625,0.14433756470680237,0.625,0.14433756470680237,0.75,5.761870361864567,2.4263507649302483,0.0,0.0,0.0,0.0,0.0,0.9
1672,0.4347,0.01024211011826992,5.730872283417684e-06,7573995.0,112.625,85.75,172.25,0.125,93.72916793823242,85.75,100.75,0.8125,0.26933756470680237,0.8125,0.26933756470680237,0.5,4.596736341714859,2.223441004753113,0.0,0.0,0.0,0.0,0.0,0.9
1673,0.0702,2.3671770095825195,5.7011015183090215e-06,7578452.0,133.8125,116.75,148.75,0.125,120.4375,116.75,122.0,0.75,0.0,0.75,0.0,1.0,3.5114639438688755,1.4704402480274439,0.0,0.0,0.0,0.0,0.0,0.9
1674,0.1991,0.04313885048031807,5.6713307532003575e-06,7582264.0,103.25,81.25,133.0,0.0625,94.91666793823242,81.25,102.75,0.75,0.25,0.75,0.25,0.5,6.879962183535099,2.8756217937916517,0.0,0.0,0.0,0.0,0.0,0.9
1675,0.5934,4.1437554359436035,5.641559988091694e-06,7587692.0,181.5,131.75,236.75,0.25,160.375,131.75,200.0,0.375,0.39433756470680237,0.375,0.39433756470680237,0.25,16.883533716201782,6.311899900436401,0.0,0.0,0.0,0.0,0.0,0.9
1676,0.3355,5.755770683288574,5.61178922298303e-06,7592675.0,163.6875,103.25,252.0,0.1875,140.6875,103.25,203.5,0.0625,0.125,0.0625,0.125,0.75,11.848691463470459,5.157497346401215,0.0,0.0,0.0,0.0,0.0,0.9
1677,0.1522,3.5439000129699707,5.582018457874367e-06,7597473.0,138.625,111.75,172.75,0.0625,129.8333339691162,111.75,141.25,0.5,0.5386751294136047,0.5,0.5386751294136047,0.0,6.925320625305176,3.0170770660042763,0.0,0.0,0.0,0.0,0.0,0.9
1678,0.0059,1.809128761291504,5.552247692765705e-06,7601514.0,109.3125,101.25,114.75,0.0,109.3125,101.25,114.75,0.875,0.14433756470680237,0.875,0.14433756470680237,0.75,1.9620959050953388,0.6752287484705448,0.0,0.0,0.0,0.0,0.0,0.9
1679,0.3889,7.819090843200684,5.522476927657041e-06,7606199.0,152.0625,115.5,202.75,0.125,136.16666793823242,115.5,155.25,0.6875,0.125,0.6875,0.125,0.75,7.270419977605343,3.0156057998538017,0.0,0.0,0.0,0.0,0.0,0.9
1680,0.3788,0.039800144731998444,5.492706162548378e-06,7610916.0,149.0625,76.75,182.75,0.25,119.1875,76.75,158.5,0.5625,0.125,0.5625,0.125,0.75,12.0721979662776,4.438256237655878,0.0,0.0,0.0,0.0,0.0,0.9
1681,0.1963,1.785937786102295,5.4629353974397145e-06,7615854.0,161.375,127.75,194.5,0.25,133.10416793823242,127.75,140.75,0.4375,0.125,0.4375,0.125,0.75,3.5952492840588093,1.8983896113932133,0.0,0.0,0.0,0.0,0.0,0.9
1682,0.0768,2.8825395107269287,5.433164632331051e-06,7620179.0,129.0625,116.5,140.25,0.0,129.0625,116.5,140.25,0.75,0.0,0.75,0.0,1.0,3.8696323968470097,1.53640790656209,0.0,0.0,0.0,0.0,0.0,0.9
1683,0.2631,1.6345583200454712,5.403393867222388e-06,7624657.0,142.875,113.5,167.25,0.1875,126.3125,113.5,141.5,0.6875,0.26933756470680237,0.6875,0.26933756470680237,0.5,6.330608867108822,2.7805352434515953,0.0,0.0,0.0,0.0,0.0,0.9
1684,0.066,0.09539460390806198,5.373623102113724e-06,7629602.0,161.8125,140.75,192.5,0.125,152.47916793823242,140.75,166.0,0.5625,0.125,0.5625,0.125,0.75,3.914114534854889,1.8685733824968338,0.0,0.0,0.0,0.0,0.0,0.9
1685,0.0045,0.03384200111031532,5.343852337005061e-06,7633949.0,131.4375,126.0,135.0,0.0,131.4375,126.0,135.0,0.75,0.0,0.75,0.0,1.0,0.22795114293694496,0.1453744424507022,0.0,0.0,0.0,0.0,0.0,0.91
1686,-0.0987,7.194537162780762,5.314081571896398e-06,7637820.0,100.9375,97.0,107.5,0.0,100.9375,97.0,107.5,0.8125,0.125,0.8125,0.125,0.75,0.2848283685743809,0.21330494992434978,0.0,0.0,0.0,0.0,0.0,0.91
1687,0.306,5.81170654296875,5.284310806787735e-06,7643103.0,171.4375,139.75,196.0,0.25,155.0625,139.75,174.75,0.4375,0.375,0.4375,0.375,0.25,11.395418643951416,5.0672842264175415,0.0,0.0,0.0,0.0,0.0,0.91
1688,0.0755,2.6870229244232178,5.2545400416790715e-06,7647005.0,110.625,97.0,133.25,0.0625,104.02083587646484,97.0,111.25,0.875,0.14433756470680237,0.875,0.14433756470680237,0.75,1.6510269343852997,0.7430171398445964,0.0,0.0,0.0,0.0,0.0,0.91
1689,0.1608,0.049458131194114685,5.224769276570408e-06,7651208.0,124.1875,112.5,148.0,0.0625,117.66666793823242,112.5,124.25,0.9375,0.125,0.9375,0.125,0.75,2.2675601579248905,0.8805379383265972,0.0,0.0,0.0,0.0,0.0,0.91
1690,0.2284,2.6335742473602295,5.194998511461744e-06,7655590.0,142.875,117.5,173.0,0.1875,134.72916793823242,117.5,158.5,0.625,0.39433756470680237,0.625,0.39433756470680237,0.25,7.16988642513752,3.1300277076661587,0.0,0.0,0.0,0.0,0.0,0.91
1691,0.0052,0.029652414843440056,5.165227746353082e-06,7659615.0,113.0625,108.75,116.75,0.0,113.0625,108.75,116.75,1.0,0.0,1.0,0.0,1.0,0.260877039283514,0.13701012451201677,0.0,0.0,0.0,0.0,0.0,0.91
1692,0.1071,2.7163007259368896,5.135456981244418e-06,7664406.0,134.1875,114.75,150.5,0.0625,130.0625,114.75,147.5,0.6875,0.125,0.6875,0.125,0.75,4.1412454806268215,1.676399914547801,0.0,0.0,0.0,0.0,0.0,0.91
1693,0.2586,3.8837127685546875,5.105686216135755e-06,7669211.0,155.8125,137.5,185.0,0.0625,150.25,137.5,164.0,0.8125,0.26933756470680237,0.8125,0.26933756470680237,0.5,4.788563277572393,1.7925385553389788,0.0,0.0,0.0,0.0,0.0,0.91
1694,-0.0415,1.6595430374145508,5.075915451027092e-06,7673876.0,140.3125,120.75,157.25,0.0,140.3125,120.75,157.25,0.5625,0.125,0.5625,0.125,0.75,0.9049116522073746,0.46319666504859924,0.0,0.0,0.0,0.0,0.0,0.91
1695,0.2836,2.4892771244049072,5.0461446859184286e-06,7679032.0,167.5,131.5,197.0,0.25,142.72916793823242,131.5,152.75,0.6875,0.375,0.6875,0.375,0.25,6.465789973735809,2.7070982083678246,0.0,0.0,0.0,0.0,0.0,0.91
1696,0.1133,1.464392066001892,5.016373920809765e-06,7683912.0,144.0,111.75,165.75,0.1875,120.1875,111.75,134.0,0.5,0.0,0.5,0.0,1.0,5.403512954711914,2.0544133335351944,0.0,0.0,0.0,0.0,0.0,0.91
1697,0.1209,4.277121543884277,4.986603155701101e-06,7688095.0,125.6875,111.25,131.25,0.1875,113.3125,111.25,114.75,0.75,0.0,0.75,0.0,1.0,6.042120631784201,2.311274953186512,0.0,0.0,0.0,0.0,0.0,0.91
1698,0.1314,3.5236968994140625,4.956832390592438e-06,7693383.0,173.0,142.0,198.25,0.125,163.375,142.0,182.0,0.5625,0.125,0.5625,0.125,0.75,7.255776725709438,3.261630717664957,0.0,0.0,0.0,0.0,0.0,0.91
1699,-0.0319,1.600880742073059,4.927061625483775e-06,7697427.0,108.25,99.75,119.25,0.0,108.25,99.75,119.25,0.75,0.25,0.75,0.25,0.5,1.0584086179733276,0.43824358098208904,0.0,0.0,0.0,0.0,0.0,0.91
1700,0.147,2.9843451976776123,4.897290860375112e-06,7701506.0,117.9375,87.25,143.75,0.125,102.625,87.25,116.5,0.6875,0.125,0.6875,0.125,0.75,4.4941598400473595,2.1066114082932472,0.0,0.0,0.0,0.0,0.0,0.91
1701,0.2484,1.187386393547058,4.867520095266449e-06,7705953.0,135.4375,104.75,165.0,0.0625,131.08333587646484,104.75,162.75,0.5,0.39433756470680237,0.5,0.39433756470680237,0.25,5.946523644030094,2.427035491913557,0.0,0.0,0.0,0.0,0.0,0.91
1702,0.0047,0.020234543830156326,4.837749330157786e-06,7709563.0,90.375,79.5,102.5,0.0,90.375,79.5,102.5,1.0,0.0,1.0,0.0,1.0,0.2386753410100937,0.10560547932982445,0.0,0.0,0.0,0.0,0.0,0.91
1703,0.1508,3.9323883056640625,4.807978565049122e-06,7714331.0,144.0,94.5,174.5,0.1875,128.89583587646484,94.5,163.25,0.3125,0.125,0.3125,0.125,0.75,7.946061469614506,3.26565208658576,0.0,0.0,0.0,0.0,0.0,0.91
1704,0.0043,0.09570865333080292,4.7782077999404584e-06,7718338.0,112.6875,107.25,124.75,0.0,112.6875,107.25,124.75,0.75,0.0,0.75,0.0,1.0,0.21478509157896042,0.11537395976483822,0.0,0.0,0.0,0.0,0.0,0.92
1705,0.6987,12.078620910644531,4.748437034831795e-06,7722789.0,131.4375,84.75,235.25,0.1875,99.68750381469727,84.75,119.75,0.625,0.5,0.625,0.5,0.0,8.036147736012936,3.4765282683074474,0.0,0.0,0.0,0.0,0.0,0.92
1706,0.0043,0.0204732958227396,4.718666269723132e-06,7726505.0,105.75,101.0,108.0,0.0,105.75,101.0,108.0,0.75,0.0,0.75,0.0,1.0,0.21745778247714043,0.11313102766871452,0.0,0.0,0.0,0.0,0.0,0.92
1707,0.2441,0.08954792469739914,4.688895504614469e-06,7730722.0,127.3125,114.5,162.75,0.0,127.3125,114.5,162.75,0.9375,0.125,0.9375,0.125,0.75,2.439737394452095,1.0172012653201818,0.0,0.0,0.0,0.0,0.0,0.92
1708,0.1856,1.095099925994873,4.659124739505805e-06,7736321.0,182.1875,146.0,220.5,0.1875,169.41666793823242,146.0,196.75,0.25,0.0,0.25,0.0,1.0,9.222406640648842,3.854836226440966,0.0,0.0,0.0,0.0,0.0,0.92
1709,0.2213,6.466877460479736,4.629353974397143e-06,7740892.0,134.1875,101.0,161.75,0.125,118.375,101.0,141.0,0.75,0.25,0.75,0.25,0.5,5.382048327475786,2.200266905128956,0.0,0.0,0.0,0.0,0.0,0.92
1710,0.13,1.7372382879257202,4.5995832092884795e-06,7745342.0,133.875,118.75,150.25,0.0,133.875,118.75,150.25,0.8125,0.125,0.8125,0.125,0.75,2.9165218472480774,1.1892699031159282,0.0,0.0,0.0,0.0,0.0,0.92
1711,0.0415,0.8641684055328369,4.5698124441798155e-06,7749683.0,131.3125,123.0,140.0,0.0,131.3125,123.0,140.0,0.875,0.14433756470680237,0.875,0.14433756470680237,0.75,0.185586616396904,0.09558566100895405,0.0,0.0,0.0,0.0,0.0,0.92
1712,0.2642,1.6230664253234863,4.540041679071152e-06,7754177.0,138.875,118.25,178.75,0.0625,130.91666793823242,118.25,147.75,0.1875,0.26933756470680237,0.1875,0.26933756470680237,0.5,7.6506321877241135,2.653866585344076,0.0,0.0,0.0,0.0,0.0,0.92
1713,0.1663,2.699108839035034,4.510270913962489e-06,7759608.0,185.1875,154.25,206.25,0.1875,182.0,154.25,202.0,0.3125,0.125,0.3125,0.125,0.75,10.189455591142178,4.49301590025425,0.0,0.0,0.0,0.0,0.0,0.92
1714,0.1856,1.6860796213150024,4.480500148853826e-06,7765143.0,186.9375,155.0,220.5,0.3125,162.58333587646484,155.0,169.5,0.25,0.0,0.25,0.0,1.0,9.205352880060673,3.7486686278134584,0.0,0.0,0.0,0.0,0.0,0.92
1715,0.0892,2.130091428756714,4.450729383745163e-06,7769335.0,125.0,119.75,137.25,0.0,125.0,119.75,137.25,0.9375,0.125,0.9375,0.125,0.75,0.5605050437152386,0.2817662451416254,0.0,0.0,0.0,0.0,0.0,0.92
1716,0.6849,6.51508092880249,4.420958618636499e-06,7774446.0,177.4375,136.75,256.0,0.3125,148.45833587646484,136.75,167.25,0.375,0.25,0.375,0.25,0.5,17.2275333404541,6.415499031543732,0.0,0.0,0.0,0.0,0.0,0.92
1717,0.1293,0.022075094282627106,4.391187853527836e-06,7778583.0,120.5625,106.5,141.0,0.0625,115.04166793823242,106.5,121.25,0.875,0.14433756470680237,0.875,0.14433756470680237,0.75,4.712153557687998,1.590660059824586,0.0,0.0,0.0,0.0,0.0,0.92
1718,0.0702,2.5493924617767334,4.3614170884191725e-06,7783510.0,153.6875,132.75,170.0,0.125,145.5,132.75,157.75,0.5625,0.125,0.5625,0.125,0.75,3.676209270954132,1.9062173832207918,0.0,0.0,0.0,0.0,0.0,0.92
1719,0.1721,4.355600833892822,4.331646323310509e-06,7787787.0,122.5625,100.25,145.75,0.0625,115.4375,100.25,128.75,0.9375,0.125,0.9375,0.125,0.75,1.8745371252298355,0.8317636623978615,0.0,0.0,0.0,0.0,0.0,0.92
1720,0.1085,0.025211960077285767,4.301875558201846e-06,7792022.0,128.1875,109.5,144.25,0.125,119.625,109.5,128.75,0.5625,0.125,0.5625,0.125,0.75,3.1229177862405777,1.3151792511343956,0.0,0.0,0.0,0.0,0.0,0.92
1721,0.0041,0.022156642749905586,4.272104793093182e-06,7795617.0,89.6875,86.25,96.25,0.0,89.6875,86.25,96.25,1.0,0.0,1.0,0.0,1.0,0.20523185655474663,0.10988703742623329,0.0,0.0,0.0,0.0,0.0,0.92
1722,0.1712,0.030903637409210205,4.24233402798452e-06,7800303.0,144.625,126.0,162.5,0.125,130.5,126.0,134.25,0.625,0.14433756470680237,0.625,0.14433756470680237,0.75,1.9430969208478928,0.8887292090803385,0.0,0.0,0.0,0.0,0.0,0.92
1723,0.2407,1.9532912969589233,4.212563262875857e-06,7805377.0,163.625,126.0,222.25,0.25,139.0833339691162,126.0,151.0,0.5625,0.375,0.5625,0.375,0.25,9.790881235152483,3.510808400809765,0.0,0.0,0.0,0.0,0.0,0.93
1724,0.4392,5.029430389404297,4.182792497767193e-06,7809968.0,128.6875,89.5,172.0,0.125,108.4375,89.5,137.25,0.75,0.28867512941360474,0.75,0.28867512941360474,0.5,5.3085455521941185,2.4237128850072622,0.0,0.0,0.0,0.0,0.0,0.93
1725,0.2916,4.047109127044678,4.1530217326585295e-06,7815520.0,202.0,170.25,242.5,0.1875,189.37500381469727,170.25,220.75,0.375,0.25,0.375,0.25,0.5,10.879002042114735,4.091811552643776,0.0,0.0,0.0,0.0,0.0,0.93
1726,-0.024,1.5704349279403687,4.123250967549866e-06,7820204.0,139.0,108.5,162.75,0.0625,133.54166793823242,108.5,155.0,0.625,0.25,0.625,0.25,0.5,5.187589913606644,2.2062234580516815,0.0,0.0,0.0,0.0,0.0,0.93
1727,0.3008,1.3949122428894043,4.093480202441203e-06,7825273.0,173.0625,138.75,192.25,0.25,155.25,138.75,171.25,0.625,0.39433756470680237,0.625,0.39433756470680237,0.25,6.264487437903881,2.5662408228963614,0.0,0.0,0.0,0.0,0.0,0.93
1728,0.1337,1.6309185028076172,4.06370943733254e-06,7830101.0,145.0,127.25,180.0,0.0,145.0,127.25,180.0,0.3125,0.125,0.3125,0.125,0.75,4.964100249111652,2.57547802105546,0.0,0.0,0.0,0.0,0.0,0.93
1729,0.081,3.0963664054870605,4.033938672223876e-06,7834349.0,134.25,121.0,152.25,0.0625,130.10416793823242,121.0,140.0,0.875,0.14433756470680237,0.875,0.14433756470680237,0.75,2.3731859885156155,0.9341704584658146,0.0,0.0,0.0,0.0,0.0,0.93
1730,0.0048,0.03852897882461548,4.004167907115213e-06,7838125.0,105.25,101.25,110.75,0.0,105.25,101.25,110.75,1.0,0.0,1.0,0.0,1.0,0.2406683973968029,0.08851882256567478,0.0,0.0,0.0,0.0,0.0,0.93
1731,0.3417,3.3268747329711914,3.97439714200655e-06,7842325.0,122.5,81.75,158.5,0.125,103.875,81.75,132.75,0.5,0.28867512941360474,0.5,0.28867512941360474,0.5,10.619662869721651,3.8731344044208527,0.0,0.0,0.0,0.0,0.0,0.93
1732,-0.0241,1.5245126485824585,3.9446263768978865e-06,7846584.0,121.4375,104.0,143.75,0.0,121.4375,104.0,143.75,0.5625,0.26933756470680237,0.5625,0.26933756470680237,0.5,0.8085562959313393,0.34625834226608276,0.0,0.0,0.0,0.0,0.0,0.93
1733,-0.0022,2.7336254119873047,3.914855611789223e-06,7850656.0,116.25,109.25,125.0,0.0,116.25,109.25,125.0,0.6875,0.125,0.6875,0.125,0.75,0.6175261214375496,0.37129848077893257,0.0,0.0,0.0,0.0,0.0,0.93
1734,0.5112,7.274707794189453,3.885084846680559e-06,7856211.0,184.6875,110.75,234.75,0.3125,144.14583587646484,110.75,174.0,0.4375,0.26933756470680237,0.4375,0.26933756470680237,0.5,14.35114799067378,5.266489993780851,0.0,0.0,0.0,0.0,0.0,0.93
1735,0.2356,3.5030059814453125,3.855314081571896e-06,7860764.0,137.5625,116.75,157.5,0.0625,134.83333587646484,116.75,155.75,0.625,0.14433756470680237,0.625,0.14433756470680237,0.75,8.697222527116537,3.138033404946327,0.0,0.0,0.0,0.0,0.0,0.93
1736,0.0875,0.01185668259859085,3.825543316463234e-06,7864767.0,114.4375,91.75,133.75,0.0,114.4375,91.75,133.75,0.75,0.25,0.75,0.25,0.5,2.7748708315193653,1.1907694637775421,0.0,0.0,0.0,0.0,0.0,0.93
1737,0.2969,4.955432415008545,3.79577255135457e-06,7869089.0,134.625,106.5,174.25,0.125,122.00000190734863,106.5,143.5,0.25,0.25,0.25,0.25,0.5,6.606819398701191,2.20674816891551,0.0,0.0,0.0,0.0,0.0,0.93
1738,0.225,9.004266738891602,3.7660017862459067e-06,7873106.0,122.3125,102.5,142.75,0.1875,110.5,102.5,127.0,0.625,0.14433756470680237,0.625,0.14433756470680237,0.75,6.877144820988178,2.6677806712687016,0.0,0.0,0.0,0.0,0.0,0.93
1739,0.1478,2.7073428630828857,3.736231021137243e-06,7877483.0,137.0625,102.5,158.5,0.0,137.0625,102.5,158.5,0.75,0.25,0.75,0.25,0.5,7.383747041225433,2.5023015160113573,0.0,0.0,0.0,0.0,0.0,0.93
1740,0.2518,4.554723262786865,3.70646025602858e-06,7882524.0,173.5625,135.0,227.25,0.125,159.0,135.0,180.0,0.25,0.0,0.25,0.0,1.0,12.171100672334433,5.033132784068584,0.0,0.0,0.0,0.0,0.0,0.93
1741,0.0465,0.15063807368278503,3.6766894909199173e-06,7887056.0,127.5,108.25,148.75,0.0625,123.10416793823242,108.25,136.25,0.625,0.14433756470680237,0.625,0.14433756470680237,0.75,2.413949079811573,1.0076904706656933,0.0,0.0,0.0,0.0,0.0,0.94
1742,0.2514,0.0966382548213005,3.6469187258112532e-06,7891685.0,156.3125,117.0,182.0,0.1875,140.91666793823242,117.0,165.5,0.3125,0.125,0.3125,0.125,0.75,8.98627806454897,3.9084312319755554,0.0,0.0,0.0,0.0,0.0,0.94
1743,0.2529,0.18557336926460266,3.61714796070259e-06,7896696.0,163.4375,126.25,200.25,0.1875,140.33333587646484,126.25,160.25,0.5,0.0,0.5,0.0,1.0,12.658363081514835,4.919507645070553,0.0,0.0,0.0,0.0,0.0,0.94
1744,0.1146,4.028040409088135,3.5873771955939273e-06,7900999.0,120.1875,104.0,146.0,0.0625,113.35416793823242,104.0,126.25,0.75,0.0,0.75,0.0,1.0,5.596786197274923,2.227184195071459,0.0,0.0,0.0,0.0,0.0,0.94
1745,0.0117,0.10661160945892334,3.5576064304852633e-06,7905448.0,141.5625,134.0,151.75,0.0,141.5625,134.0,151.75,0.9375,0.125,0.9375,0.125,0.75,0.9503374733030796,0.3290209509432316,0.0,0.0,0.0,0.0,0.0,0.94
1746,0.2243,3.974353790283203,3.5278356653766006e-06,7910156.0,156.25,115.75,186.75,0.25,128.1875,115.75,139.75,0.625,0.14433756470680237,0.625,0.14433756470680237,0.75,9.390741057693958,3.796234518289566,0.0,0.0,0.0,0.0,0.0,0.94
1747,0.0978,2.143097400665283,3.4980649002679366e-06,7915379.0,147.6875,124.25,166.25,0.0,147.6875,124.25,166.25,0.625,0.25,0.625,0.25,0.5,3.8624934889376163,1.5446855798363686,0.0,0.0,0.0,0.0,0.0,0.94
1748,0.0043,0.016198597848415375,3.468294135159274e-06,7919217.0,115.125,105.5,122.75,0.0,115.125,105.5,122.75,0.75,0.0,0.75,0.0,1.0,0.21681300923228264,0.10998003371059895,0.0,0.0,0.0,0.0,0.0,0.94
1749,0.0699,0.005627379287034273,3.4385233700506107e-06,7923582.0,122.3125,116.75,133.25,0.0,122.3125,116.75,133.25,0.8125,0.125,0.8125,0.125,0.75,1.9761448241770267,0.8354513645172119,0.0,0.0,0.0,0.0,0.0,0.94
1750,0.3937,13.891536712646484,3.408752604941947e-06,7928748.0,175.875,151.25,207.5,0.375,153.9375,151.25,156.25,0.5625,0.26933756470680237,0.5625,0.26933756470680237,0.5,10.295735776424408,4.4707761108875275,0.0,0.0,0.0,0.0,0.0,0.94
1751,0.297,5.5725226402282715,3.378981839833284e-06,7933990.0,164.875,129.75,209.5,0.125,155.0,129.75,179.5,0.4375,0.125,0.4375,0.125,0.75,9.929840981960297,3.6040021032094955,0.0,0.0,0.0,0.0,0.0,0.94
1752,0.0897,4.378623962402344,3.3492110747246204e-06,7937935.0,105.0625,77.75,139.25,0.0625,97.91666793823242,77.75,120.5,0.5625,0.26933756470680237,0.5625,0.26933756470680237,0.5,2.037672534584999,1.0341045781970024,0.0,0.0,0.0,0.0,0.0,0.94
1753,0.2256,7.467949390411377,3.319440309615957e-06,7942382.0,138.4375,109.25,183.25,0.125,127.18750381469727,109.25,147.25,0.5,0.25,0.5,0.25,0.5,6.125420406460762,3.1337762996554375,0.0,0.0,0.0,0.0,0.0,0.94
1754,0.0045,0.025847524404525757,3.289669544507294e-06,7946503.0,105.5625,104.5,108.75,0.0,105.5625,104.5,108.75,0.75,0.0,0.75,0.0,1.0,0.22575204819440842,0.10296960640698671,0.0,0.0,0.0,0.0,0.0,0.94
1755,0.0054,0.012453466653823853,3.2598987793986305e-06,7950193.0,91.125,89.5,93.25,0.0,91.125,89.5,93.25,1.0,0.0,1.0,0.0,1.0,0.2689515948295593,0.12096546217799187,0.0,0.0,0.0,0.0,0.0,0.94
1756,0.2749,2.414353370666504,3.2301280142899673e-06,7954649.0,143.5,110.0,176.0,0.125,126.625,110.0,148.25,0.5,0.39433756470680237,0.5,0.39433756470680237,0.25,8.298151146620512,3.1895470395684242,0.0,0.0,0.0,0.0,0.0,0.94
1757,0.3773,3.3686046600341797,3.2003572491813046e-06,7959435.0,177.375,118.25,229.75,0.25,151.8125,118.25,199.5,0.125,0.14433756470680237,0.125,0.14433756470680237,0.75,12.383180506527424,4.393758652731776,0.0,0.0,0.0,0.0,0.0,0.94
1758,0.1549,3.488433599472046,3.1705864840726406e-06,7964399.0,174.0,145.0,197.5,0.25,155.3125,145.0,165.75,0.3125,0.125,0.3125,0.125,0.75,7.540679924190044,3.336376655846834,0.0,0.0,0.0,0.0,0.0,0.94
1759,0.1037,3.470015525817871,3.140815718963978e-06,7968935.0,142.0,118.75,153.0,0.1875,123.625,118.75,128.5,0.75,0.0,0.75,0.0,1.0,5.289950989186764,2.5070398077368736,0.0,0.0,0.0,0.0,0.0,0.94
1760,0.2175,4.027710914611816,3.1110449538553142e-06,7974024.0,169.8125,148.5,187.0,0.3125,153.625,148.5,159.75,0.625,0.14433756470680237,0.625,0.14433756470680237,0.75,5.380923446267843,2.5701893009245396,0.0,0.0,0.0,0.0,0.0,0.95
1761,0.0806,5.773890018463135,3.081274188746651e-06,7978331.0,124.1875,91.25,173.75,0.0,124.1875,91.25,173.75,0.625,0.25,0.625,0.25,0.5,4.753865726292133,2.1839458271861076,0.0,0.0,0.0,0.0,0.0,0.95
1762,0.3852,2.0047247409820557,3.0515034236379875e-06,7982536.0,121.0625,101.0,156.0,0.0,121.0625,101.0,156.0,0.5625,0.26933756470680237,0.5625,0.26933756470680237,0.5,8.41689346730709,3.5319427773356438,0.0,0.0,0.0,0.0,0.0,0.95
1763,0.0649,4.2087626457214355,3.0217326585293243e-06,7987152.0,147.75,125.0,163.75,0.125,141.9375,125.0,163.25,0.625,0.14433756470680237,0.625,0.14433756470680237,0.75,4.982341155409813,2.1118370071053505,0.0,0.0,0.0,0.0,0.0,0.95
1764,0.1071,5.670942306518555,2.991961893420661e-06,7991087.0,118.9375,109.75,143.25,0.0625,112.3125,109.75,118.0,0.875,0.14433756470680237,0.875,0.14433756470680237,0.75,1.5758733227849007,0.6893204264342785,0.0,0.0,0.0,0.0,0.0,0.95
1765,0.1372,3.3771796226501465,2.9621911283119976e-06,7995749.0,147.125,99.25,184.75,0.25,117.4375,99.25,135.75,0.3125,0.125,0.3125,0.125,0.75,8.928876109421253,3.6851131319999695,0.0,0.0,0.0,0.0,0.0,0.95
1766,0.2981,1.3674464225769043,2.9324203632033344e-06,8000917.0,159.5,129.5,198.0,0.1875,148.0625,129.5,182.75,0.4375,0.375,0.4375,0.375,0.25,3.8950964137911797,1.6331298239529133,0.0,0.0,0.0,0.0,0.0,0.95
1767,-0.0033,0.025535672903060913,2.902649598094671e-06,8005330.0,126.3125,85.5,166.0,0.0625,117.625,85.5,135.5,0.8125,0.26933756470680237,0.8125,0.26933756470680237,0.5,3.806913450360298,1.5274003446102142,0.0,0.0,0.0,0.0,0.0,0.95
1768,0.1766,8.837810516357422,2.872878832986008e-06,8010135.0,162.5625,124.0,199.75,0.125,152.9375,124.0,186.5,0.5625,0.5580126941204071,0.5625,0.5580126941204071,0.0,9.261518120765686,4.140878856182098,0.0,0.0,0.0,0.0,0.0,0.95
1769,0.259,0.01523278933018446,2.8431080678773445e-06,8015402.0,181.9375,145.25,214.5,0.1875,166.3125,145.25,186.25,0.375,0.25,0.375,0.25,0.5,4.29513306170702,2.108592964708805,0.0,0.0,0.0,0.0,0.0,0.95
1770,-0.0977,0.010171876288950443,2.8133373027686814e-06,8019305.0,102.6875,96.25,120.0,0.0,102.6875,96.25,120.0,0.8125,0.125,0.8125,0.125,0.75,0.19210468977689743,0.11153220757842064,0.0,0.0,0.0,0.0,0.0,0.95
1771,0.368,5.075117111206055,2.7835665376600178e-06,8023831.0,140.375,106.5,185.25,0.1875,117.72916793823242,106.5,134.5,0.5,0.39433756470680237,0.5,0.39433756470680237,0.25,5.65314794331789,2.48140125349164,0.0,0.0,0.0,0.0,0.0,0.95
1772,0.1386,4.1797919273376465,2.7537957725513546e-06,8028416.0,136.5625,106.5,156.75,0.125,124.9375,106.5,146.5,0.5625,0.26933756470680237,0.5625,0.26933756470680237,0.5,7.08992038667202,3.001727044582367,0.0,0.0,0.0,0.0,0.0,0.95
1773,0.0206,1.819454550743103,2.7240250074426915e-06,8033234.0,147.375,122.75,178.25,0.25,127.25,122.75,129.5,0.6875,0.125,0.6875,0.125,0.75,3.9142479822039604,1.9138079397380352,0.0,0.0,0.0,0.0,0.0,0.95
1774,-0.0015,2.757810592651367,2.694254242334028e-06,8037514.0,126.0,120.5,131.25,0.0,126.0,120.5,131.25,0.75,0.25,0.75,0.25,0.5,1.2140458151698112,0.6404693722724915,0.0,0.0,0.0,0.0,0.0,0.95
1775,-0.0006,0.024855276569724083,2.6644834772253647e-06,8041460.0,120.875,110.0,142.25,0.0,120.875,110.0,142.25,0.6875,0.125,0.6875,0.125,0.75,0.2406901717185974,0.20016178861260414,0.0,0.0,0.0,0.0,0.0,0.95
1776,0.1185,0.015163121744990349,2.6347127121167016e-06,8045591.0,113.9375,104.5,123.5,0.0625,110.89583587646484,104.5,122.25,0.8125,0.125,0.8125,0.125,0.75,3.563583981245756,1.2606443837285042,0.0,0.0,0.0,0.0,0.0,0.95
1777,0.0803,2.3693559169769287,2.6049419470080384e-06,8049455.0,93.0,84.0,103.25,0.0,93.0,84.0,103.25,0.875,0.14433756470680237,0.875,0.14433756470680237,0.75,0.9216010384261608,0.5844584293663502,0.0,0.0,0.0,0.0,0.0,0.95
1778,0.1581,2.185537338256836,2.575171181899375e-06,8054227.0,153.25,123.75,203.0,0.125,141.29166793823242,123.75,166.0,0.6875,0.26933756470680237,0.6875,0.26933756470680237,0.5,6.238345347344875,2.129505969583988,0.0,0.0,0.0,0.0,0.0,0.95
1779,0.2461,2.7089383602142334,2.5454004167907117e-06,8059875.0,169.25,124.5,211.25,0.1875,149.0,124.5,184.25,0.125,0.14433756470680237,0.125,0.14433756470680237,0.75,8.81880833953619,3.844643283635378,0.0,0.0,0.0,0.0,0.0,0.96
1780,0.2657,2.447089672088623,2.5156296516820485e-06,8064180.0,118.5625,99.25,158.75,0.0625,109.41666793823242,99.25,123.5,0.625,0.14433756470680237,0.625,0.14433756470680237,0.75,7.278525196015835,3.3798654451966286,0.0,0.0,0.0,0.0,0.0,0.96
1781,-0.0297,2.0145339965820312,2.4858588865733853e-06,8067997.0,104.8125,92.5,120.0,0.0,104.8125,92.5,120.0,0.9375,0.125,0.9375,0.125,0.75,0.2638145163655281,0.15549947693943977,0.0,0.0,0.0,0.0,0.0,0.96
1782,0.2327,1.5735622644424438,2.4560881214647217e-06,8072702.0,152.5625,118.25,196.0,0.125,140.16666793823242,118.25,161.25,0.3125,0.125,0.3125,0.125,0.75,9.011215627193451,3.6763550620526075,0.0,0.0,0.0,0.0,0.0,0.96
1783,-0.0381,5.682178020477295,2.4263173563560586e-06,8076042.0,85.0,71.0,119.25,0.0625,74.39583396911621,71.0,78.75,0.9375,0.125,0.9375,0.125,0.75,1.9217447265982628,1.009742509573698,0.0,0.0,0.0,0.0,0.0,0.96
1784,0.1223,2.9872193336486816,2.396546591247395e-06,8080281.0,123.9375,109.5,141.5,0.0,123.9375,109.5,141.5,0.8125,0.26933756470680237,0.8125,0.26933756470680237,0.5,3.8441190645098686,1.5388000532984734,0.0,0.0,0.0,0.0,0.0,0.96
1785,0.0039,0.02404971234500408,2.366775826138732e-06,8084075.0,103.125,98.75,110.0,0.0,103.125,98.75,110.0,1.0,0.0,1.0,0.0,1.0,0.19673005491495132,0.09795846417546272,0.0,0.0,0.0,0.0,0.0,0.96
1786,0.2914,2.7431585788726807,2.3370050610300687e-06,8088460.0,143.3125,103.75,181.25,0.0625,138.20833587646484,103.75,180.5,0.375,0.14433756470680237,0.375,0.14433756470680237,0.75,7.152521535754204,3.4077235348522663,0.0,0.0,0.0,0.0,0.0,0.96
1787,0.3576,2.774075746536255,2.307234295921405e-06,8092956.0,137.5,112.75,198.0,0.125,120.12500190734863,112.75,130.5,0.8125,0.26933756470680237,0.8125,0.26933756470680237,0.5,3.550993524491787,1.682278472930193,0.0,0.0,0.0,0.0,0.0,0.96
1788,0.013,1.634782075881958,2.277463530812742e-06,8096870.0,109.625,99.25,120.0,0.0,109.625,99.25,120.0,0.9375,0.125,0.9375,0.125,0.75,0.20731980353593826,0.15431919507682323,0.0,0.0,0.0,0.0,0.0,0.96
1789,0.3221,0.12513557076454163,2.2476927657040788e-06,8101417.0,144.1875,116.25,183.75,0.0625,142.33333587646484,116.25,182.0,0.8125,0.26933756470680237,0.8125,0.26933756470680237,0.5,4.380922898650169,1.9690375626087189,0.0,0.0,0.0,0.0,0.0,0.96
1790,0.0038,2.509713649749756,2.2179220005954156e-06,8106074.0,141.0625,115.0,164.5,0.0625,135.20833587646484,115.0,152.5,0.6875,0.125,0.6875,0.125,0.75,2.7557335682213306,1.2244171872735023,0.0,0.0,0.0,0.0,0.0,0.96
1791,0.2498,0.7228291034698486,2.188151235486752e-06,8110747.0,145.5625,119.5,170.25,0.0,145.5625,119.5,170.25,0.5,0.25,0.5,0.25,0.5,5.546020425856113,2.4759975969791412,0.0,0.0,0.0,0.0,0.0,0.96
1792,0.2448,0.027333887293934822,2.158380470378089e-06,8115121.0,128.125,109.5,151.25,0.0625,120.72916793823242,109.5,135.5,0.4375,0.26933756470680237,0.4375,0.26933756470680237,0.5,4.632851168513298,1.7870225012302399,0.0,0.0,0.0,0.0,0.0,0.96
1793,0.0035,0.005328720901161432,2.1286097052694257e-06,8119419.0,124.625,119.5,129.5,0.0,124.625,119.5,129.5,1.0,0.0,1.0,0.0,1.0,0.17277936078608036,0.09955889731645584,0.0,0.0,0.0,0.0,0.0,0.96
1794,0.0097,0.02089589834213257,2.098838940160762e-06,8124553.0,159.875,133.5,195.25,0.0625,150.72916793823242,133.5,163.0,0.75,0.25,0.75,0.25,0.5,1.7603466995060444,0.9269879385828972,0.0,0.0,0.0,0.0,0.0,0.96
1795,0.1365,3.702181816101074,2.069068175052099e-06,8128337.0,103.75,93.75,126.25,0.0,103.75,93.75,126.25,0.9375,0.125,0.9375,0.125,0.75,1.806508757174015,0.6561355851590633,0.0,0.0,0.0,0.0,0.0,0.96
1796,0.332,2.020937442779541,2.0392974099434354e-06,8132969.0,154.0,127.5,181.75,0.0625,151.60416793823242,127.5,173.75,0.5,0.28867512941360474,0.5,0.28867512941360474,0.5,10.546531692147255,4.275614731013775,0.0,0.0,0.0,0.0,0.0,0.96
1797,0.0518,3.6540558338165283,2.0095266448347726e-06,8136880.0,105.4375,99.5,111.0,0.0,105.4375,99.5,111.0,0.8125,0.26933756470680237,0.8125,0.26933756470680237,0.5,0.8440253213047981,0.45122221671044827,0.0,0.0,0.0,0.0,0.0,0.97
1798,0.1777,2.4195356369018555,1.979755879726109e-06,8140592.0,107.0,86.5,144.25,0.0625,100.58333587646484,86.5,125.5,0.75,0.28867512941360474,0.75,0.28867512941360474,0.5,2.686007261276245,1.1323585165664554,0.0,0.0,0.0,0.0,0.0,0.97
1799,0.1928,3.4113340377807617,1.949985114617446e-06,8145646.0,164.625,112.25,195.75,0.0625,157.95833587646484,112.25,189.25,0.625,0.14433756470680237,0.625,0.14433756470680237,0.75,6.136719770729542,2.5453322529792786,0.0,0.0,0.0,0.0,0.0,0.97
1800,0.2483,0.6573024392127991,1.9202143495087823e-06,8149700.0,120.875,103.5,154.25,0.0625,111.1875,103.5,123.25,0.6875,0.26933756470680237,0.6875,0.26933756470680237,0.5,3.5864559672772884,1.268889270722866,0.0,0.0,0.0,0.0,0.0,0.97
1801,0.1971,2.7641618251800537,1.8904435844001194e-06,8154304.0,139.0,108.0,191.25,0.0625,128.0625,108.0,151.5,0.5,0.28867512941360474,0.5,0.28867512941360474,0.5,6.894497390836477,2.1688048634678125,0.0,0.0,0.0,0.0,0.0,0.97
1802,0.0621,3.076549530029297,1.860672819291456e-06,8158119.0,100.6875,89.25,112.5,0.0,100.6875,89.25,112.5,0.625,0.14433756470680237,0.625,0.14433756470680237,0.75,2.3790438398718834,1.0146339852362871,0.0,0.0,0.0,0.0,0.0,0.97
1803,0.2516,5.295982837677002,1.8309020541827926e-06,8162569.0,137.625,114.0,181.0,0.125,123.83333587646484,114.0,142.0,0.6875,0.125,0.6875,0.125,0.75,3.9225720912218094,1.8649511765688658,0.0,0.0,0.0,0.0,0.0,0.97
1804,0.1324,4.4187445640563965,1.8011312890741293e-06,8166977.0,139.75,98.0,156.25,0.1875,106.9375,98.0,112.5,0.5,0.0,0.5,0.0,1.0,6.730877086520195,2.4578025117516518,0.0,0.0,0.0,0.0,0.0,0.97
1805,0.4908,5.209444999694824,1.7713605239654659e-06,8171850.0,158.0625,117.25,220.0,0.125,148.64583587646484,117.25,196.5,0.5,0.5,0.5,0.5,0.0,7.662038803100586,3.140062600374222,0.0,0.0,0.0,0.0,0.0,0.97
1806,0.1577,0.05564169958233833,1.7415897588568027e-06,8175959.0,116.5625,104.5,133.5,0.0,116.5625,104.5,133.5,0.9375,0.125,0.9375,0.125,0.75,3.4911545366048813,1.1975673325359821,0.0,0.0,0.0,0.0,0.0,0.97
1807,0.1567,5.401792049407959,1.7118189937481393e-06,8180082.0,124.6875,102.75,141.25,0.125,112.625,102.75,124.5,0.75,0.0,0.75,0.0,1.0,7.8354970663785934,2.697694666683674,0.0,0.0,0.0,0.0,0.0,0.97
1808,-0.0378,6.346368789672852,1.682048228639476e-06,8185438.0,163.75,135.0,194.25,0.0625,158.85416793823242,135.0,177.0,0.375,0.25,0.375,0.25,0.5,3.431969568133354,1.6284144520759583,0.0,0.0,0.0,0.0,0.0,0.97
1809,0.1144,5.735032081604004,1.6522774635308126e-06,8190479.0,160.8125,134.75,184.75,0.0625,158.04166793823242,134.75,176.5,0.375,0.25,0.375,0.25,0.5,8.15317503362894,3.2171693295240402,0.0,0.0,0.0,0.0,0.0,0.97
1810,0.2438,3.8736746311187744,1.6225066984221497e-06,8194897.0,142.375,104.0,185.25,0.1875,115.47916793823242,104.0,130.0,0.625,0.14433756470680237,0.625,0.14433756470680237,0.75,9.006843820214272,3.2934333672747016,0.0,0.0,0.0,0.0,0.0,0.97
1811,0.071,1.6882812976837158,1.5927359333134863e-06,8199168.0,127.9375,120.5,130.5,0.25,63.9375,56.5,66.5,0.25,0.0,0.25,0.0,1.0,3.8826199620962143,1.1101938895881176,0.0,0.0,0.0,0.0,0.0,0.97
1812,0.2134,7.503696918487549,1.562965168204823e-06,8203604.0,148.0,125.75,182.5,0.0625,138.7083339691162,125.75,150.0,0.5625,0.41367512941360474,0.5625,0.41367512941360474,0.25,4.270216159522533,1.8400098569691181,0.0,0.0,0.0,0.0,0.0,0.97
1813,0.0054,0.03828051686286926,1.5331944030961597e-06,8207201.0,91.5625,81.75,97.75,0.0,91.5625,81.75,97.75,0.75,0.0,0.75,0.0,1.0,0.2719813212752342,0.16101518645882607,0.0,0.0,0.0,0.0,0.0,0.97
1814,0.2221,2.8568460941314697,1.5034236379874964e-06,8211255.0,114.875,88.25,140.25,0.125,95.9375,88.25,103.75,0.75,0.28867512941360474,0.75,0.28867512941360474,0.5,4.499041020870209,1.379882913082838,0.0,0.0,0.0,0.0,0.0,0.97
1815,0.1787,5.13568639755249,1.4736528728788332e-06,8216024.0,149.0625,132.75,171.0,0.0,149.0625,132.75,171.0,0.8125,0.26933756470680237,0.8125,0.26933756470680237,0.5,1.9234834238886833,0.8880968056619167,0.0,0.0,0.0,0.0,0.0,0.97
1816,-0.0191,0.04790491983294487,1.4438821077701698e-06,8220945.0,162.0625,158.75,166.25,0.25,98.0625,94.75,102.25,0.625,0.14433756470680237,0.625,0.14433756470680237,0.75,0.7129668965935707,0.37238385155797005,0.0,0.0,0.0,0.0,0.0,0.98
1817,0.5345,5.269200801849365,1.4141113426615065e-06,8225056.0,128.9375,90.5,165.75,0.1875,111.52083396911621,90.5,143.5,0.6875,0.26933756470680237,0.6875,0.26933756470680237,0.5,8.947312653064728,3.4922633543610573,0.0,0.0,0.0,0.0,0.0,0.98
1818,0.2732,1.483132243156433,1.384340577552843e-06,8230036.0,173.25,133.25,209.5,0.1875,161.20833587646484,133.25,195.75,0.3125,0.125,0.3125,0.125,0.75,9.385962516069412,3.3526597768068314,0.0,0.0,0.0,0.0,0.0,0.98
1819,0.2646,1.1294224262237549,1.35456981244418e-06,8233923.0,118.1875,94.25,158.0,0.0625,107.60416793823242,94.25,116.25,0.875,0.25,0.875,0.25,0.5,2.874030724167824,1.2314545009285212,0.0,0.0,0.0,0.0,0.0,0.98
1820,0.291,2.6254260540008545,1.3247990473355166e-06,8238411.0,143.0,115.75,159.75,0.1875,125.1875,115.75,136.0,0.4375,0.125,0.4375,0.125,0.75,12.381941452622414,4.48293099924922,0.0,0.0,0.0,0.0,0.0,0.98
1821,0.1814,0.09263637661933899,1.2950282822268532e-06,8242646.0,114.9375,93.25,137.25,0.0,114.9375,93.25,137.25,0.875,0.14433756470680237,0.875,0.14433756470680237,0.75,4.551050931215286,1.8097852040082216,0.0,0.0,0.0,0.0,0.0,0.98
1822,0.2201,0.2699018120765686,1.26525751711819e-06,8247655.0,169.5625,151.5,201.5,0.1875,169.0,151.5,200.75,0.6875,0.125,0.6875,0.125,0.75,2.626715637743473,1.020441934466362,0.0,0.0,0.0,0.0,0.0,0.98
1823,0.2888,2.42409348487854,1.2354867520095267e-06,8251727.0,121.5,88.5,161.0,0.0625,114.375,88.5,133.5,0.75,0.25,0.75,0.25,0.5,7.40417554974556,2.585852049291134,0.0,0.0,0.0,0.0,0.0,0.98
1824,0.0871,2.8838555812835693,1.2057159869008635e-06,8255814.0,125.4375,102.0,133.5,0.1875,102.75,102.0,103.25,0.6875,0.125,0.6875,0.125,0.75,4.364347390830517,1.770469008013606,0.0,0.0,0.0,0.0,0.0,0.98
1825,0.1939,0.023380260914564133,1.1759452217922001e-06,8260183.0,134.0625,112.5,156.5,0.0625,127.0,112.5,149.25,0.8125,0.125,0.8125,0.125,0.75,5.212853386998177,2.209780966863036,0.0,0.0,0.0,0.0,0.0,0.98
1826,0.2607,0.01706361211836338,1.1461744566835368e-06,8264879.0,156.75,138.75,184.25,0.0625,148.6875,138.75,161.5,0.625,0.14433756470680237,0.625,0.14433756470680237,0.75,6.0314055643975735,1.854967026039958,0.0,0.0,0.0,0.0,0.0,0.98
1827,0.0918,1.0189735889434814,1.1164036915748734e-06,8269084.0,134.8125,105.25,151.0,0.125,121.25,105.25,137.25,0.6875,0.125,0.6875,0.125,0.75,4.417024843394756,1.852346658706665,0.0,0.0,0.0,0.0,0.0,0.98
1828,0.004,0.02067648246884346,1.0866329264662102e-06,8273415.0,122.9375,113.0,138.0,0.0,122.9375,113.0,138.0,1.0,0.0,1.0,0.0,1.0,0.20049981400370598,0.12816614657640457,0.0,0.0,0.0,0.0,0.0,0.98
1829,0.3256,6.438995838165283,1.0568621613575469e-06,8277700.0,128.0625,104.5,182.25,0.125,112.18750381469727,104.5,124.25,0.6875,0.125,0.6875,0.125,0.75,7.4756272211670876,2.620331570506096,0.0,0.0,0.0,0.0,0.0,0.98
1830,-0.0029,1.8094559907913208,1.0270913962488837e-06,8282650.0,164.625,128.0,195.5,0.125,149.0,128.0,167.25,0.6875,0.125,0.6875,0.125,0.75,2.920612283051014,1.8617298863828182,0.0,0.0,0.0,0.0,0.0,0.98
1831,0.3429,6.835053443908691,9.973206311402203e-07,8287110.0,134.5,108.5,199.75,0.125,114.97916793823242,108.5,127.75,0.625,0.25,0.625,0.25,0.5,4.731325745582581,1.8808871880173683,0.0,0.0,0.0,0.0,0.0,0.98
1832,0.0455,1.279171109199524,9.675498660315572e-07,8291752.0,143.375,126.75,166.5,0.0625,139.4375,126.75,153.5,0.5,0.0,0.5,0.0,1.0,2.184872753918171,1.0204260163009167,0.0,0.0,0.0,0.0,0.0,0.98
1833,0.2343,0.02214542031288147,9.377791009228938e-07,8296549.0,159.5625,130.5,172.5,0.1875,150.0,130.5,169.0,0.75,0.25,0.75,0.25,0.5,5.9969201274216175,2.0900332182645798,0.0,0.0,0.0,0.0,0.0,0.98
1834,0.3278,0.06860416382551193,9.080083358142305e-07,8301325.0,141.75,116.75,173.25,0.1875,128.27083587646484,116.75,148.25,0.75,0.28867512941360474,0.75,0.28867512941360474,0.5,6.843833953142166,2.464451752603054,0.0,0.0,0.0,0.0,0.0,0.98
1835,0.3582,2.923097848892212,8.782375707055672e-07,8306105.0,150.25,102.75,196.25,0.1875,135.45833587646484,102.75,173.5,0.375,0.25,0.375,0.25,0.5,12.067471757531166,4.749066321179271,0.0,0.0,0.0,0.0,0.0,0.99
1836,0.0993,5.256768703460693,8.48466805596904e-07,8310531.0,137.375,96.75,164.0,0.125,118.5625,96.75,139.25,0.5,0.25,0.5,0.25,0.5,5.801016580313444,2.0325699150562286,0.0,0.0,0.0,0.0,0.0,0.99
1837,0.1065,0.31555458903312683,8.186960404882406e-07,8314687.0,118.0,98.0,141.0,0.0625,111.20833587646484,98.0,134.25,0.75,0.0,0.75,0.0,1.0,5.265338629484177,1.8046350628137589,0.0,0.0,0.0,0.0,0.0,0.99
1838,0.4404,6.524220943450928,7.889252753795772e-07,8319273.0,138.875,117.0,181.25,0.0625,129.375,117.0,143.25,0.5,0.25,0.5,0.25,0.5,7.108255200088024,2.4370324574410915,0.0,0.0,0.0,0.0,0.0,0.99
1839,0.0041,0.018849318847060204,7.59154510270914e-07,8323308.0,112.1875,110.5,114.75,0.0,112.1875,110.5,114.75,1.0,0.0,1.0,0.0,1.0,0.20627042464911938,0.13125472329556942,0.0,0.0,0.0,0.0,0.0,0.99
1840,0.3572,2.32531476020813,7.293837451622507e-07,8328244.0,161.75,117.0,215.5,0.1875,143.97916793823242,117.0,183.25,0.5,0.25,0.5,0.25,0.5,7.683537930250168,3.0555047690868378,0.0,0.0,0.0,0.0,0.0,0.99
1841,0.2091,3.6344051361083984,6.996129800535874e-07,8333064.0,161.0,132.25,185.5,0.125,147.25,132.25,160.5,0.4375,0.26933756470680237,0.4375,0.26933756470680237,0.5,3.9142494834959507,1.6775041706860065,0.0,0.0,0.0,0.0,0.0,0.99
1842,0.0882,8.779264450073242,6.698422149449242e-07,8337197.0,119.8125,92.5,163.75,0.0,119.8125,92.5,163.75,0.375,0.25,0.375,0.25,0.5,3.9626919887959957,1.6943660750985146,0.0,0.0,0.0,0.0,0.0,0.99
1843,0.0639,3.035849094390869,6.400714498362608e-07,8341616.0,126.1875,95.0,170.5,0.0625,115.75,95.0,129.5,0.6875,0.375,0.6875,0.375,0.25,5.052616633474827,1.9098734259605408,0.0,0.0,0.0,0.0,0.0,0.99
1844,0.4892,5.68337869644165,6.103006847275975e-07,8345939.0,129.4375,108.75,181.0,0.0625,119.64583396911621,108.75,145.5,0.875,0.25,0.875,0.25,0.5,4.508147932589054,1.635897969827056,0.0,0.0,0.0,0.0,0.0,0.99
1845,0.0923,1.5122654438018799,5.805299196189343e-07,8350957.0,172.625,116.75,206.25,0.1875,152.04166793823242,116.75,175.0,0.4375,0.125,0.4375,0.125,0.75,6.078620471060276,2.2489108461886644,0.0,0.0,0.0,0.0,0.0,0.99
1846,0.0602,0.011665377765893936,5.50759154510271e-07,8356485.0,170.0,150.0,181.75,0.1875,153.6875,150.0,160.0,0.5,0.0,0.5,0.0,1.0,2.9422723948955536,1.2925225608050823,0.0,0.0,0.0,0.0,0.0,0.99
1847,0.2229,0.19026240706443787,5.209883894016076e-07,8360923.0,136.375,116.75,155.75,0.125,123.3125,116.75,130.5,0.625,0.14433756470680237,0.625,0.14433756470680237,0.75,5.594447538256645,2.0056610479950905,0.0,0.0,0.0,0.0,0.0,0.99
1848,0.1291,3.3244946002960205,4.912176242929443e-07,8365300.0,125.0625,102.5,140.5,0.125,114.875,102.5,129.25,0.4375,0.125,0.4375,0.125,0.75,5.154914557933807,2.201306516304612,0.0,0.0,0.0,0.0,0.0,0.99
1849,0.0605,4.334750175476074,4.6144685918428105e-07,8369642.0,123.875,99.25,159.0,0.0625,116.1875,99.25,133.75,0.8125,0.26933756470680237,0.8125,0.26933756470680237,0.5,2.885372668504715,1.1840611025691032,0.0,0.0,0.0,0.0,0.0,0.99
1850,0.2397,2.777226686477661,4.3167609407561773e-07,8374871.0,151.5625,127.25,180.75,0.125,138.625,127.25,155.5,0.6875,0.125,0.6875,0.125,0.75,6.560938887298107,2.675539451651275,0.0,0.0,0.0,0.0,0.0,0.99
1851,0.1098,3.922900676727295,4.0190532896695447e-07,8378957.0,122.625,82.75,154.25,0.125,106.1875,82.75,130.0,0.6875,0.125,0.6875,0.125,0.75,6.432581726461649,2.5029108189046383,0.0,0.0,0.0,0.0,0.0,0.99
1852,-0.0221,1.578322172164917,3.7213456385829115e-07,8383287.0,141.625,133.25,146.0,0.25,77.625,69.25,82.0,0.75,0.28867512941360474,0.75,0.28867512941360474,0.5,0.5250067431479692,0.30144840851426125,0.0,0.0,0.0,0.0,0.0,0.99
1853,0.0629,13.125192642211914,3.423637987496279e-07,8387707.0,138.0,118.75,157.25,0.0625,133.60416793823242,118.75,147.75,0.8125,0.26933756470680237,0.8125,0.26933756470680237,0.5,2.867423538118601,1.467963058501482,0.0,0.0,0.0,0.0,0.0,1.0
1854,0.4135,3.914778232574463,3.1259303364096456e-07,8392363.0,158.0,133.25,194.75,0.25,138.39583587646484,133.25,147.75,0.625,0.25,0.625,0.25,0.5,10.086716011166573,3.458950400352478,0.0,0.0,0.0,0.0,0.0,1.0
1855,0.3715,5.087214469909668,2.828222685323013e-07,8396361.0,107.125,82.75,144.5,0.0625,99.72916793823242,82.75,118.0,0.6875,0.26933756470680237,0.6875,0.26933756470680237,0.5,6.185284502804279,2.7869566157460213,0.0,0.0,0.0,0.0,0.0,1.0
1856,0.4068,3.594630718231201,2.5305150342363803e-07,8401414.0,174.5625,151.25,222.0,0.1875,163.2083339691162,151.25,189.5,0.5,0.25,0.5,0.25,0.5,8.956315180286765,3.3235867768526077,0.0,0.0,0.0,0.0,0.0,1.0
1857,0.0017,8.976478576660156,2.232807383149747e-07,8405958.0,138.25,113.0,157.5,0.125,120.125,113.0,126.5,0.8125,0.125,0.8125,0.125,0.75,4.09899977594614,1.5093746427446604,0.0,0.0,0.0,0.0,0.0,1.0
1858,0.0121,0.016960691660642624,1.935099732063114e-07,8410209.0,119.9375,116.5,122.5,0.0,119.9375,116.5,122.5,0.75,0.0,0.75,0.0,1.0,0.6064177677035332,0.3768461309373379,0.0,0.0,0.0,0.0,0.0,1.0
1859,0.0039,0.03260974958539009,1.6373920809764812e-07,8414234.0,114.0625,108.5,121.75,0.0,114.0625,108.5,121.75,1.0,0.0,1.0,0.0,1.0,0.19756119325757027,0.10105375573039055,0.0,0.0,0.0,0.0,0.0,1.0
1860,-0.0296,0.03244246169924736,1.3396844298898483e-07,8418656.0,122.625,104.5,149.5,0.0625,116.60416793823242,104.5,128.75,0.8125,0.125,0.8125,0.125,0.75,3.105343870818615,1.0153823979198933,0.0,0.0,0.0,0.0,0.0,1.0
1861,-0.0502,0.8034839034080505,1.0419767788032154e-07,8423029.0,128.5625,104.25,151.25,0.0,128.5625,104.25,151.25,0.8125,0.26933756470680237,0.8125,0.26933756470680237,0.5,1.662634715437889,0.6086769998073578,0.0,0.0,0.0,0.0,0.0,1.0
1862,0.2045,2.1439592838287354,7.442691277165823e-08,8427943.0,161.375,118.75,209.5,0.1875,139.8125,118.75,159.25,0.5,0.0,0.5,0.0,1.0,9.366113059222698,3.429062133654952,0.0,0.0,0.0,0.0,0.0,1.0
